id,created_at,ranking_position,title,artist,streams,genre,lyrics,album,year,duration_seg,language_variant,source,url_source,extra_data,lyrics_status,artist_gender
1,2026-03-05 18:56:08.534161+00,1.0,en la granja de mi tio,heykids,425847.0,infantil,,canciones infantiles,,184.0,es,deezer,https://www.deezer.com/track/2458668675,"{""pais"":""PY"",""posicion"":1,""es_infantil"":true,""deezer_album_id"":489143175,""deezer_track_id"":2458668675,""deezer_artist_id"":90040862,""artistas_secundarios"":[]}",completed,
2,2026-03-05 18:56:10.730938+00,2.0,duermetenino,musicanocheto,379828.0,reggaeton,,canciones de cuna y rimas infantiles,,102.0,es,deezer,https://www.deezer.com/track/469372882,"{""pais"":""PY"",""posicion"":9,""es_infantil"":true,""deezer_album_id"":58349972,""deezer_track_id"":469372882,""deezer_artist_id"":9807946,""artistas_secundarios"":[]}",error,
3,2026-03-05 18:56:12.757272+00,3.0,punaladas,lauta,604648.0,reggaeton,,punaladas,,139.0,es,deezer,https://www.deezer.com/track/3662009192,"{""pais"":""PY"",""posicion"":3,""es_infantil"":false,""deezer_album_id"":858544092,""deezer_track_id"":3662009192,""deezer_artist_id"":12205158,""artistas_secundarios"":[]}",completed,
4,2026-03-05 18:56:14.587758+00,4.0,la lechuza,el payaso plim plim,485905.0,rock,,las canciones de plim plim vol 2,,123.0,es,deezer,https://www.deezer.com/track/2256030397,"{""pais"":""PY"",""posicion"":4,""es_infantil"":false,""deezer_album_id"":434369707,""deezer_track_id"":2256030397,""deezer_artist_id"":282715661,""artistas_secundarios"":[]}",completed,
5,2026-03-05 18:56:16.579371+00,5.0,la villa,ryan castro,860907.0,reggaeton,,hopi sende,,194.0,es,deezer,https://www.deezer.com/track/3613707422,"{""pais"":""PY"",""posicion"":5,""es_infantil"":false,""deezer_album_id"":841932862,""deezer_track_id"":3613707422,""deezer_artist_id"":11815065,""artistas_secundarios"":[]}",completed,
6,2026-03-05 18:56:18.447624+00,6.0,estrellita donde estas,el payaso plim plim,550686.0,infantil,,las canciones de plim plim vol 2,,111.0,es,deezer,https://www.deezer.com/track/2256030407,"{""pais"":""PY"",""posicion"":6,""es_infantil"":true,""deezer_album_id"":434369707,""deezer_track_id"":2256030407,""deezer_artist_id"":282715661,""artistas_secundarios"":[]}",completed,
9,2026-03-05 18:56:23.874051+00,9.0,baile inolvidable,bad bunny,971935.0,reggaeton,,debi tirar mas fotos,,367.0,es,deezer,https://www.deezer.com/track/3171003001,"{""pais"":""PY"",""posicion"":9,""es_infantil"":false,""deezer_album_id"":693008911,""deezer_track_id"":3171003001,""deezer_artist_id"":10583405,""artistas_secundarios"":[]}",completed,
10,2026-03-05 18:56:25.716596+00,10.0,tu jardin con enanitos,roze oficial,563736.0,reggaeton,,tu jardin con enanitos,,175.0,es,deezer,https://www.deezer.com/track/3369144461,"{""pais"":""PY"",""posicion"":10,""es_infantil"":true,""deezer_album_id"":757459181,""deezer_track_id"":3369144461,""deezer_artist_id"":103896562,""artistas_secundarios"":[]}",completed,
11,2026-03-05 18:56:27.498047+00,11.0,dtmf,bad bunny,981279.0,reggaeton,,debi tirar mas fotos,,237.0,es,deezer,https://www.deezer.com/track/3171003131,"{""pais"":""PY"",""posicion"":11,""es_infantil"":false,""deezer_album_id"":693008911,""deezer_track_id"":3171003131,""deezer_artist_id"":10583405,""artistas_secundarios"":[]}",completed,
12,2026-03-05 18:56:29.280763+00,12.0,cuando no era cantante,el bogueto,755342.0,reggaeton,,cuando no era cantante,,327.0,es,deezer,https://www.deezer.com/track/3703400922,"{""pais"":""PY"",""posicion"":12,""es_infantil"":false,""deezer_album_id"":873052852,""deezer_track_id"":3703400922,""deezer_artist_id"":198777307,""artistas_secundarios"":[]}",completed,
13,2026-03-05 18:56:31.072872+00,13.0,eoo,bad bunny,979885.0,reggaeton,,debi tirar mas fotos,,204.0,es,deezer,https://www.deezer.com/track/3171003121,"{""pais"":""PY"",""posicion"":13,""es_infantil"":false,""deezer_album_id"":693008911,""deezer_track_id"":3171003121,""deezer_artist_id"":10583405,""artistas_secundarios"":[]}",completed,
15,2026-03-05 18:56:34.897293+00,15.0,amor de vago,la ty la m,575044.0,reggaeton,,amor de vago,,188.0,es,deezer,https://www.deezer.com/track/2934178271,"{""pais"":""PY"",""posicion"":15,""es_infantil"":false,""deezer_album_id"":625237831,""deezer_track_id"":2934178271,""deezer_artist_id"":118358452,""artistas_secundarios"":[]}",completed,
16,2026-03-05 18:56:36.791471+00,16.0,velda,bad bunny,959242.0,reggaeton,,debi tirar mas fotos,,235.0,es,deezer,https://www.deezer.com/track/3171003031,"{""pais"":""PY"",""posicion"":16,""es_infantil"":false,""deezer_album_id"":693008911,""deezer_track_id"":3171003031,""deezer_artist_id"":10583405,""artistas_secundarios"":[]}",completed,
17,2026-03-05 18:56:38.757098+00,17.0,p do pecado,grupo menos e mais,977984.0,reggaeton,,molho,,192.0,es,deezer,https://www.deezer.com/track/3329623921,"{""pais"":""PY"",""posicion"":17,""es_infantil"":false,""deezer_album_id"":744118141,""deezer_track_id"":3329623921,""deezer_artist_id"":54330242,""artistas_secundarios"":[]}",completed,
18,2026-03-05 18:56:40.540355+00,18.0,voy a llevarte pa pr,bad bunny,987630.0,reggaeton,,debi tirar mas fotos,,156.0,es,deezer,https://www.deezer.com/track/3171002991,"{""pais"":""PY"",""posicion"":18,""error_letra"":""No encontrada en Genius"",""es_infantil"":false,""deezer_album_id"":693008911,""deezer_track_id"":3171002991,""deezer_artist_id"":10583405,""artistas_secundarios"":[]}",completed,
19,2026-03-05 18:56:42.311388+00,19.0,pela ultima vez,grupo menos e mais,989814.0,reggaeton,,pela ultima vez,,162.0,es,deezer,https://www.deezer.com/track/3499654751,"{""pais"":""PY"",""posicion"":19,""es_infantil"":false,""deezer_album_id"":801876931,""deezer_track_id"":3499654751,""deezer_artist_id"":54330242,""artistas_secundarios"":[]}",completed,
21,2026-03-05 18:56:45.899198+00,21.0,mi refe,beele,801382.0,reggaeton,,mi refe,,160.0,es,deezer,https://www.deezer.com/track/3100867631,"{""pais"":""PY"",""posicion"":21,""es_infantil"":false,""deezer_album_id"":672597811,""deezer_track_id"":3100867631,""deezer_artist_id"":68358002,""artistas_secundarios"":[]}",completed,
22,2026-03-05 18:56:47.905405+00,22.0,nuevayol,bad bunny,977729.0,reggaeton,,debi tirar mas fotos,,183.0,es,deezer,https://www.deezer.com/track/3171002981,"{""pais"":""PY"",""posicion"":22,""es_infantil"":false,""deezer_album_id"":693008911,""deezer_track_id"":3171002981,""deezer_artist_id"":10583405,""artistas_secundarios"":[]}",completed,
23,2026-03-05 18:56:49.665694+00,23.0,coqueta,fuerza regida,751433.0,reggaeton,,mala mia,,241.0,es,deezer,https://www.deezer.com/track/3149529091,"{""pais"":""PY"",""posicion"":23,""es_infantil"":false,""deezer_album_id"":685889791,""deezer_track_id"":3149529091,""deezer_artist_id"":13916083,""artistas_secundarios"":[]}",completed,
24,2026-03-05 18:56:51.476984+00,24.0,relacion rota,myke towers,429074.0,reggaeton,,easy money baby,,160.0,es,deezer,https://www.deezer.com/track/857827232,"{""pais"":""PY"",""posicion"":24,""es_infantil"":false,""deezer_album_id"":127911322,""deezer_track_id"":857827232,""deezer_artist_id"":12029862,""artistas_secundarios"":[]}",completed,
25,2026-03-05 18:56:53.299317+00,25.0,la plena,w sound,927925.0,reggaeton,,la plena,,150.0,es,deezer,https://www.deezer.com/track/3241972661,"{""pais"":""PY"",""posicion"":25,""es_infantil"":false,""deezer_album_id"":715794531,""deezer_track_id"":3241972661,""deezer_artist_id"":167570077,""artistas_secundarios"":[]}",completed,
26,2026-03-05 18:56:55.087904+00,26.0,no tiene sentido,beele,840940.0,reggaeton,,borondo,,159.0,es,deezer,https://www.deezer.com/track/3353337101,"{""pais"":""PY"",""posicion"":26,""es_infantil"":false,""deezer_album_id"":752270291,""deezer_track_id"":3353337101,""deezer_artist_id"":68358002,""artistas_secundarios"":[]}",completed,
27,2026-03-05 18:56:56.870746+00,27.0,yo y tu,ovy on the drums,773308.0,reggaeton,,yo y tu,,198.0,es,deezer,https://www.deezer.com/track/3382134521,"{""pais"":""PY"",""posicion"":27,""es_infantil"":false,""deezer_album_id"":761709051,""deezer_track_id"":3382134521,""deezer_artist_id"":9477752,""artistas_secundarios"":[]}",completed,
28,2026-03-05 18:56:58.721075+00,28.0,tu vas sin,rels b,852246.0,reggaeton,,afrolova,,110.0,es,deezer,https://www.deezer.com/track/3407512021,"{""pais"":""PY"",""posicion"":28,""es_infantil"":false,""deezer_album_id"":770272221,""deezer_track_id"":3407512021,""deezer_artist_id"":10580067,""artistas_secundarios"":[]}",completed,
29,2026-03-05 18:57:00.512209+00,29.0,daddy yankee bzrp music sessions vol 0,bizarrap,945234.0,reggaeton,,daddy yankee bzrp music sessions vol 0,,151.0,es,deezer,https://www.deezer.com/track/3638389092,"{""pais"":""PY"",""posicion"":29,""es_infantil"":false,""deezer_album_id"":850435472,""deezer_track_id"":3638389092,""deezer_artist_id"":12487862,""artistas_secundarios"":[]}",completed,
31,2026-03-05 18:57:04.098346+00,31.0,primera cita,carin leon,475448.0,reggaeton,,colmillo de leche,,186.0,es,deezer,https://www.deezer.com/track/2727817081,"{""pais"":""PY"",""posicion"":31,""es_infantil"":false,""deezer_album_id"":566280821,""deezer_track_id"":2727817081,""deezer_artist_id"":14539467,""artistas_secundarios"":[]}",completed,
32,2026-03-05 18:57:05.984209+00,32.0,monaco,bad bunny,990651.0,reggaeton,,nadie sabe lo que va a pasar manana,,267.0,es,deezer,https://www.deezer.com/track/2496106371,"{""pais"":""PY"",""posicion"":32,""es_infantil"":false,""deezer_album_id"":499463651,""deezer_track_id"":2496106371,""deezer_artist_id"":10583405,""artistas_secundarios"":[]}",completed,
34,2026-03-05 18:57:13.668458+00,34.0,uwaie,max carra,510920.0,reggaeton,,uwaie,,162.0,es,deezer,https://www.deezer.com/track/3265159601,"{""pais"":""PY"",""posicion"":34,""es_infantil"":false,""deezer_album_id"":723059771,""deezer_track_id"":3265159601,""deezer_artist_id"":5964944,""artistas_secundarios"":[]}",completed,
35,2026-03-05 18:57:17.64393+00,35.0,si antes te hubiera conocido,karol g,981639.0,reggaeton,,si antes te hubiera conocido,,196.0,es,deezer,https://www.deezer.com/track/2846442802,"{""pais"":""PY"",""posicion"":35,""es_infantil"":false,""deezer_album_id"":601338932,""deezer_track_id"":2846442802,""deezer_artist_id"":5297021,""artistas_secundarios"":[]}",completed,
36,2026-03-05 18:57:21.428963+00,36.0,superestrella,aitana,689698.0,pop,,cuarto azul,,184.0,es,deezer,https://www.deezer.com/track/3380325281,"{""pais"":""PY"",""posicion"":36,""es_infantil"":false,""deezer_album_id"":761196781,""deezer_track_id"":3380325281,""deezer_artist_id"":11928391,""artistas_secundarios"":[]}",completed,
37,2026-03-05 18:57:25.250942+00,37.0,una historia importante,eros ramazzotti,209974.0,pop,,eros,,249.0,es,deezer,https://www.deezer.com/track/87677391,"{""pais"":""PY"",""posicion"":37,""es_infantil"":false,""deezer_album_id"":8851667,""deezer_track_id"":87677391,""deezer_artist_id"":938,""artistas_secundarios"":[]}",completed,
38,2026-03-05 18:57:29.078995+00,38.0,el club,bad bunny,931142.0,reggaeton,,debi tirar mas fotos,,222.0,es,deezer,https://www.deezer.com/track/3171003041,"{""pais"":""PY"",""posicion"":38,""es_infantil"":false,""deezer_album_id"":693008911,""deezer_track_id"":3171003041,""deezer_artist_id"":10583405,""artistas_secundarios"":[]}",completed,
39,2026-03-05 18:57:32.910065+00,39.0,la perla,rosalia,963236.0,reggaeton,,lux,,195.0,es,deezer,https://www.deezer.com/track/3640140952,"{""pais"":""PY"",""posicion"":39,""es_infantil"":false,""deezer_album_id"":851013072,""deezer_track_id"":3640140952,""deezer_artist_id"":554792,""artistas_secundarios"":[]}",completed,
41,2026-03-05 18:57:38.783393+00,41.0,dakiti,bad bunny,981990.0,reggaeton,,dakiti,,205.0,es,deezer,https://www.deezer.com/track/1122450992,"{""pais"":""PY"",""posicion"":41,""es_infantil"":false,""deezer_album_id"":182383222,""deezer_track_id"":1122450992,""deezer_artist_id"":10583405,""artistas_secundarios"":[]}",completed,
42,2026-03-05 18:57:42.676116+00,42.0,ensename a bailar,bad bunny,745053.0,reggaeton,,un verano sin ti,,176.0,es,deezer,https://www.deezer.com/track/1741494407,"{""pais"":""PY"",""posicion"":42,""es_infantil"":false,""deezer_album_id"":316164367,""deezer_track_id"":1741494407,""deezer_artist_id"":10583405,""artistas_secundarios"":[]}",completed,
48,2026-03-05 18:58:05.813115+00,48.0,ojitos lindos,bad bunny,922499.0,reggaeton,,un verano sin ti,,258.0,es,deezer,https://www.deezer.com/track/1741494417,"{""pais"":""PY"",""posicion"":48,""es_infantil"":false,""deezer_album_id"":316164367,""deezer_track_id"":1741494417,""deezer_artist_id"":10583405,""artistas_secundarios"":[]}",completed,
49,2026-03-05 18:58:09.609858+00,49.0,quedate,beele,713347.0,reggaeton,,borondo,,180.0,es,deezer,https://www.deezer.com/track/3353337121,"{""pais"":""PY"",""posicion"":49,""es_infantil"":false,""deezer_album_id"":752270291,""deezer_track_id"":3353337121,""deezer_artist_id"":68358002,""artistas_secundarios"":[]}",completed,
50,2026-03-05 18:58:13.455291+00,50.0,te quiero igual,andres calamaro,424067.0,rock,,honestidad brutal,,235.0,es,deezer,https://www.deezer.com/track/800631,"{""pais"":""PY"",""posicion"":50,""es_infantil"":false,""deezer_album_id"":93387,""deezer_track_id"":800631,""deezer_artist_id"":5838,""artistas_secundarios"":[]}",completed,
54,2026-03-05 18:58:28.76441+00,54.0,cafe con ron,bad bunny,996651.0,reggaeton,,debi tirar mas fotos,,228.0,es,deezer,https://www.deezer.com/track/3171003091,"{""pais"":""PY"",""posicion"":54,""es_infantil"":false,""deezer_album_id"":693008911,""deezer_track_id"":3171003091,""deezer_artist_id"":10583405,""artistas_secundarios"":[]}",completed,
55,2026-03-05 18:58:32.602579+00,55.0,si te pillara,beele,681873.0,reggaeton,,borondo,,185.0,es,deezer,https://www.deezer.com/track/3353337171,"{""pais"":""PY"",""posicion"":55,""es_infantil"":false,""deezer_album_id"":752270291,""deezer_track_id"":3353337171,""deezer_artist_id"":68358002,""artistas_secundarios"":[]}",completed,
56,2026-03-05 18:58:36.431914+00,56.0,moscow mule,bad bunny,916343.0,reggaeton,,un verano sin ti,,245.0,es,deezer,https://www.deezer.com/track/1741494287,"{""pais"":""PY"",""posicion"":56,""es_infantil"":false,""deezer_album_id"":316164367,""deezer_track_id"":1741494287,""deezer_artist_id"":10583405,""artistas_secundarios"":[]}",completed,
57,2026-03-05 18:58:40.243414+00,57.0,un finde crossover 2,big one,556314.0,reggaeton,,un finde crossover 2,,162.0,es,deezer,https://www.deezer.com/track/2213429117,"{""pais"":""PY"",""posicion"":57,""es_infantil"":false,""deezer_album_id"":423044827,""deezer_track_id"":2213429117,""deezer_artist_id"":56903,""artistas_secundarios"":[]}",completed,
58,2026-03-05 18:58:44.056638+00,58.0,drowning,woodz,574140.0,reggaeton,,oo li,,244.0,es,deezer,https://www.deezer.com/track/2257513467,"{""pais"":""PY"",""posicion"":58,""es_infantil"":false,""deezer_album_id"":434720487,""deezer_track_id"":2257513467,""deezer_artist_id"":5114606,""artistas_secundarios"":[]}",completed,
60,2026-03-05 18:58:51.841644+00,60.0,en privado,xavi,701420.0,reggaeton,,en privado,,199.0,es,deezer,https://www.deezer.com/track/3216020161,"{""pais"":""PY"",""posicion"":60,""es_infantil"":false,""deezer_album_id"":707495301,""deezer_track_id"":3216020161,""deezer_artist_id"":153152092,""artistas_secundarios"":[]}",completed,
62,2026-03-05 18:58:59.558332+00,62.0,sped up,aunker,563767.0,reggaeton,,,,156.0,es,deezer,https://www.deezer.com/track/3518926551,"{""pais"":""PY"",""posicion"":62,""es_infantil"":false,""deezer_album_id"":808507411,""deezer_track_id"":3518926551,""deezer_artist_id"":216026175,""artistas_secundarios"":[]}",completed,
66,2026-03-05 18:59:14.947629+00,66.0,top diesel,beele,739733.0,reggaeton,,borondo,,190.0,es,deezer,https://www.deezer.com/track/3353337131,"{""pais"":""PY"",""posicion"":66,""es_infantil"":false,""deezer_album_id"":752270291,""deezer_track_id"":3353337131,""deezer_artist_id"":68358002,""artistas_secundarios"":[]}",completed,
67,2026-03-05 18:59:18.765776+00,67.0,video phone,selena mezgo,453477.0,reggaeton,,video phone,,303.0,es,deezer,https://www.deezer.com/track/3488315131,"{""pais"":""PY"",""posicion"":67,""es_infantil"":false,""deezer_album_id"":797957701,""deezer_track_id"":3488315131,""deezer_artist_id"":231486015,""artistas_secundarios"":[]}",completed,
68,2026-03-05 18:59:22.532105+00,68.0,capaz,alleh,813346.0,reggaeton,,la ciudad,,173.0,es,deezer,https://www.deezer.com/track/3649721492,"{""pais"":""PY"",""posicion"":68,""es_infantil"":false,""deezer_album_id"":854387872,""deezer_track_id"":3649721492,""deezer_artist_id"":119913392,""artistas_secundarios"":[]}",completed,
70,2026-03-05 18:59:30.172488+00,70.0,titi me pregunto,bad bunny,975674.0,reggaeton,,un verano sin ti,,243.0,es,deezer,https://www.deezer.com/track/1741494317,"{""pais"":""PY"",""posicion"":70,""es_infantil"":false,""deezer_album_id"":316164367,""deezer_track_id"":1741494317,""deezer_artist_id"":10583405,""artistas_secundarios"":[]}",completed,
74,2026-03-05 18:59:45.450675+00,74.0,que pasaria,rauw alejandro,957141.0,reggaeton,,cosa nuestra,,191.0,es,deezer,https://www.deezer.com/track/3086954731,"{""pais"":""PY"",""posicion"":74,""es_infantil"":false,""deezer_album_id"":668910861,""deezer_track_id"":3086954731,""deezer_artist_id"":11289472,""artistas_secundarios"":[]}",completed,
75,2026-03-05 18:59:49.239497+00,75.0,weltita,bad bunny,966611.0,reggaeton,,debi tirar mas fotos,,187.0,es,deezer,https://www.deezer.com/track/3171003021,"{""pais"":""PY"",""posicion"":75,""es_infantil"":false,""deezer_album_id"":693008911,""deezer_track_id"":3171003021,""deezer_artist_id"":10583405,""artistas_secundarios"":[]}",completed,
77,2026-03-05 18:59:56.849997+00,77.0,comernos,omar courtz,563527.0,reggaeton,,comernos,,221.0,es,deezer,https://www.deezer.com/track/3298075621,"{""pais"":""PY"",""posicion"":77,""es_infantil"":false,""deezer_album_id"":734001901,""deezer_track_id"":3298075621,""deezer_artist_id"":14534981,""artistas_secundarios"":[]}",completed,
78,2026-03-05 19:00:00.679917+00,78.0,yogurcito remix,blessd,599420.0,reggaeton,,yogurcito remix,,375.0,es,deezer,https://www.deezer.com/track/3521387361,"{""pais"":""PY"",""posicion"":78,""es_infantil"":false,""deezer_album_id"":809283141,""deezer_track_id"":3521387361,""deezer_artist_id"":106632,""artistas_secundarios"":[]}",completed,
81,2026-03-05 19:00:12.156585+00,81.0,chevere,aria vega,792954.0,reggaeton,,chevere,,219.0,es,deezer,https://www.deezer.com/track/3838131121,"{""pais"":""PY"",""posicion"":81,""es_infantil"":false,""deezer_album_id"":916980011,""deezer_track_id"":3838131121,""deezer_artist_id"":57340572,""artistas_secundarios"":[]}",completed,
88,2026-03-05 19:00:38.933064+00,88.0,volare,danny ocean,606011.0,reggaeton,,volare,,147.0,es,deezer,https://www.deezer.com/track/1795267207,"{""pais"":""PY"",""posicion"":88,""es_infantil"":false,""deezer_album_id"":328496987,""deezer_track_id"":1795267207,""deezer_artist_id"":11443084,""artistas_secundarios"":[]}",completed,
89,2026-03-05 19:00:42.775918+00,89.0,bailando bachata,chayanne,732398.0,bachata,,bailando bachata,,170.0,es,deezer,https://www.deezer.com/track/2280832027,"{""pais"":""PY"",""posicion"":89,""es_infantil"":false,""deezer_album_id"":440645577,""deezer_track_id"":2280832027,""deezer_artist_id"":3873,""artistas_secundarios"":[]}",completed,
90,2026-03-05 19:00:46.600332+00,90.0,el cielo,sky,692699.0,pop,,el cielo,,191.0,es,deezer,https://www.deezer.com/track/2294944375,"{""pais"":""PY"",""posicion"":90,""es_infantil"":false,""deezer_album_id"":444772165,""deezer_track_id"":2294944375,""deezer_artist_id"":240427,""artistas_secundarios"":[]}",completed,
93,2026-03-05 19:00:58.39138+00,95.0,perfumito nuevo,bad bunny,956288.0,reggaeton,,debi tirar mas fotos,,200.0,es,deezer,https://www.deezer.com/track/3171003011,"{""pais"":""PY"",""posicion"":95,""es_infantil"":false,""deezer_album_id"":693008911,""deezer_track_id"":3171003011,""deezer_artist_id"":10583405,""artistas_secundarios"":[]}",completed,
94,2026-03-05 19:01:02.274125+00,96.0,3 pecados despues,milo j,387627.0,reggaeton,,retirada,,118.0,es,deezer,https://www.deezer.com/track/3227161571,"{""pais"":""PY"",""posicion"":96,""es_infantil"":false,""deezer_album_id"":710917831,""deezer_track_id"":3227161571,""deezer_artist_id"":155887202,""artistas_secundarios"":[]}",completed,
95,2026-03-05 19:01:06.152254+00,97.0,ingles en miami,rawayana,760805.0,reggaeton,,donde es el after,,202.0,es,deezer,https://www.deezer.com/track/3713785742,"{""pais"":""PY"",""posicion"":97,""es_infantil"":false,""deezer_album_id"":876307322,""deezer_track_id"":3713785742,""deezer_artist_id"":7047219,""artistas_secundarios"":[]}",completed,
98,2026-03-05 19:01:17.783858+00,100.0,te dedico,carlos vives,533062.0,reggaeton,,te dedico,,222.0,es,deezer,https://www.deezer.com/track/3804803312,"{""pais"":""PY"",""posicion"":100,""es_infantil"":false,""deezer_album_id"":905705962,""deezer_track_id"":3804803312,""deezer_artist_id"":7343,""artistas_secundarios"":[]}",completed,
130,2026-03-05 20:03:22.280354+00,32.0,real hip hop,das efx,23096.0,hip hop,,hip hop golden age vol 7,,249.0,es,deezer,https://www.deezer.com/track/87335087,"{""pais"":""ES"",""posicion"":32,""es_infantil"":false,""deezer_album_id"":8812469,""deezer_track_id"":87335087,""deezer_artist_id"":4468,""artistas_secundarios"":[]}",completed,
139,2026-03-05 20:03:50.149701+00,41.0,9 shots,cent,389882.0,reggaeton,,9 shots,,133.0,es,deezer,https://www.deezer.com/track/105389132,"{""pais"":""ES"",""posicion"":41,""es_infantil"":false,""deezer_album_id"":10977858,""deezer_track_id"":105389132,""deezer_artist_id"":66,""artistas_secundarios"":[]}",completed,
162,2026-03-05 20:05:00.118292+00,64.0,chinese music,chinese music,21746.0,other,,chinese music,,231.0,es,deezer,https://www.deezer.com/track/65331464,"{""pais"":""ES"",""posicion"":64,""es_infantil"":false,""deezer_album_id"":6404013,""deezer_track_id"":65331464,""deezer_artist_id"":1950941,""artistas_secundarios"":[]}",completed,
167,2026-03-05 20:05:15.878969+00,69.0,low budget,marco polo,41947.0,reggaeton,,port authority,,249.0,es,deezer,https://www.deezer.com/track/68328497,"{""pais"":""ES"",""posicion"":69,""es_infantil"":false,""deezer_album_id"":6691374,""deezer_track_id"":68328497,""deezer_artist_id"":4892403,""artistas_secundarios"":[]}",completed,
175,2026-03-05 20:05:42.732326+00,77.0,about the money,ti,523836.0,reggaeton,,paperwork,,302.0,es,deezer,https://www.deezer.com/track/87957607,"{""pais"":""ES"",""posicion"":77,""es_infantil"":false,""deezer_album_id"":8882653,""deezer_track_id"":87957607,""deezer_artist_id"":2527,""artistas_secundarios"":[]}",completed,
181,2026-03-05 20:06:06.16776+00,83.0,no mediocre,ti,559674.0,reggaeton,,no mediocre,,201.0,es,deezer,https://www.deezer.com/track/79426369,"{""pais"":""ES"",""posicion"":83,""es_infantil"":false,""deezer_album_id"":7906699,""deezer_track_id"":79426369,""deezer_artist_id"":2527,""artistas_secundarios"":[]}",completed,
227,2026-03-05 20:08:35.255646+00,31.0,feel the light,jennifer lopez,258399.0,pop,,feel the light,,291.0,es,deezer,https://www.deezer.com/track/95974406,"{""pais"":""MX"",""posicion"":31,""es_infantil"":false,""deezer_album_id"":9760912,""deezer_track_id"":95974406,""deezer_artist_id"":45,""artistas_secundarios"":[]}",completed,
255,2026-03-05 20:10:10.614089+00,59.0,sandrevan lullaby lifestyles,rodriguez,19017.0,rock,,searching for sugar man,,396.0,es,deezer,https://www.deezer.com/track/41034941,"{""pais"":""MX"",""posicion"":59,""es_infantil"":false,""deezer_album_id"":4009231,""deezer_track_id"":41034941,""deezer_artist_id"":12977901,""artistas_secundarios"":[]}",completed,
257,2026-03-05 20:10:16.590505+00,61.0,ante up,mop,10155.0,reggaeton,,essential rb massive urban soul and rnb collection,,232.0,es,deezer,https://www.deezer.com/track/4274006,"{""pais"":""MX"",""posicion"":61,""es_infantil"":false,""deezer_album_id"":397592,""deezer_track_id"":4274006,""deezer_artist_id"":2543,""artistas_secundarios"":[]}",completed,
273,2026-03-05 20:11:10.586464+00,77.0,street boy,rodriguez,1616.0,reggaeton,,searching for sugar man,,230.0,es,deezer,https://www.deezer.com/track/41034951,"{""pais"":""MX"",""posicion"":77,""es_infantil"":false,""deezer_album_id"":4009231,""deezer_track_id"":41034951,""deezer_artist_id"":12977901,""artistas_secundarios"":[]}",completed,
288,2026-03-05 20:11:59.445668+00,92.0,stay alive,jose gonzalez,2776.0,rock,,the secret life of walter mitty,,271.0,es,deezer,https://www.deezer.com/track/73043587,"{""pais"":""MX"",""posicion"":92,""es_infantil"":false,""deezer_album_id"":7187114,""deezer_track_id"":73043587,""deezer_artist_id"":1169,""artistas_secundarios"":[]}",completed,
291,2026-03-05 20:12:10.44486+00,95.0,mekuku,dj jazzy d,8.0,reggaeton,,another story,,285.0,es,deezer,https://www.deezer.com/track/4576480,"{""pais"":""MX"",""posicion"":95,""es_infantil"":false,""deezer_album_id"":421362,""deezer_track_id"":4576480,""deezer_artist_id"":306220,""artistas_secundarios"":[]}",completed,
292,2026-03-05 20:12:13.431079+00,96.0,one hundred and me percent,andres du bouchet,0.0,reggaeton,,sided guy,,500.0,es,deezer,https://www.deezer.com/track/95509258,"{""pais"":""MX"",""posicion"":96,""es_infantil"":false,""deezer_album_id"":9718696,""deezer_track_id"":95509258,""deezer_artist_id"":3201111,""artistas_secundarios"":[]}",completed,
318,2026-03-05 20:13:42.382678+00,23.0,nocturne no 2 in e flat major op,frederic chopin,320318.0,classical,,chopin,,284.0,es,deezer,https://www.deezer.com/track/4490347,"{""pais"":""AR"",""posicion"":23,""error_letra"":""No encontrada en Genius"",""es_infantil"":false,""deezer_album_id"":414997,""deezer_track_id"":4490347,""deezer_artist_id"":5457001,""artistas_secundarios"":[]}",error,
324,2026-03-05 20:14:03.536433+00,29.0,piano concerto no in a k488 ii adagio,daniel barenboim,15844.0,classica,,mozart best,,455.0,es,deezer,https://www.deezer.com/track/3359397,"{""pais"":""AR"",""posicion"":29,""error_letra"":""No encontrada en Genius"",""es_infantil"":false,""deezer_album_id"":319730,""deezer_track_id"":3359397,""deezer_artist_id"":65655,""artistas_secundarios"":[]}",error,
369,2026-03-05 20:16:37.343649+00,77.0,concierto de aranjuez iii allegro gentile,daniel barenboim,38852.0,classical,,rodrigo concierto de aranjuez villa lobos guitar concerto w501,,301.0,es,deezer,https://www.deezer.com/track/1081878,"{""pais"":""AR"",""posicion"":77,""error_letra"":""No encontrada en Genius"",""es_infantil"":false,""deezer_album_id"":116904,""deezer_track_id"":1081878,""deezer_artist_id"":65655,""artistas_secundarios"":[]}",error,
396,2026-03-05 20:18:08.207054+00,6.0,ei man kita brosta,pix lax,21492.0,reggaeton,,ei man kita brosta,,179.0,es,deezer,https://www.deezer.com/track/3306086,"{""pais"":""CO"",""posicion"":6,""error_letra"":""No encontrada en Genius"",""es_infantil"":false,""deezer_album_id"":315267,""deezer_track_id"":3306086,""deezer_artist_id"":1494032,""artistas_secundarios"":[]}",error,
405,2026-03-05 20:18:38.772992+00,17.0,tenderness,machete,26408.0,reggaeton,,machete,,290.0,es,deezer,https://www.deezer.com/track/70334805,"{""pais"":""CO"",""posicion"":17,""error_letra"":""No encontrada en Genius"",""es_infantil"":false,""deezer_album_id"":6901118,""deezer_track_id"":70334805,""deezer_artist_id"":795146,""artistas_secundarios"":[]}",error,
431,2026-03-05 20:20:05.275947+00,58.0,papa,machete,11704.0,reggaeton,,machete,,268.0,es,deezer,https://www.deezer.com/track/70334798,"{""pais"":""CO"",""posicion"":58,""es_infantil"":false,""deezer_album_id"":6901118,""deezer_track_id"":70334798,""deezer_artist_id"":795146,""artistas_secundarios"":[]}",completed,
440,2026-03-06 08:58:56.541007+00,6.0,locura,vaes,296329.0,reggaeton,,locura,,209.0,es,deezer,https://www.deezer.com/track/1278848962,"{""pais"":""PY"",""posicion"":6,""error_letra"":""No encontrada en Genius"",""es_infantil"":false,""deezer_album_id"":215580432,""deezer_track_id"":1278848962,""deezer_artist_id"":8590402,""artistas_secundarios"":[]}",error,
441,2026-03-06 08:58:58.584573+00,7.0,ascend,dezko,501592.0,reggaeton,,ascend,,200.0,es,deezer,https://www.deezer.com/track/2335413405,"{""pais"":""PY"",""posicion"":7,""es_infantil"":false,""deezer_album_id"":455621005,""deezer_track_id"":2335413405,""deezer_artist_id"":14137893,""artistas_secundarios"":[]}",completed,
444,2026-03-06 08:59:06.830852+00,23.0,escapar,enrique iglesias,441927.0,pop,,escape,,208.0,es,deezer,https://www.deezer.com/track/2279385,"{""pais"":""PY"",""posicion"":23,""es_infantil"":false,""deezer_album_id"":227582,""deezer_track_id"":2279385,""deezer_artist_id"":2792,""artistas_secundarios"":[]}",completed,
447,2026-03-06 08:59:13.217307+00,42.0,excesos,fuerza regida,619536.0,reggaeton,,pa las babys y belikeada,,187.0,es,deezer,https://www.deezer.com/track/2503047061,"{""pais"":""PY"",""posicion"":42,""es_infantil"":false,""deezer_album_id"":501504381,""deezer_track_id"":2503047061,""deezer_artist_id"":13916083,""artistas_secundarios"":[]}",completed,
448,2026-03-06 08:59:15.445198+00,49.0,luma,esperon,410977.0,reggaeton,,luma,,237.0,es,deezer,https://www.deezer.com/track/3250872951,"{""pais"":""PY"",""posicion"":49,""es_infantil"":false,""deezer_album_id"":718667191,""deezer_track_id"":3250872951,""deezer_artist_id"":4523590,""artistas_secundarios"":[]}",completed,
450,2026-03-06 08:59:19.105658+00,51.0,soy favela,la t y la m,497405.0,reggaeton,,soy favela,,166.0,es,deezer,https://www.deezer.com/track/3690434862,"{""pais"":""PY"",""posicion"":51,""es_infantil"":false,""deezer_album_id"":868113772,""deezer_track_id"":3690434862,""deezer_artist_id"":118358452,""artistas_secundarios"":[]}",completed,
451,2026-03-06 08:59:20.935135+00,53.0,soleao,myke towers,686977.0,reggaeton,,soleao,,218.0,es,deezer,https://www.deezer.com/track/3368936011,"{""pais"":""PY"",""posicion"":53,""es_infantil"":false,""deezer_album_id"":757386981,""deezer_track_id"":3368936011,""deezer_artist_id"":12029862,""artistas_secundarios"":[]}",completed,
452,2026-03-06 08:59:22.84075+00,55.0,tu misterioso alguien,miranda,599850.0,reggaeton,,miranda es imposible,,244.0,es,deezer,https://www.deezer.com/track/109383952,"{""pais"":""PY"",""posicion"":55,""es_infantil"":false,""deezer_album_id"":11396462,""deezer_track_id"":109383952,""deezer_artist_id"":4996,""artistas_secundarios"":[]}",completed,
453,2026-03-06 08:59:24.911361+00,59.0,ivonny bonita,karol g,736350.0,reggaeton,,tropicoqueta,,222.0,es,deezer,https://www.deezer.com/track/3421452471,"{""pais"":""PY"",""posicion"":59,""es_infantil"":false,""deezer_album_id"":774864691,""deezer_track_id"":3421452471,""deezer_artist_id"":5297021,""artistas_secundarios"":[]}",completed,
454,2026-03-06 08:59:26.761438+00,60.0,koko,omar courtz,648619.0,reggaeton,,por si manana no estoy,,195.0,es,deezer,https://www.deezer.com/track/3852034981,"{""pais"":""PY"",""posicion"":60,""es_infantil"":false,""deezer_album_id"":921955431,""deezer_track_id"":3852034981,""deezer_artist_id"":14534981,""artistas_secundarios"":[]}",completed,
455,2026-03-06 08:59:28.622774+00,62.0,amor de verano,la t y la m,422652.0,reggaeton,,amor de verano,,198.0,es,deezer,https://www.deezer.com/track/3240040911,"{""pais"":""PY"",""posicion"":62,""es_infantil"":false,""deezer_album_id"":715136491,""deezer_track_id"":3240040911,""deezer_artist_id"":118358452,""artistas_secundarios"":[]}",completed,
456,2026-03-06 08:59:30.423575+00,63.0,qloo,young cister,654241.0,reggaeton,,qloo,,146.0,es,deezer,https://www.deezer.com/track/3370856431,"{""pais"":""PY"",""posicion"":63,""es_infantil"":false,""deezer_album_id"":758000131,""deezer_track_id"":3370856431,""deezer_artist_id"":11554747,""artistas_secundarios"":[]}",completed,
459,2026-03-06 08:59:35.730369+00,66.0,volando,mora,689386.0,reggaeton,,volando,,273.0,es,deezer,https://www.deezer.com/track/1425937972,"{""pais"":""PY"",""posicion"":66,""es_infantil"":false,""deezer_album_id"":242452202,""deezer_track_id"":1425937972,""deezer_artist_id"":3922661,""artistas_secundarios"":[]}",completed,
460,2026-03-06 08:59:37.554092+00,68.0,mientras me curo del cora,karol g,691956.0,reggaeton,,manana sera bonito,,164.0,es,deezer,https://www.deezer.com/track/2154046437,"{""pais"":""PY"",""posicion"":68,""es_infantil"":false,""deezer_album_id"":408659277,""deezer_track_id"":2154046437,""deezer_artist_id"":5297021,""artistas_secundarios"":[]}",completed,
461,2026-03-06 08:59:39.316861+00,69.0,quevashacerhoy,omar courtz,679572.0,reggaeton,,primera musa,,224.0,es,deezer,https://www.deezer.com/track/3003099991,"{""pais"":""PY"",""posicion"":69,""error_letra"":""No encontrada en Genius"",""es_infantil"":false,""deezer_album_id"":645564371,""deezer_track_id"":3003099991,""deezer_artist_id"":14534981,""artistas_secundarios"":[]}",error,
462,2026-03-06 08:59:41.118339+00,70.0,khe,rauw alejandro,708908.0,reggaeton,,cosa nuestra,,206.0,es,deezer,https://www.deezer.com/track/3086954821,"{""pais"":""PY"",""posicion"":70,""es_infantil"":false,""deezer_album_id"":668910861,""deezer_track_id"":3086954821,""deezer_artist_id"":11289472,""artistas_secundarios"":[]}",completed,
463,2026-03-06 08:59:42.927397+00,71.0,kloufrens,bad bunny,882477.0,reggaeton,,debi tirar mas fotos,,199.0,es,deezer,https://www.deezer.com/track/3171003071,"{""pais"":""PY"",""posicion"":71,""es_infantil"":false,""deezer_album_id"":693008911,""deezer_track_id"":3171003071,""deezer_artist_id"":10583405,""artistas_secundarios"":[]}",completed,
464,2026-03-06 08:59:44.733029+00,72.0,turista,bad bunny,912692.0,reggaeton,,debi tirar mas fotos,,190.0,es,deezer,https://www.deezer.com/track/3171003081,"{""pais"":""PY"",""posicion"":72,""es_infantil"":false,""deezer_album_id"":693008911,""deezer_track_id"":3171003081,""deezer_artist_id"":10583405,""artistas_secundarios"":[]}",completed,
465,2026-03-06 08:59:46.529268+00,73.0,blackout,emilia,644963.0,pop,,blackout,,180.0,es,deezer,https://www.deezer.com/track/3288087861,"{""pais"":""PY"",""posicion"":73,""es_infantil"":false,""deezer_album_id"":730638231,""deezer_track_id"":3288087861,""deezer_artist_id"":61094422,""artistas_secundarios"":[]}",completed,
466,2026-03-06 08:59:48.436213+00,75.0,donde,kapo,725069.0,reggaeton,,por si alguien nos escucha,,193.0,es,deezer,https://www.deezer.com/track/3427618651,"{""pais"":""PY"",""posicion"":75,""es_infantil"":false,""deezer_album_id"":777147761,""deezer_track_id"":3427618651,""deezer_artist_id"":4479584,""artistas_secundarios"":[]}",completed,
472,2026-03-06 08:59:59.555353+00,83.0,hecha pa mi,boza,695913.0,reggaeton,,mas negro que rojo,,186.0,es,deezer,https://www.deezer.com/track/1023746652,"{""pais"":""PY"",""posicion"":83,""es_infantil"":false,""deezer_album_id"":161228312,""deezer_track_id"":1023746652,""deezer_artist_id"":1305912,""artistas_secundarios"":[]}",completed,
475,2026-03-06 09:00:05.227368+00,86.0,ella no es tuya remix,rochy rd,431459.0,reggaeton,,ella no es tuya,,218.0,es,deezer,https://www.deezer.com/track/1226448792,"{""pais"":""PY"",""posicion"":86,""error_letra"":""No encontrada en Genius"",""es_infantil"":false,""deezer_album_id"":203796802,""deezer_track_id"":1226448792,""deezer_artist_id"":14554749,""artistas_secundarios"":[]}",error,
477,2026-03-06 09:00:10.011463+00,88.0,orion,boza,714930.0,reggaeton,,orion,,241.0,es,deezer,https://www.deezer.com/track/2811566892,"{""pais"":""PY"",""posicion"":88,""es_infantil"":false,""deezer_album_id"":589807322,""deezer_track_id"":2811566892,""deezer_artist_id"":1305912,""artistas_secundarios"":[]}",completed,
478,2026-03-06 09:00:13.247461+00,94.0,un pacto,bersuit vergarabat,374141.0,rock,,de la cabeza con bersuit vergarabat,,295.0,es,deezer,https://www.deezer.com/track/2256073,"{""pais"":""PY"",""posicion"":94,""es_infantil"":false,""deezer_album_id"":225176,""deezer_track_id"":2256073,""deezer_artist_id"":4903,""artistas_secundarios"":[]}",completed,
480,2026-03-06 09:00:20.069771+00,96.0,no podras,cristian castro,576538.0,bachata,,the best of,,243.0,es,deezer,https://www.deezer.com/track/133203342,"{""pais"":""PY"",""posicion"":96,""es_infantil"":false,""deezer_album_id"":14180154,""deezer_track_id"":133203342,""deezer_artist_id"":80543,""artistas_secundarios"":[]}",completed,
482,2026-03-06 09:00:26.06919+00,98.0,a las nueve,no te va gustar,449625.0,reggaeton,,el calor del pleno invierno,,207.0,es,deezer,https://www.deezer.com/track/588479052,"{""pais"":""PY"",""posicion"":98,""es_infantil"":false,""deezer_album_id"":79118452,""deezer_track_id"":588479052,""deezer_artist_id"":15779,""artistas_secundarios"":[]}",completed,
484,2026-03-06 09:00:32.848759+00,100.0,quizas,rich music ltd,562008.0,reggaeton,,the academy,,216.0,es,deezer,https://www.deezer.com/track/768279812,"{""pais"":""PY"",""posicion"":100,""es_infantil"":false,""deezer_album_id"":113515062,""deezer_track_id"":768279812,""deezer_artist_id"":11471022,""artistas_secundarios"":[]}",completed,
486,2026-03-06 09:00:58.812556+00,23.0,nocturne no 2 in e flat major op 9 2,frederic chopin,320318.0,classical,,chopin,,284.0,es,deezer,https://www.deezer.com/track/4490347,"{""pais"":""AR"",""posicion"":23,""error_letra"":""No encontrada en Genius"",""es_infantil"":false,""deezer_album_id"":414997,""deezer_track_id"":4490347,""deezer_artist_id"":5457001,""artistas_secundarios"":[]}",error,
487,2026-03-06 09:01:01.633368+00,37.0,sonate pour piano no op n 2 i allegro ma non troppo,walter gieseking,23010.0,classical,,ludwig van beethoven piano concerto no 5 piano sonatas nos,,204.0,es,deezer,https://www.deezer.com/track/264116,"{""pais"":""AR"",""posicion"":37,""error_letra"":""No encontrada en Genius"",""es_infantil"":false,""deezer_album_id"":45150,""deezer_track_id"":264116,""deezer_artist_id"":56796,""artistas_secundarios"":[]}",error,
502,2026-03-06 09:41:27.510369+00,1.0,bando,kalash,18167.0,reggaeton,,bando,,262.0,es,deezer,https://www.deezer.com/track/104088308,"{""pais"":""UY"",""posicion"":1,""es_infantil"":false,""deezer_album_id"":10827542,""deezer_track_id"":104088308,""deezer_artist_id"":73018,""artistas_secundarios"":[]}",completed,
519,2026-03-06 09:42:06.21251+00,15.0,goodbye,feder,374762.0,reggaeton,,goodbye,,201.0,es,deezer,https://www.deezer.com/track/92905432,"{""pais"":""EC"",""posicion"":15,""es_infantil"":false,""deezer_album_id"":9430812,""deezer_track_id"":92905432,""deezer_artist_id"":5523632,""artistas_secundarios"":[]}",completed,
523,2026-03-06 09:42:13.430647+00,19.0,seve,tez cadey,711622.0,reggaeton,,seve,,209.0,es,deezer,https://www.deezer.com/track/93820358,"{""pais"":""EC"",""posicion"":19,""es_infantil"":false,""deezer_album_id"":9532130,""deezer_track_id"":93820358,""deezer_artist_id"":1199170,""artistas_secundarios"":[]}",completed,
524,2026-03-06 09:42:17.297512+00,20.0,will go on,juelzz,30493.0,reggaeton,,will go on,,141.0,es,deezer,https://www.deezer.com/track/100835486,"{""pais"":""EC"",""posicion"":20,""es_infantil"":false,""deezer_album_id"":10463722,""deezer_track_id"":100835486,""deezer_artist_id"":5818584,""artistas_secundarios"":[]}",completed,
541,2026-03-06 09:43:22.228079+00,39.0,sparks,ingenia,39373.0,reggaeton,,sparks,,204.0,es,deezer,https://www.deezer.com/track/104943128,"{""pais"":""EC"",""posicion"":39,""es_infantil"":false,""deezer_album_id"":10928072,""deezer_track_id"":104943128,""deezer_artist_id"":4548915,""artistas_secundarios"":[]}",completed,
555,2026-03-06 09:44:15.85393+00,55.0,klanga,gostan,436518.0,electronica,,klanga,,264.0,es,deezer,https://www.deezer.com/track/89904353,"{""pais"":""EC"",""posicion"":55,""es_infantil"":false,""deezer_album_id"":9105309,""deezer_track_id"":89904353,""deezer_artist_id"":5928675,""artistas_secundarios"":[]}",completed,
562,2026-03-06 09:44:42.531539+00,63.0,joa,brann,935.0,reggaeton,,joa,,169.0,es,deezer,https://www.deezer.com/track/104481018,"{""pais"":""EC"",""posicion"":63,""es_infantil"":false,""deezer_album_id"":10872484,""deezer_track_id"":104481018,""deezer_artist_id"":4968441,""artistas_secundarios"":[]}",completed,
587,2026-03-06 09:46:15.349557+00,89.0,music waves,agrume,1011.0,reggaeton,,we go deep saison 2 selected by the avener,,261.0,es,deezer,https://www.deezer.com/track/103608750,"{""pais"":""EC"",""posicion"":89,""es_infantil"":false,""deezer_album_id"":10773820,""deezer_track_id"":103608750,""deezer_artist_id"":5902675,""artistas_secundarios"":[]}",completed,
599,2026-03-06 09:47:00.01162+00,2.0,love on me,fejoint,18458.0,reggaeton,,love on me,,224.0,es,deezer,https://www.deezer.com/track/853953722,"{""pais"":""VE"",""posicion"":2,""es_infantil"":false,""deezer_album_id"":127059522,""deezer_track_id"":853953722,""deezer_artist_id"":83721852,""artistas_secundarios"":[]}",completed,
604,2026-03-06 09:47:19.205573+00,7.0,shht,unmagical ister,2757.0,rock,,blued out,,118.0,es,deezer,https://www.deezer.com/track/1204296972,"{""pais"":""VE"",""posicion"":7,""es_infantil"":false,""deezer_album_id"":199098472,""deezer_track_id"":1204296972,""deezer_artist_id"":119588792,""artistas_secundarios"":[]}",completed,
606,2026-03-06 09:47:26.79116+00,9.0,evalina,papa cidy,55898.0,reggaeton,,evalina,,236.0,es,deezer,https://www.deezer.com/track/83803170,"{""pais"":""VE"",""posicion"":9,""es_infantil"":false,""deezer_album_id"":8432578,""deezer_track_id"":83803170,""deezer_artist_id"":6443344,""artistas_secundarios"":[]}",completed,
607,2026-03-06 09:47:34.449413+00,11.0,no greater love,marizu,18135.0,reggaeton,,no greater love,,203.0,es,deezer,https://www.deezer.com/track/801829292,"{""pais"":""VE"",""posicion"":11,""es_infantil"":false,""deezer_album_id"":118308972,""deezer_track_id"":801829292,""deezer_artist_id"":71974832,""artistas_secundarios"":[]}",completed,
610,2026-03-06 09:47:45.96433+00,14.0,dirty choice,palt3r,25001.0,reggaeton,,my streets,,183.0,es,deezer,https://www.deezer.com/track/1177667772,"{""pais"":""VE"",""posicion"":14,""es_infantil"":false,""deezer_album_id"":193303152,""deezer_track_id"":1177667772,""deezer_artist_id"":116804862,""artistas_secundarios"":[]}",completed,
611,2026-03-06 09:47:49.714341+00,15.0,ikik,imagine klowns,8875.0,rock,,songs about u,,150.0,es,deezer,https://www.deezer.com/track/1212473112,"{""pais"":""VE"",""posicion"":15,""es_infantil"":false,""deezer_album_id"":200723122,""deezer_track_id"":1212473112,""deezer_artist_id"":120324102,""artistas_secundarios"":[]}",completed,
615,2026-03-06 09:48:05.136443+00,19.0,notalk,unmagical ister,1459.0,reggaeton,,blued out,,119.0,es,deezer,https://www.deezer.com/track/1204296952,"{""pais"":""VE"",""posicion"":19,""es_infantil"":false,""deezer_album_id"":199098472,""deezer_track_id"":1204296952,""deezer_artist_id"":119588792,""artistas_secundarios"":[]}",completed,
616,2026-03-06 09:48:08.906846+00,20.0,part of the hood,palt3r,24933.0,reggaeton,,my streets,,152.0,es,deezer,https://www.deezer.com/track/1177667802,"{""pais"":""VE"",""posicion"":20,""es_infantil"":false,""deezer_album_id"":193303152,""deezer_track_id"":1177667802,""deezer_artist_id"":116804862,""artistas_secundarios"":[]}",completed,
619,2026-03-06 09:48:20.325028+00,24.0,suka,imagine klowns,7930.0,rock,,songs about u,,118.0,es,deezer,https://www.deezer.com/track/1212473102,"{""pais"":""VE"",""posicion"":24,""es_infantil"":false,""deezer_album_id"":200723122,""deezer_track_id"":1212473102,""deezer_artist_id"":120324102,""artistas_secundarios"":[]}",completed,
630,2026-03-06 09:49:02.704188+00,35.0,onril,imagine klowns,8913.0,rock,,songs about u,,115.0,es,deezer,https://www.deezer.com/track/1212473122,"{""pais"":""VE"",""posicion"":35,""es_infantil"":false,""deezer_album_id"":200723122,""deezer_track_id"":1212473122,""deezer_artist_id"":120324102,""artistas_secundarios"":[]}",completed,
632,2026-03-06 09:49:10.395088+00,37.0,best friend,cent,493333.0,reggaeton,,best of cent,,254.0,es,deezer,https://www.deezer.com/track/145429552,"{""pais"":""VE"",""posicion"":37,""es_infantil"":false,""deezer_album_id"":15801900,""deezer_track_id"":145429552,""deezer_artist_id"":66,""artistas_secundarios"":[]}",completed,
633,2026-03-06 09:49:14.170931+00,38.0,ramukanji,onetox,25141.0,reggaeton,,affirmation,,217.0,es,deezer,https://www.deezer.com/track/487718342,"{""pais"":""VE"",""posicion"":38,""error_letra"":""No encontrada en Genius"",""es_infantil"":false,""deezer_album_id"":61543652,""deezer_track_id"":487718342,""deezer_artist_id"":4709670,""artistas_secundarios"":[]}",error,
635,2026-03-06 09:49:21.744921+00,40.0,wolves,selena gomez,744322.0,pop,,wolves,,198.0,es,deezer,https://www.deezer.com/track/420355352,"{""pais"":""VE"",""posicion"":40,""es_infantil"":false,""deezer_album_id"":50319082,""deezer_track_id"":420355352,""deezer_artist_id"":292185,""artistas_secundarios"":[]}",completed,
637,2026-03-06 09:49:29.410585+00,42.0,shake yo body,palt3r,24909.0,reggaeton,,my streets,,150.0,es,deezer,https://www.deezer.com/track/1177667792,"{""pais"":""VE"",""posicion"":42,""es_infantil"":false,""deezer_album_id"":193303152,""deezer_track_id"":1177667792,""deezer_artist_id"":116804862,""artistas_secundarios"":[]}",completed,
640,2026-03-06 09:49:40.908342+00,45.0,stress,onetox,6899.0,reggaeton,,affirmation iii,,240.0,es,deezer,https://www.deezer.com/track/479934182,"{""pais"":""VE"",""posicion"":45,""es_infantil"":false,""deezer_album_id"":60171932,""deezer_track_id"":479934182,""deezer_artist_id"":4709670,""artistas_secundarios"":[]}",completed,
641,2026-03-06 09:49:44.71357+00,46.0,settle back images,perhaps087,24981.0,reggaeton,,invisible clouds,,103.0,es,deezer,https://www.deezer.com/track/1145707742,"{""pais"":""VE"",""posicion"":46,""error_letra"":""No encontrada en Genius"",""es_infantil"":false,""deezer_album_id"":187108402,""deezer_track_id"":1145707742,""deezer_artist_id"":113794242,""artistas_secundarios"":[]}",error,
645,2026-03-06 09:50:00.060071+00,50.0,gerpick,imagine klowns,21954.0,rock,,songs about u,,114.0,es,deezer,https://www.deezer.com/track/1212473092,"{""pais"":""VE"",""posicion"":50,""error_letra"":""No encontrada en Genius"",""es_infantil"":false,""deezer_album_id"":200723122,""deezer_track_id"":1212473092,""deezer_artist_id"":120324102,""artistas_secundarios"":[]}",error,
649,2026-03-06 09:50:15.308607+00,54.0,la marelle amarelinha,dom la nena,664381.0,reggaeton,,ramages,,182.0,es,deezer,https://www.deezer.com/track/849510322,"{""pais"":""VE"",""posicion"":54,""error_letra"":""No encontrada en Genius"",""es_infantil"":false,""deezer_album_id"":126058562,""deezer_track_id"":849510322,""deezer_artist_id"":3987671,""artistas_secundarios"":[]}",error,
660,2026-03-06 09:50:57.376481+00,65.0,adicto,tainy,729324.0,reggaeton,,adicto,,270.0,es,deezer,https://www.deezer.com/track/734393362,"{""pais"":""VE"",""posicion"":65,""es_infantil"":false,""deezer_album_id"":107849482,""deezer_track_id"":734393362,""deezer_artist_id"":4649104,""artistas_secundarios"":[]}",completed,
666,2026-03-06 09:51:20.508133+00,71.0,risky ways,palt3r,24916.0,reggaeton,,my streets,,227.0,es,deezer,https://www.deezer.com/track/1177667812,"{""pais"":""VE"",""posicion"":71,""es_infantil"":false,""deezer_album_id"":193303152,""deezer_track_id"":1177667812,""deezer_artist_id"":116804862,""artistas_secundarios"":[]}",completed,
667,2026-03-06 09:51:24.34714+00,72.0,pastel,imagine klowns,7893.0,rock,,songs about u,,143.0,es,deezer,https://www.deezer.com/track/1212473142,"{""pais"":""VE"",""posicion"":72,""es_infantil"":false,""deezer_album_id"":200723122,""deezer_track_id"":1212473142,""deezer_artist_id"":120324102,""artistas_secundarios"":[]}",completed,
669,2026-03-06 09:51:32.258656+00,76.0,everything,tosara,10327.0,reggaeton,,french kisses,,118.0,es,deezer,https://www.deezer.com/track/1204289342,"{""pais"":""VE"",""posicion"":76,""es_infantil"":false,""deezer_album_id"":199096242,""deezer_track_id"":1204289342,""deezer_artist_id"":119588042,""artistas_secundarios"":[]}",completed,
672,2026-03-06 09:51:43.65827+00,79.0,all my life,dmp,171548.0,reggaeton,,projectile,,241.0,es,deezer,https://www.deezer.com/track/379843941,"{""pais"":""VE"",""posicion"":79,""es_infantil"":false,""deezer_album_id"":44087421,""deezer_track_id"":379843941,""deezer_artist_id"":336195361,""artistas_secundarios"":[]}",completed,
676,2026-03-06 09:51:58.814289+00,83.0,mia,bad bunny,21763.0,reggaeton,,mia,,210.0,es,deezer,https://www.deezer.com/track/565423972,"{""pais"":""VE"",""posicion"":83,""es_infantil"":false,""deezer_album_id"":75124472,""deezer_track_id"":565423972,""deezer_artist_id"":10583405,""artistas_secundarios"":[]}",completed,
678,2026-03-06 09:52:06.468035+00,85.0,c ur de bombe,diams,329658.0,reggaeton,,sos,,263.0,es,deezer,https://www.deezer.com/track/4673397,"{""pais"":""VE"",""posicion"":85,""es_infantil"":false,""deezer_album_id"":430299,""deezer_track_id"":4673397,""deezer_artist_id"":388,""artistas_secundarios"":[]}",completed,
695,2026-03-06 09:53:10.004765+00,2.0,moorea,creol,94231.0,reggaeton,,latin guitar creol acoustic guitar,,306.0,es,deezer,https://www.deezer.com/track/1741473,"{""pais"":""BO"",""posicion"":2,""error_letra"":""No encontrada en Genius"",""es_infantil"":false,""deezer_album_id"":176474,""deezer_track_id"":1741473,""deezer_artist_id"":116405,""artistas_secundarios"":[]}",error,
722,2026-03-06 09:54:48.419961+00,26.0,pitball cruiser blue,big dipper,18490.0,reggaeton,,crashes on the platinum planet,,194.0,es,deezer,https://www.deezer.com/track/62055037,"{""pais"":""CR"",""posicion"":26,""es_infantil"":false,""deezer_album_id"":6084750,""deezer_track_id"":62055037,""deezer_artist_id"":133513,""artistas_secundarios"":[]}",completed,
741,2026-03-06 09:55:56.35907+00,8.0,argent sale a colors show,larvleuze,999415.0,electronica,,argent sale a colors show,,164.0,es,deezer,https://www.deezer.com/track/3837291721,"{""pais"":""US"",""posicion"":8,""error_letra"":""No encontrada en Genius"",""es_infantil"":false,""deezer_album_id"":916704121,""deezer_track_id"":3837291721,""deezer_artist_id"":174484227,""artistas_secundarios"":[]}",error,
742,2026-03-06 09:56:00.401547+00,12.0,what you want,angele,999434.0,pop,,what you want,,188.0,es,deezer,https://www.deezer.com/track/3827212511,"{""pais"":""US"",""posicion"":12,""es_infantil"":false,""deezer_album_id"":912937791,""deezer_track_id"":3827212511,""deezer_artist_id"":1042268,""artistas_secundarios"":[]}",completed,
743,2026-03-06 09:56:02.178785+00,13.0,yeralt,eypio,674842.0,reggaeton,,yeralt,,169.0,es,deezer,https://www.deezer.com/track/3769264752,"{""pais"":""US"",""posicion"":13,""es_infantil"":false,""deezer_album_id"":895861012,""deezer_track_id"":3769264752,""deezer_artist_id"":6732541,""artistas_secundarios"":[]}",completed,
744,2026-03-06 09:56:05.950183+00,14.0,spa,gims,999858.0,reggaeton,,spa,,183.0,es,deezer,https://www.deezer.com/track/3758716202,"{""pais"":""US"",""posicion"":14,""es_infantil"":false,""deezer_album_id"":891920462,""deezer_track_id"":3758716202,""deezer_artist_id"":4429712,""artistas_secundarios"":[]}",completed,
748,2026-03-06 09:56:21.2558+00,19.0,gabriela,katseye,991587.0,reggaeton,,gabriela,,196.0,es,deezer,https://www.deezer.com/track/3412611901,"{""pais"":""US"",""posicion"":19,""es_infantil"":false,""deezer_album_id"":771888461,""deezer_track_id"":3412611901,""deezer_artist_id"":271210292,""artistas_secundarios"":[]}",completed,
751,2026-03-06 09:56:32.764104+00,22.0,nap yosun mesela,blok3,654661.0,reggaeton,,virtuoz,,185.0,es,deezer,https://www.deezer.com/track/3451496391,"{""pais"":""US"",""posicion"":22,""error_letra"":""No encontrada en Genius"",""es_infantil"":false,""deezer_album_id"":785255951,""deezer_track_id"":3451496391,""deezer_artist_id"":117259882,""artistas_secundarios"":[]}",error,
758,2026-03-06 09:56:59.559519+00,34.0,the winner takes it all,abba,930393.0,pop,,abba gold,,296.0,es,deezer,https://www.deezer.com/track/884035,"{""pais"":""US"",""posicion"":34,""es_infantil"":false,""deezer_album_id"":100323,""deezer_track_id"":884035,""deezer_artist_id"":180,""artistas_secundarios"":[]}",completed,
763,2026-03-06 09:57:18.865979+00,40.0,la le lu,lichterkinder,580980.0,electronica,,schlaflieder,,130.0,es,deezer,https://www.deezer.com/track/1209436532,"{""pais"":""US"",""posicion"":40,""error_letra"":""No encontrada en Genius"",""es_infantil"":false,""deezer_album_id"":200246802,""deezer_track_id"":1209436532,""deezer_artist_id"":8801836,""artistas_secundarios"":[]}",error,
764,2026-03-06 09:57:22.688749+00,41.0,no batidao,zxkai,960618.0,reggaeton,,no batidao,,89.0,es,deezer,https://www.deezer.com/track/3537531961,"{""pais"":""US"",""posicion"":41,""es_infantil"":false,""deezer_album_id"":814897511,""deezer_track_id"":3537531961,""deezer_artist_id"":290724431,""artistas_secundarios"":[]}",completed,
766,2026-03-06 09:57:30.397568+00,43.0,git,blok3,618391.0,reggaeton,,virtuoz,,158.0,es,deezer,https://www.deezer.com/track/3451496401,"{""pais"":""US"",""posicion"":43,""es_infantil"":false,""deezer_album_id"":785255951,""deezer_track_id"":3451496401,""deezer_artist_id"":117259882,""artistas_secundarios"":[]}",completed,
767,2026-03-06 09:57:34.314038+00,44.0,bms,rambo goyard,998709.0,reggaeton,,bms,,125.0,es,deezer,https://www.deezer.com/track/3809346722,"{""pais"":""US"",""posicion"":44,""es_infantil"":false,""deezer_album_id"":907074822,""deezer_track_id"":3809346722,""deezer_artist_id"":127192072,""artistas_secundarios"":[]}",completed,
772,2026-03-06 09:57:53.408201+00,50.0,cevaps z sorular,manga,423255.0,rock,,sehr i huzun,,272.0,es,deezer,https://www.deezer.com/track/4765137,"{""pais"":""US"",""posicion"":50,""es_infantil"":false,""deezer_album_id"":438637,""deezer_track_id"":4765137,""deezer_artist_id"":16758,""artistas_secundarios"":[]}",completed,
783,2026-03-06 09:58:35.709192+00,62.0,mon bebe,rnboi,997284.0,reggaeton,,mon bebe,,130.0,es,deezer,https://www.deezer.com/track/3602108062,"{""pais"":""US"",""posicion"":62,""es_infantil"":false,""deezer_album_id"":837893162,""deezer_track_id"":3602108062,""deezer_artist_id"":172662567,""artistas_secundarios"":[]}",completed,
784,2026-03-06 09:58:39.481061+00,63.0,bloque,gims,996189.0,reggaeton,,bloque,,201.0,es,deezer,https://www.deezer.com/track/3629572332,"{""pais"":""US"",""posicion"":63,""es_infantil"":false,""deezer_album_id"":847327982,""deezer_track_id"":3629572332,""deezer_artist_id"":4429712,""artistas_secundarios"":[]}",completed,
785,2026-03-06 09:58:43.320551+00,64.0,sen kald n,semicenk,585049.0,reggaeton,,geciyor zaman,,177.0,es,deezer,https://www.deezer.com/track/2892514062,"{""pais"":""US"",""posicion"":64,""error_letra"":""No encontrada en Genius"",""es_infantil"":false,""deezer_album_id"":616194572,""deezer_track_id"":2892514062,""deezer_artist_id"":142875392,""artistas_secundarios"":[]}",error,
787,2026-03-06 09:58:50.878356+00,66.0,sana ragmen,eypio,511516.0,reggaeton,,sana ragmen,,210.0,es,deezer,https://www.deezer.com/track/3849518411,"{""pais"":""US"",""posicion"":66,""es_infantil"":false,""deezer_album_id"":921112721,""deezer_track_id"":3849518411,""deezer_artist_id"":6732541,""artistas_secundarios"":[]}",completed,
790,2026-03-06 09:59:02.51519+00,69.0,to,sombr,991896.0,reggaeton,,to,,242.0,es,deezer,https://www.deezer.com/track/3471224101,"{""pais"":""US"",""posicion"":69,""es_infantil"":false,""deezer_album_id"":791892231,""deezer_track_id"":3471224101,""deezer_artist_id"":145468192,""artistas_secundarios"":[]}",completed,
793,2026-03-06 09:59:14.037237+00,72.0,love you,nono la grinta,995431.0,reggaeton,,love you,,147.0,es,deezer,https://www.deezer.com/track/3579710801,"{""pais"":""US"",""posicion"":72,""es_infantil"":false,""deezer_album_id"":829975121,""deezer_track_id"":3579710801,""deezer_artist_id"":194146027,""artistas_secundarios"":[]}",completed,
795,2026-03-06 09:59:21.568884+00,74.0,generation impolie,franglish,997985.0,reggaeton,,generation impolie,,141.0,es,deezer,https://www.deezer.com/track/3591983602,"{""pais"":""US"",""posicion"":74,""es_infantil"":false,""deezer_album_id"":834360862,""deezer_track_id"":3591983602,""deezer_artist_id"":10695573,""artistas_secundarios"":[]}",completed,
798,2026-03-06 09:59:33.021114+00,77.0,sex model,plk,999858.0,reggaeton,,sex model,,166.0,es,deezer,https://www.deezer.com/track/3842413311,"{""pais"":""US"",""posicion"":77,""es_infantil"":false,""deezer_album_id"":918242751,""deezer_track_id"":3842413311,""deezer_artist_id"":1479842,""artistas_secundarios"":[]}",completed,
800,2026-03-06 09:59:40.789399+00,80.0,gmk,wixo la2s,991767.0,reggaeton,,gmk,,125.0,es,deezer,https://www.deezer.com/track/3727841322,"{""pais"":""US"",""posicion"":80,""es_infantil"":false,""deezer_album_id"":881020882,""deezer_track_id"":3727841322,""deezer_artist_id"":145561382,""artistas_secundarios"":[]}",completed,
803,2026-03-06 09:59:52.186055+00,84.0,back to friends,sombr,980345.0,reggaeton,,back to friends,,199.0,es,deezer,https://www.deezer.com/track/3151351511,"{""pais"":""US"",""posicion"":84,""es_infantil"":false,""deezer_album_id"":686344041,""deezer_track_id"":3151351511,""deezer_artist_id"":145468192,""artistas_secundarios"":[]}",completed,
804,2026-03-06 09:59:56.002689+00,85.0,hips dont lie,shakira,708696.0,reggaeton,,oral fixation vol 2,,221.0,es,deezer,https://www.deezer.com/track/3389132901,"{""pais"":""US"",""posicion"":85,""es_infantil"":false,""deezer_album_id"":763994911,""deezer_track_id"":3389132901,""deezer_artist_id"":160,""artistas_secundarios"":[]}",completed,
808,2026-03-06 10:00:11.409608+00,90.0,soda pop,saja boys,972030.0,reggaeton,,kpop demon hunters,,150.0,es,deezer,https://www.deezer.com/track/3412534561,"{""pais"":""US"",""posicion"":90,""es_infantil"":false,""deezer_album_id"":771853201,""deezer_track_id"":3412534561,""deezer_artist_id"":330311471,""artistas_secundarios"":[]}",completed,
811,2026-03-06 10:00:22.713854+00,93.0,homewrecker,sombr,944905.0,reggaeton,,homewrecker,,209.0,es,deezer,https://www.deezer.com/track/3794985752,"{""pais"":""US"",""posicion"":93,""es_infantil"":false,""deezer_album_id"":904017142,""deezer_track_id"":3794985752,""deezer_artist_id"":145468192,""artistas_secundarios"":[]}",completed,
840,2026-03-06 10:02:12.434146+00,24.0,no death,mirel wagner,26637.0,rock,,mirel wagner,,189.0,es,deezer,https://www.deezer.com/track/13924958,"{""pais"":""PR"",""posicion"":24,""es_infantil"":false,""deezer_album_id"":1275316,""deezer_track_id"":13924958,""deezer_artist_id"":555229,""artistas_secundarios"":[]}",completed,
859,2026-03-06 10:03:24.745553+00,43.0,repenti,renan luce,3425.0,reggaeton,,repenti,,246.0,es,deezer,https://www.deezer.com/track/907017,"{""pais"":""PR"",""posicion"":43,""es_infantil"":false,""deezer_album_id"":102427,""deezer_track_id"":907017,""deezer_artist_id"":14015,""artistas_secundarios"":[]}",completed,
912,2026-03-06 17:35:37.400655+00,15.0,cuando no era cantante remix,el bogueto,755342.0,reggaeton,,cuando no era cantante remix,,327.0,es,deezer,https://www.deezer.com/track/3703400922,"{""pais"":""PY"",""posicion"":15,""error_letra"":""No encontrada en Genius"",""es_infantil"":false,""deezer_album_id"":873052852,""deezer_track_id"":3703400922,""deezer_artist_id"":198777307,""artistas_secundarios"":[]}",error,
913,2026-03-06 17:35:45.562766+00,66.0,volando remix,mora,689386.0,reggaeton,,volando remix,,273.0,es,deezer,https://www.deezer.com/track/1425937972,"{""pais"":""PY"",""posicion"":66,""error_letra"":""No encontrada en Genius"",""es_infantil"":false,""deezer_album_id"":242452202,""deezer_track_id"":1425937972,""deezer_artist_id"":3922661,""artistas_secundarios"":[]}",error,
917,2026-03-06 17:36:20.57377+00,55.0,klanga remix,gostan,436518.0,reggaeton,,klanga,,264.0,es,deezer,https://www.deezer.com/track/89904353,"{""pais"":""EC"",""posicion"":55,""es_infantil"":false,""deezer_album_id"":9105309,""deezer_track_id"":89904353,""deezer_artist_id"":5928675,""artistas_secundarios"":[]}",completed,
919,2026-03-06 17:36:34.225374+00,37.0,best friend remix,cent,493333.0,reggaeton,,best of cent,,254.0,es,deezer,https://www.deezer.com/track/145429552,"{""pais"":""VE"",""posicion"":37,""error_letra"":""No encontrada en Genius"",""es_infantil"":false,""deezer_album_id"":15801900,""deezer_track_id"":145429552,""deezer_artist_id"":66,""artistas_secundarios"":[]}",error,
920,2026-03-06 17:36:39.221427+00,74.0,ramukanji remix,onetox,22096.0,reggaeton,,streets of honiara affirmation iv,,202.0,es,deezer,https://www.deezer.com/track/476808722,"{""pais"":""VE"",""posicion"":74,""error_letra"":""No encontrada en Genius"",""es_infantil"":false,""deezer_album_id"":59639152,""deezer_track_id"":476808722,""deezer_artist_id"":4709670,""artistas_secundarios"":[]}",error,
926,2026-03-06 18:50:37.628041+00,4.0,llorando tu partida,desconocido,184727.0,reggaeton,,,,229.0,es,youtube,https://youtube.com/watch?v=1NVfxp0JPgU,"{""pais"":""PE"",""posicion"":4,""thumbnail"":""https://i.ytimg.com/vi/1NVfxp0JPgU/hqdefault.jpg"",""like_count"":""1117"",""es_infantil"":false,""comment_count"":""0"",""youtube_channel"":""Ada y La Nueva Pasión - Topic"",""youtube_video_id"":""1NVfxp0JPgU"",""artistas_secundarios"":[]}",completed,
927,2026-03-06 18:50:39.856016+00,5.0,segun quien,maluma,629740.0,reggaeton,,,,143.0,es,youtube,https://youtube.com/watch?v=OXPoAJA9Pho,"{""pais"":""PE"",""posicion"":5,""thumbnail"":""https://i.ytimg.com/vi/OXPoAJA9Pho/hqdefault.jpg"",""like_count"":""454"",""es_infantil"":false,""comment_count"":""3"",""youtube_channel"":""Pisteo y Compas"",""youtube_video_id"":""OXPoAJA9Pho"",""artistas_secundarios"":[""carin leon""]}",completed,
928,2026-03-06 18:50:41.884089+00,6.0,franco danos skillmartinez novaltbeatz,me cuido,171200.0,reggaeton,,,,227.0,es,youtube,https://youtube.com/watch?v=EKLLyYIVJO0,"{""pais"":""PE"",""posicion"":6,""thumbnail"":""https://i.ytimg.com/vi/EKLLyYIVJO0/hqdefault.jpg"",""like_count"":""8999"",""error_letra"":""No encontrada en Genius"",""es_infantil"":false,""comment_count"":""559"",""youtube_channel"":""Franco Danós "",""youtube_video_id"":""EKLLyYIVJO0"",""artistas_secundarios"":[""skillmartinez novaltbeatz""]}",error,
929,2026-03-06 18:50:43.520488+00,7.0,algo tu,shakira,792700.0,reggaeton,,,,214.0,es,youtube,https://youtube.com/watch?v=DKyvZY5zf_U,"{""pais"":""PE"",""posicion"":7,""thumbnail"":""https://i.ytimg.com/vi/DKyvZY5zf_U/hqdefault.jpg"",""like_count"":""37698"",""es_infantil"":false,""comment_count"":""3972"",""youtube_channel"":""Shakira"",""youtube_video_id"":""DKyvZY5zf_U"",""artistas_secundarios"":[""beele""]}",completed,
930,2026-03-06 18:50:45.161425+00,8.0,vente pa ca,ricky martin,888125.0,reggaeton,,,,260.0,es,youtube,https://youtube.com/watch?v=3kixZSFqugg,"{""pais"":""PE"",""posicion"":8,""thumbnail"":""https://i.ytimg.com/vi/3kixZSFqugg/hqdefault.jpg"",""like_count"":""1662"",""es_infantil"":false,""comment_count"":""8"",""youtube_channel"":""GOD LYRICS"",""youtube_video_id"":""3kixZSFqugg"",""artistas_secundarios"":[]}",completed,
931,2026-03-06 18:50:46.797746+00,9.0,tu carcel,morat,1103710.0,reggaeton,,,,216.0,es,youtube,https://youtube.com/watch?v=L8pZug4x3GQ,"{""pais"":""PE"",""posicion"":9,""thumbnail"":""https://i.ytimg.com/vi/L8pZug4x3GQ/hqdefault.jpg"",""like_count"":""43405"",""es_infantil"":false,""comment_count"":""1869"",""youtube_channel"":""Morat"",""youtube_video_id"":""L8pZug4x3GQ"",""artistas_secundarios"":[]}",completed,
932,2026-03-06 18:50:48.746107+00,10.0,grupo niche,una aventura,294549.0,reggaeton,,,,318.0,es,youtube,https://youtube.com/watch?v=rPLcLO3MPMo,"{""pais"":""PE"",""posicion"":10,""thumbnail"":""https://i.ytimg.com/vi/rPLcLO3MPMo/hqdefault.jpg"",""like_count"":""430"",""es_infantil"":false,""comment_count"":""2"",""youtube_channel"":""La Cueva Fiestera"",""youtube_video_id"":""rPLcLO3MPMo"",""artistas_secundarios"":[]}",completed,
933,2026-03-06 18:50:50.792749+00,11.0,hubo alguien,marc anthony,424178.0,reggaeton,,,,384.0,es,youtube,https://youtube.com/watch?v=9dyFWKP_TPk,"{""pais"":""PE"",""posicion"":28,""thumbnail"":""https://i.ytimg.com/vi/9dyFWKP_TPk/hqdefault.jpg"",""like_count"":""1230"",""es_infantil"":false,""comment_count"":""4"",""youtube_channel"":""FireFly"",""youtube_video_id"":""9dyFWKP_TPk"",""artistas_secundarios"":[]}",completed,
934,2026-03-06 18:50:52.533144+00,12.0,necio,romeo santos,661603.0,reggaeton,,,,265.0,es,youtube,https://youtube.com/watch?v=kr_0_cMd5Ks,"{""pais"":""PE"",""posicion"":12,""thumbnail"":""https://i.ytimg.com/vi/kr_0_cMd5Ks/hqdefault.jpg"",""like_count"":""590"",""es_infantil"":false,""comment_count"":""2"",""youtube_channel"":""Amore Lyrics"",""youtube_video_id"":""kr_0_cMd5Ks"",""artistas_secundarios"":[""carlos santana""]}",completed,
935,2026-03-06 18:50:54.186934+00,13.0,yo quiero el sei66eis,hades66,1570210.0,reggaeton,,,,148.0,es,youtube,https://youtube.com/watch?v=R4ONYly2wWI,"{""pais"":""PE"",""posicion"":13,""thumbnail"":""https://i.ytimg.com/vi/R4ONYly2wWI/hqdefault.jpg"",""like_count"":""55046"",""error_letra"":""No encontrada en Genius"",""es_infantil"":false,""comment_count"":""1279"",""youtube_channel"":""Hades 66"",""youtube_video_id"":""R4ONYly2wWI"",""artistas_secundarios"":[]}",error,
936,2026-03-06 18:50:55.824633+00,14.0,caraluna,bacilos,418946.0,pop,,,,270.0,es,youtube,https://youtube.com/watch?v=LAd8S6vh4lc,"{""pais"":""PE"",""posicion"":14,""thumbnail"":""https://i.ytimg.com/vi/LAd8S6vh4lc/hqdefault.jpg"",""like_count"":""621"",""es_infantil"":false,""comment_count"":""7"",""youtube_channel"":""Romantic Music"",""youtube_video_id"":""LAd8S6vh4lc"",""artistas_secundarios"":[]}",completed,
938,2026-03-06 18:50:59.622426+00,16.0,idilio,willie colon,1146284.0,reggaeton,,,,312.0,es,youtube,https://youtube.com/watch?v=z1mISUYDEiA,"{""pais"":""PE"",""posicion"":16,""thumbnail"":""https://i.ytimg.com/vi/z1mISUYDEiA/hqdefault.jpg"",""like_count"":""2615"",""es_infantil"":false,""comment_count"":""101"",""youtube_channel"":""SEIKO"",""youtube_video_id"":""z1mISUYDEiA"",""artistas_secundarios"":[]}",completed,
939,2026-03-06 18:51:01.280884+00,17.0,26is jeyceu jaico lilchori,g5,144767.0,reggaeton,,,,164.0,es,youtube,https://youtube.com/watch?v=mUUiKVWeT_w,"{""pais"":""PE"",""posicion"":17,""thumbnail"":""https://i.ytimg.com/vi/mUUiKVWeT_w/hqdefault.jpg"",""like_count"":""11712"",""error_letra"":""No encontrada en Genius"",""es_infantil"":false,""comment_count"":""796"",""youtube_channel"":""26is"",""youtube_video_id"":""mUUiKVWeT_w"",""artistas_secundarios"":[]}",error,
940,2026-03-06 18:51:02.569915+00,18.0,tu boda,oscar maydon,940405.0,reggaeton,,,,227.0,es,youtube,https://youtube.com/watch?v=hDdlYrzY4kc,"{""pais"":""PE"",""posicion"":18,""thumbnail"":""https://i.ytimg.com/vi/hDdlYrzY4kc/hqdefault.jpg"",""like_count"":""1334"",""es_infantil"":false,""comment_count"":""19"",""youtube_channel"":""Urbanmx Ly"",""youtube_video_id"":""hDdlYrzY4kc"",""artistas_secundarios"":[]}",completed,
941,2026-03-06 18:51:04.409173+00,19.0,calm down,rema,1844330.0,reggaeton,,,,220.0,es,youtube,https://youtube.com/watch?v=6zqivy_xRqE,"{""pais"":""PE"",""posicion"":19,""thumbnail"":""https://i.ytimg.com/vi/6zqivy_xRqE/hqdefault.jpg"",""like_count"":""5936"",""es_infantil"":false,""comment_count"":""32"",""youtube_channel"":""Moonshine"",""youtube_video_id"":""6zqivy_xRqE"",""artistas_secundarios"":[]}",completed,
942,2026-03-06 18:51:06.152085+00,20.0,tonto,j balvin,4273260.0,reggaeton,,,,202.0,es,youtube,https://youtube.com/watch?v=7hJ00483eN4,"{""pais"":""PE"",""posicion"":20,""thumbnail"":""https://i.ytimg.com/vi/7hJ00483eN4/hqdefault.jpg"",""like_count"":""116180"",""es_infantil"":false,""comment_count"":""4725"",""youtube_channel"":""jbalvinVEVO"",""youtube_video_id"":""7hJ00483eN4"",""artistas_secundarios"":[""ryan castro"",""dj snake""]}",completed,
943,2026-03-06 18:51:07.788807+00,21.0,flor palida,marc anthony,209852.0,reggaeton,,,,281.0,es,youtube,https://youtube.com/watch?v=gZMfP5iIevk,"{""pais"":""PE"",""posicion"":21,""thumbnail"":""https://i.ytimg.com/vi/gZMfP5iIevk/hqdefault.jpg"",""like_count"":""241"",""es_infantil"":false,""comment_count"":""1"",""youtube_channel"":""Love Trip"",""youtube_video_id"":""gZMfP5iIevk"",""artistas_secundarios"":[]}",completed,
945,2026-03-06 18:51:11.061021+00,23.0,historia de taxi,ricardo arjona,325471.0,bachata,,,,369.0,es,youtube,https://youtube.com/watch?v=vChbtu-Mlnk,"{""pais"":""PE"",""posicion"":23,""thumbnail"":""https://i.ytimg.com/vi/vChbtu-Mlnk/hqdefault.jpg"",""like_count"":""412"",""es_infantil"":false,""comment_count"":""4"",""youtube_channel"":""Bold Retro"",""youtube_video_id"":""vChbtu-Mlnk"",""artistas_secundarios"":[]}",completed,
946,2026-03-06 18:51:12.805362+00,24.0,lloviendo estrellas,cristian castro,138957.0,reggaeton,,,,258.0,es,youtube,https://youtube.com/watch?v=A0ZHOBWH8PU,"{""pais"":""PE"",""posicion"":24,""thumbnail"":""https://i.ytimg.com/vi/A0ZHOBWH8PU/hqdefault.jpg"",""like_count"":""216"",""es_infantil"":false,""comment_count"":""4"",""youtube_channel"":""Puro Rock"",""youtube_video_id"":""A0ZHOBWH8PU"",""artistas_secundarios"":[]}",completed,
947,2026-03-06 18:51:14.451407+00,25.0,imitadora,romeo santos,293256.0,reggaeton,,,,236.0,es,youtube,https://youtube.com/watch?v=a2mBKC5Unmg,"{""pais"":""PE"",""posicion"":25,""thumbnail"":""https://i.ytimg.com/vi/a2mBKC5Unmg/hqdefault.jpg"",""like_count"":""452"",""es_infantil"":false,""comment_count"":""13"",""youtube_channel"":""LyricHype"",""youtube_video_id"":""a2mBKC5Unmg"",""artistas_secundarios"":[]}",completed,
948,2026-03-06 18:51:16.111278+00,26.0,loco enamorado,abraham mateo farruko christian daniel,101293.0,reggaeton,,,,253.0,es,youtube,https://youtube.com/watch?v=6C3JSzCF82Q,"{""pais"":""PE"",""posicion"":26,""thumbnail"":""https://i.ytimg.com/vi/6C3JSzCF82Q/hqdefault.jpg"",""like_count"":""266"",""es_infantil"":false,""comment_count"":""3"",""youtube_channel"":""Musica Milagrosa"",""youtube_video_id"":""6C3JSzCF82Q"",""artistas_secundarios"":[""christian daniel""]}",completed,
949,2026-03-06 18:51:17.941155+00,27.0,te fuiste de aqui,reik,269312.0,reggaeton,,,,224.0,es,youtube,https://youtube.com/watch?v=r_ocwYLqLTI,"{""pais"":""PE"",""posicion"":27,""thumbnail"":""https://i.ytimg.com/vi/r_ocwYLqLTI/hqdefault.jpg"",""like_count"":""492"",""es_infantil"":false,""comment_count"":""6"",""youtube_channel"":""RIXELUS"",""youtube_video_id"":""r_ocwYLqLTI"",""artistas_secundarios"":[]}",completed,
950,2026-03-06 18:51:19.672667+00,28.0,wo oh oh,omar courtz roa,5542384.0,reggaeton,,,,270.0,es,youtube,https://youtube.com/watch?v=nONFnjR5VFI,"{""pais"":""PE"",""posicion"":28,""thumbnail"":""https://i.ytimg.com/vi/nONFnjR5VFI/hqdefault.jpg"",""like_count"":""87671"",""es_infantil"":false,""comment_count"":""1928"",""youtube_channel"":""Omar Courtz"",""youtube_video_id"":""nONFnjR5VFI"",""artistas_secundarios"":[]}",completed,
951,2026-03-06 18:51:21.513452+00,29.0,las estrellas de la cumbia en vivo,mix cantinero,157122.0,cumbia,,,,445.0,es,youtube,https://youtube.com/watch?v=CbKoV0qgmSI,"{""pais"":""PE"",""posicion"":29,""thumbnail"":""https://i.ytimg.com/vi/CbKoV0qgmSI/hqdefault.jpg"",""like_count"":""1433"",""es_infantil"":false,""comment_count"":""102"",""youtube_channel"":""Las Estrellas De La Cumbia"",""youtube_video_id"":""CbKoV0qgmSI"",""artistas_secundarios"":[]}",completed,
953,2026-03-07 04:23:25.686967+00,,la gran dedicacion,ivan villazon,0.0,opera,,recopilacion alberto santos romero,2024.0,299.0,es,spotify_search,https://open.spotify.com/track/4OrTPMldYUE8oIwETmKAYM,"{""pais"":""CO"",""error_letra"":""No encontrada en Genius"",""es_infantil"":false,""todos_artistas"":""Ivan Villazon"",""spotify_track_id"":""4OrTPMldYUE8oIwETmKAYM"",""artistas_secundarios"":[]}",error,
954,2026-03-07 04:27:06.865138+00,,medio friends,danny ocean,0.0,reggaeton,,joyas perdidas,2024.0,149.0,es,spotify_search,https://open.spotify.com/track/2nDL3emXFWE4r4cWcXhTvm,"{""pais"":""CO"",""es_infantil"":false,""todos_artistas"":""Danny Ocean"",""spotify_track_id"":""2nDL3emXFWE4r4cWcXhTvm"",""artistas_secundarios"":[]}",completed,
955,2026-03-07 04:27:11.451781+00,,this is colombia,pirlo,0.0,reggaeton,,el androide,2025.0,156.0,es,spotify_search,https://open.spotify.com/track/1pnK2LlYNzYbiJ7KyMgn7E,"{""pais"":""CO"",""es_infantil"":false,""todos_artistas"":""Pirlo, El Americano 4KT"",""spotify_track_id"":""1pnK2LlYNzYbiJ7KyMgn7E"",""artistas_secundarios"":[]}",completed,
956,2026-03-07 04:27:16.001601+00,,colombian,tribal kush,0.0,reggaeton,,colombian,2024.0,143.0,es,spotify_search,https://open.spotify.com/track/36189VClfEFA0xZ28LJ0AU,"{""pais"":""CO"",""es_infantil"":false,""todos_artistas"":""Tribal Kush, Basta Lion, Kybba"",""spotify_track_id"":""36189VClfEFA0xZ28LJ0AU"",""artistas_secundarios"":[]}",completed,
957,2026-03-07 04:27:20.523756+00,,sanka,ryan castro,0.0,reggaeton,,sende,2025.0,155.0,es,spotify_search,https://open.spotify.com/track/46ufabZP6oK3ixmN6Gd753,"{""pais"":""CO"",""es_infantil"":false,""todos_artistas"":""Ryan Castro, Dongo"",""spotify_track_id"":""46ufabZP6oK3ixmN6Gd753"",""artistas_secundarios"":[]}",completed,
958,2026-03-07 04:27:24.981691+00,,ultra complicado ryan castro version,kenny die,0.0,reggaeton,,ultra complicado ryan castro version,2025.0,170.0,es,spotify_search,https://open.spotify.com/track/1No3PlwIHeS3dNTIAjV76S,"{""pais"":""CO"",""es_infantil"":false,""todos_artistas"":""Kenny Die, Ryan Castro"",""spotify_track_id"":""1No3PlwIHeS3dNTIAjV76S"",""artistas_secundarios"":[]}",completed,
959,2026-03-07 04:27:29.499187+00,,oe bebe,blessd,0.0,reggaeton,,oe bebe,2024.0,186.0,es,spotify_search,https://open.spotify.com/track/57pj5sOWSCAqZm088LMcE4,"{""pais"":""CO"",""es_infantil"":false,""todos_artistas"":""Blessd, Maluma"",""spotify_track_id"":""57pj5sOWSCAqZm088LMcE4"",""artistas_secundarios"":[]}",completed,
960,2026-03-07 05:01:26.57396+00,,colombia,jaycc,0.0,reggaeton,,colombia,2024.0,139.0,es,spotify_search,https://open.spotify.com/track/06JuYmYPvFUwRdRUMkBfYW,"{""pais"":""CO"",""es_infantil"":false,""todos_artistas"":""Jaycc"",""spotify_track_id"":""06JuYmYPvFUwRdRUMkBfYW"",""artistas_secundarios"":[]}",completed,
961,2026-03-07 05:01:32.223716+00,,colombiana,elemece,0.0,reggaeton,,colombiana,2025.0,166.0,es,spotify_search,https://open.spotify.com/track/6KnM1tRkiFL9ogqAalnrny,"{""pais"":""CO"",""es_infantil"":false,""todos_artistas"":""Elemece, Almanegra"",""spotify_track_id"":""6KnM1tRkiFL9ogqAalnrny"",""artistas_secundarios"":[]}",completed,
962,2026-03-07 05:01:37.859576+00,,urus blue,blessd,0.0,reggaeton,,urus blue,2025.0,207.0,es,spotify_search,https://open.spotify.com/track/3vTCoIm1kizVoy9O5KNtAG,"{""pais"":""CO"",""es_infantil"":false,""todos_artistas"":""Blessd, Los Money Makers, Prodmonja"",""spotify_track_id"":""3vTCoIm1kizVoy9O5KNtAG"",""artistas_secundarios"":[]}",completed,
963,2026-03-07 05:01:43.214583+00,,ni x el putxs,ryan castro,0.0,reggaeton,,ni x el putxs,2025.0,187.0,es,spotify_search,https://open.spotify.com/track/1KL5rlmHCcyqkoGHjsle8v,"{""pais"":""CO"",""es_infantil"":false,""todos_artistas"":""Ryan Castro, Kris R."",""spotify_track_id"":""1KL5rlmHCcyqkoGHjsle8v"",""artistas_secundarios"":[]}",completed,
964,2026-03-07 05:01:49.301479+00,,yunoguara bonus track,blessd,0.0,reggaeton,,trinidad bendita,2025.0,146.0,es,spotify_search,https://open.spotify.com/track/0bI3FYUqolu9UO7hkeq72p,"{""pais"":""CO"",""es_infantil"":false,""todos_artistas"":""Blessd"",""spotify_track_id"":""0bI3FYUqolu9UO7hkeq72p"",""artistas_secundarios"":[]}",completed,
965,2026-03-07 05:01:54.638988+00,,colombian style remix,caracol television,0.0,other,,la reina del flow 3,2026.0,67.0,es,spotify_search,https://open.spotify.com/track/7lZpKO3dul792tlRuja7xL,"{""pais"":""CO"",""error_letra"":""No encontrada en Genius"",""es_infantil"":false,""todos_artistas"":""Caracol Televisión, Valka, Triana, Kiño, Juan Palau, Rapza, Kapuleto, Mc Arthur"",""spotify_track_id"":""7lZpKO3dul792tlRuja7xL"",""artistas_secundarios"":[]}",error,
966,2026-03-07 05:02:00.618689+00,,el tierno,yeison jimenez,0.0,other,,el tierno,2024.0,166.0,es,spotify_search,https://open.spotify.com/track/6W94uSiipjqPHeg4SsW8mf,"{""pais"":""CO"",""es_infantil"":false,""todos_artistas"":""Yeison Jimenez, DFZM"",""spotify_track_id"":""6W94uSiipjqPHeg4SsW8mf"",""artistas_secundarios"":[]}",completed,
967,2026-03-07 05:02:06.091263+00,,magia,blessd,0.0,reggaeton,,blessdeluxury,2024.0,189.0,es,spotify_search,https://open.spotify.com/track/45oMyfpfU6b6rJO8UKkCkG,"{""pais"":""CO"",""es_infantil"":false,""todos_artistas"":""Blessd"",""spotify_track_id"":""45oMyfpfU6b6rJO8UKkCkG"",""artistas_secundarios"":[]}",completed,
968,2026-03-07 05:02:11.452298+00,,papacito,blessd,0.0,reggaeton,,blessdeluxury,2024.0,200.0,es,spotify_search,https://open.spotify.com/track/4dmK2mmHgCcQZ3EWQopoKz,"{""pais"":""CO"",""es_infantil"":false,""todos_artistas"":""Blessd"",""spotify_track_id"":""4dmK2mmHgCcQZ3EWQopoKz"",""artistas_secundarios"":[]}",completed,
969,2026-03-07 05:02:16.153793+00,,amarte mas no pude,diomedes diaz,0.0,other,,exitos diomedes diaz y joe arroyo,2025.0,286.0,es,spotify_search,https://open.spotify.com/track/0oTn6wwj6KdI5Gzdcujf9Z,"{""pais"":""CO"",""es_infantil"":false,""todos_artistas"":""Diomedes Diaz, Juancho Rois"",""spotify_track_id"":""0oTn6wwj6KdI5Gzdcujf9Z"",""artistas_secundarios"":[]}",completed,
970,2026-03-07 05:02:22.31835+00,,el ritmo que nos une,ryan castro,0.0,reggaeton,,el ritmo que nos une,2024.0,189.0,es,spotify_search,https://open.spotify.com/track/79IBoMfFn67UI15YkP1FSp,"{""pais"":""CO"",""es_infantil"":false,""todos_artistas"":""Ryan Castro, SOG"",""spotify_track_id"":""79IBoMfFn67UI15YkP1FSp"",""artistas_secundarios"":[]}",completed,
971,2026-03-07 05:02:27.973675+00,,la colombiana,juliana,0.0,reggaeton,,la colombiana,2024.0,166.0,es,spotify_search,https://open.spotify.com/track/0L4vNSaf47SbElTWneJUU5,"{""pais"":""CO"",""error_letra"":""No encontrada en Genius"",""es_infantil"":false,""todos_artistas"":""Juliana"",""spotify_track_id"":""0L4vNSaf47SbElTWneJUU5"",""artistas_secundarios"":[]}",error,
972,2026-03-07 05:02:33.163341+00,,miu miu,blessd,0.0,reggaeton,,extraditablessd,2025.0,348.0,es,spotify_search,https://open.spotify.com/track/1btsXTZnL2wVSW8oDWvjMM,"{""pais"":""CO"",""es_infantil"":false,""todos_artistas"":""Blessd, Kris R., Young Fatty, TURY, CARABIN3, GeezyDee"",""spotify_track_id"":""1btsXTZnL2wVSW8oDWvjMM"",""artistas_secundarios"":[]}",completed,
973,2026-03-07 05:02:39.09439+00,,ojitos rojos remix,blessd,0.0,reggaeton,,si sabe,2024.0,203.0,es,spotify_search,https://open.spotify.com/track/2CBcMmYzUemXGeEJ16NHHh,"{""pais"":""CO"",""error_letra"":""No encontrada en Genius"",""es_infantil"":false,""todos_artistas"":""Blessd, Ryan Castro, SOG"",""spotify_track_id"":""2CBcMmYzUemXGeEJ16NHHh"",""artistas_secundarios"":[]}",error,
974,2026-03-07 05:09:32.255211+00,,yogurcito,blessd,0.0,reggaeton,,blessdeluxury,2024.0,183.0,es,spotify_search,https://open.spotify.com/track/6rZno3nqeT7hv2PnSWRuYS,"{""pais"":""CO"",""es_infantil"":false,""todos_artistas"":""Blessd"",""spotify_track_id"":""6rZno3nqeT7hv2PnSWRuYS"",""artistas_secundarios"":[]}",completed,
975,2026-03-07 05:09:37.168476+00,,,karol g,0.0,reggaeton,,,2024.0,298.0,es,spotify_search,https://open.spotify.com/track/3mg9jYNC1NihbthlglzrWP,"{""pais"":""CO"",""error_letra"":""No encontrada en Genius"",""es_infantil"":false,""todos_artistas"":""KAROL G, Feid, DFZM, Ovy On The Drums, J Balvin, Maluma, Ryan Castro, Blessd"",""spotify_track_id"":""3mg9jYNC1NihbthlglzrWP"",""artistas_secundarios"":[]}",error,
976,2026-03-07 05:09:42.442814+00,,virales en insta,jf colombia,0.0,reggaeton,,virales en insta,2024.0,169.0,es,spotify_search,https://open.spotify.com/track/5JLYqA08RKkV38njYhh6Bu,"{""pais"":""CO"",""error_letra"":""No encontrada en Genius"",""es_infantil"":false,""todos_artistas"":""jf colombia, chawy ky"",""spotify_track_id"":""5JLYqA08RKkV38njYhh6Bu"",""artistas_secundarios"":[]}",error,
977,2026-03-07 05:09:47.663146+00,,tendencia global,blessd,0.0,reggaeton,,siempre blessd,2022.0,234.0,es,spotify_search,https://open.spotify.com/track/2TCklWS3S4Zg6e2m2MBoYm,"{""pais"":""CO"",""es_infantil"":false,""todos_artistas"":""Blessd, Myke Towers, Ovy On The Drums"",""spotify_track_id"":""2TCklWS3S4Zg6e2m2MBoYm"",""artistas_secundarios"":[]}",completed,
978,2026-03-07 05:09:52.712908+00,,nueva york,blessd,0.0,reggaeton,,trinidad bendita,2025.0,214.0,es,spotify_search,https://open.spotify.com/track/5U3sC7aA5NxoMSeI1kmO2n,"{""pais"":""CO"",""es_infantil"":false,""todos_artistas"":""Blessd, Los Money Makers, Prodmonja"",""spotify_track_id"":""5U3sC7aA5NxoMSeI1kmO2n"",""artistas_secundarios"":[]}",completed,
979,2026-03-07 05:09:57.41597+00,,viral,ras twm,0.0,reggaeton,,viral,2023.0,205.0,es,spotify_search,https://open.spotify.com/track/3dWtSBWkAvL8zb1xhOHJX4,"{""pais"":""CO"",""es_infantil"":false,""todos_artistas"":""Ras TWM"",""spotify_track_id"":""3dWtSBWkAvL8zb1xhOHJX4"",""artistas_secundarios"":[]}",completed,
980,2026-03-07 05:10:02.26611+00,,hotel,west blanco,0.0,pop,,hotel,2024.0,241.0,es,spotify_search,https://open.spotify.com/track/6E8nqsc7pOshr6NvEY3FaA,"{""pais"":""CO"",""error_letra"":""No encontrada en Genius"",""es_infantil"":false,""todos_artistas"":""West Blanco, Philip Ariaz"",""spotify_track_id"":""6E8nqsc7pOshr6NvEY3FaA"",""artistas_secundarios"":[]}",error,
981,2026-03-07 05:10:06.917547+00,,instagram,blessd,0.0,reggaeton,,instagram,2022.0,162.0,es,spotify_search,https://open.spotify.com/track/0EFxJw34fK8DWlTxx9qYeW,"{""pais"":""CO"",""es_infantil"":false,""todos_artistas"":""Blessd"",""spotify_track_id"":""0EFxJw34fK8DWlTxx9qYeW"",""artistas_secundarios"":[]}",completed,
982,2026-03-07 05:10:11.650174+00,,diomedez,blessd,0.0,trap,,diomedez,2025.0,198.0,es,spotify_search,https://open.spotify.com/track/6qDTm2QbRSLlSmaUSJE6bF,"{""pais"":""CO"",""es_infantil"":false,""todos_artistas"":""Blessd, GeezyDee"",""spotify_track_id"":""6qDTm2QbRSLlSmaUSJE6bF"",""artistas_secundarios"":[]}",completed,
983,2026-03-07 05:10:16.593037+00,,de diciembre,blessd,0.0,reggaeton,,extraditablessd,2025.0,281.0,es,spotify_search,https://open.spotify.com/track/2hScMilrNzlbD9VD88t7jD,"{""pais"":""CO"",""es_infantil"":false,""todos_artistas"":""Blessd, Kris R., Young Fatty, TURY, CARABIN3, GeezyDee"",""spotify_track_id"":""2hScMilrNzlbD9VD88t7jD"",""artistas_secundarios"":[]}",completed,
984,2026-03-07 05:10:21.655135+00,,nos vamos viral,way influencer,0.0,pop,,afrobeat colombia,2025.0,185.0,es,spotify_search,https://open.spotify.com/track/3xpug6UFG8CGp483D77LEo,"{""pais"":""CO"",""es_infantil"":false,""todos_artistas"":""Way Influencer"",""spotify_track_id"":""3xpug6UFG8CGp483D77LEo"",""artistas_secundarios"":[]}",completed,
985,2026-03-07 05:10:26.444988+00,,apaga la luz,blejo,0.0,reggaeton,,de colombia pal mundo,2025.0,183.0,es,spotify_search,https://open.spotify.com/track/0EEfmAQndsdZHNpLf1tawB,"{""pais"":""CO"",""error_letra"":""No encontrada en Genius"",""es_infantil"":false,""todos_artistas"":""Blejo, Tikhe"",""spotify_track_id"":""0EEfmAQndsdZHNpLf1tawB"",""artistas_secundarios"":[]}",error,
986,2026-03-07 05:10:31.37105+00,,lento,blejo,0.0,reggaeton,,de colombia pal mundo,2025.0,200.0,es,spotify_search,https://open.spotify.com/track/11WQetmGGAGYX48FHAHW3H,"{""pais"":""CO"",""es_infantil"":false,""todos_artistas"":""Blejo, Tikhe"",""spotify_track_id"":""11WQetmGGAGYX48FHAHW3H"",""artistas_secundarios"":[]}",completed,
987,2026-03-07 05:10:36.00778+00,,eso va remix,nabrian,0.0,reggaeton,,eso va,2023.0,218.0,es,spotify_search,https://open.spotify.com/track/5O0ZZz2V25baVogDXBrm32,"{""pais"":""CO"",""error_letra"":""No encontrada en Genius"",""es_infantil"":false,""todos_artistas"":""Nabrian, Pin Ángel, GULAX VIRAL, JcovKTM"",""spotify_track_id"":""5O0ZZz2V25baVogDXBrm32"",""artistas_secundarios"":[]}",error,
989,2026-03-07 05:10:45.668848+00,,visaje,blessd,0.0,reggaeton,,visaje,2023.0,167.0,es,spotify_search,https://open.spotify.com/track/6P8exce0caeTZ1uaKkS2wT,"{""pais"":""CO"",""es_infantil"":false,""todos_artistas"":""Blessd"",""spotify_track_id"":""6P8exce0caeTZ1uaKkS2wT"",""artistas_secundarios"":[]}",completed,
990,2026-03-07 05:10:50.348348+00,,una,blessd,0.0,reggaeton,,una,2019.0,197.0,es,spotify_search,https://open.spotify.com/track/3S7XeuKIZ8fgjzyeAnkARe,"{""pais"":""CO"",""es_infantil"":false,""todos_artistas"":""Blessd"",""spotify_track_id"":""3S7XeuKIZ8fgjzyeAnkARe"",""artistas_secundarios"":[]}",completed,
991,2026-03-07 05:10:55.631103+00,,popercito,blessd,0.0,reggaeton,,extraditablessd,2025.0,186.0,es,spotify_search,https://open.spotify.com/track/3W9Oa66ttFC7wjFoXMwfO0,"{""pais"":""CO"",""es_infantil"":false,""todos_artistas"":""Blessd, Kris R., Young Fatty, TURY, CARABIN3, GeezyDee"",""spotify_track_id"":""3W9Oa66ttFC7wjFoXMwfO0"",""artistas_secundarios"":[]}",completed,
992,2026-03-07 05:11:00.733829+00,,ella no quiere amor,blejo,0.0,reggaeton,,de colombia pal mundo,2025.0,203.0,es,spotify_search,https://open.spotify.com/track/4tHpRl8OkSNeIILVdFTHOP,"{""pais"":""CO"",""es_infantil"":false,""todos_artistas"":""Blejo, Tikhe"",""spotify_track_id"":""4tHpRl8OkSNeIILVdFTHOP"",""artistas_secundarios"":[]}",completed,
993,2026-03-07 05:11:05.573925+00,,si tu supieras,blejo,0.0,pop,,de colombia pal mundo,2025.0,232.0,es,spotify_search,https://open.spotify.com/track/73ENmZQNVt67q7YdMFuVcj,"{""pais"":""CO"",""es_infantil"":false,""todos_artistas"":""Blejo, Tikhe, Landa Freak"",""spotify_track_id"":""73ENmZQNVt67q7YdMFuVcj"",""artistas_secundarios"":[]}",completed,
994,2026-03-07 05:11:10.262491+00,,ella tiene algo,blejo,0.0,reggaeton,,de colombia pal mundo,2025.0,248.0,es,spotify_search,https://open.spotify.com/track/3r0Q6IM3iHs2KEIiFbT5TS,"{""pais"":""CO"",""es_infantil"":false,""todos_artistas"":""Blejo, Tikhe"",""spotify_track_id"":""3r0Q6IM3iHs2KEIiFbT5TS"",""artistas_secundarios"":[]}",completed,
995,2026-03-07 05:11:14.985649+00,,bailemos esta cancion,blejo,0.0,pop,,de colombia pal mundo,2025.0,198.0,es,spotify_search,https://open.spotify.com/track/6ng4riASJ9r3FddszJH52i,"{""pais"":""CO"",""error_letra"":""No encontrada en Genius"",""es_infantil"":false,""todos_artistas"":""Blejo, Tikhe"",""spotify_track_id"":""6ng4riASJ9r3FddszJH52i"",""artistas_secundarios"":[]}",error,
996,2026-03-07 05:11:19.722886+00,,almambolaspennas,blejo,0.0,reggaeton,,de colombia pal mundo,2025.0,241.0,es,spotify_search,https://open.spotify.com/track/63hpCGyOOL42yQoJW4MkZz,"{""pais"":""CO"",""error_letra"":""No encontrada en Genius"",""es_infantil"":false,""todos_artistas"":""Blejo, Tikhe"",""spotify_track_id"":""63hpCGyOOL42yQoJW4MkZz"",""artistas_secundarios"":[]}",error,
997,2026-03-07 05:11:25.229776+00,,bogota,blessd,0.0,reggaeton,,blessdeluxury,2024.0,178.0,es,spotify_search,https://open.spotify.com/track/2NubPWw8mgyH46NCohwRBz,"{""pais"":""CO"",""es_infantil"":false,""todos_artistas"":""Blessd"",""spotify_track_id"":""2NubPWw8mgyH46NCohwRBz"",""artistas_secundarios"":[]}",completed,
998,2026-03-07 05:11:30.382319+00,,ojala,ryan castro,0.0,reggaeton,,ojala,2025.0,156.0,es,spotify_search,https://open.spotify.com/track/1XqfvcXdjSte9ds4zL9Nm9,"{""pais"":""CO"",""es_infantil"":false,""todos_artistas"":""Ryan Castro"",""spotify_track_id"":""1XqfvcXdjSte9ds4zL9Nm9"",""artistas_secundarios"":[]}",completed,
999,2026-03-07 05:11:35.5244+00,,sai,ryan castro,0.0,reggaeton,,hopi sende,2025.0,178.0,es,spotify_search,https://open.spotify.com/track/3eJj2gMCfyLeA0FnHu0Umw,"{""pais"":""CO"",""es_infantil"":false,""todos_artistas"":""Ryan Castro, Rayo & Toby"",""spotify_track_id"":""3eJj2gMCfyLeA0FnHu0Umw"",""artistas_secundarios"":[]}",completed,
1000,2026-03-07 05:11:41.132301+00,,pailas parcera,slow mike,0.0,reggaeton,,pailas parcera,2025.0,188.0,es,spotify_search,https://open.spotify.com/track/7wadGShHx40m4EJGObdjyj,"{""pais"":""CO"",""es_infantil"":false,""todos_artistas"":""Slow Mike, Luister La Voz"",""spotify_track_id"":""7wadGShHx40m4EJGObdjyj"",""artistas_secundarios"":[]}",completed,
1001,2026-03-07 05:11:45.977318+00,,quienlodiria,blejo,0.0,pop,,de colombia pal mundo,2025.0,205.0,es,spotify_search,https://open.spotify.com/track/2AIQc7EF96MG1l7oxTWDHs,"{""pais"":""CO"",""error_letra"":""No encontrada en Genius"",""es_infantil"":false,""todos_artistas"":""Blejo, Tikhe"",""spotify_track_id"":""2AIQc7EF96MG1l7oxTWDHs"",""artistas_secundarios"":[]}",error,
1002,2026-03-07 05:11:51.485086+00,,la primera vez,blejo,0.0,pop,,de colombia pal mundo,2025.0,239.0,es,spotify_search,https://open.spotify.com/track/4BES5wiI0Z1MuuzBKzNjAK,"{""pais"":""CO"",""error_letra"":""No encontrada en Genius"",""es_infantil"":false,""todos_artistas"":""Blejo, Tikhe"",""spotify_track_id"":""4BES5wiI0Z1MuuzBKzNjAK"",""artistas_secundarios"":[]}",error,
1003,2026-03-07 05:11:56.243157+00,,un poquito mas,blejo,0.0,reggaeton,,de colombia pal mundo,2025.0,213.0,es,spotify_search,https://open.spotify.com/track/6VTWgObvgb9fmoSvHwMCm3,"{""pais"":""CO"",""es_infantil"":false,""todos_artistas"":""Blejo, Tikhe"",""spotify_track_id"":""6VTWgObvgb9fmoSvHwMCm3"",""artistas_secundarios"":[]}",completed,
1004,2026-03-07 05:12:01.214573+00,,esteamor,blejo,0.0,pop,,de colombia pal mundo,2025.0,211.0,es,spotify_search,https://open.spotify.com/track/4AFoGE6tlkahCisFPj9FCf,"{""pais"":""CO"",""es_infantil"":false,""todos_artistas"":""Blejo, Tikhe"",""spotify_track_id"":""4AFoGE6tlkahCisFPj9FCf"",""artistas_secundarios"":[]}",completed,
1005,2026-03-07 05:12:05.851613+00,,inquieta,blejo,0.0,other,,de colombia pal mundo,2025.0,224.0,es,spotify_search,https://open.spotify.com/track/2N2rRHjs381unuSd3V4iwf,"{""pais"":""CO"",""es_infantil"":false,""todos_artistas"":""Blejo, Tikhe"",""spotify_track_id"":""2N2rRHjs381unuSd3V4iwf"",""artistas_secundarios"":[]}",completed,
1006,2026-03-07 05:12:11.095215+00,,12x3,dekko,0.0,electronica,,dekkoletera,2023.0,159.0,es,spotify_search,https://open.spotify.com/track/1k94CNfVliqDs0qYhkG8iV,"{""pais"":""CO"",""es_infantil"":false,""todos_artistas"":""DEKKO"",""spotify_track_id"":""1k94CNfVliqDs0qYhkG8iV"",""artistas_secundarios"":[]}",completed,
1007,2026-03-07 05:12:16.028058+00,,se vale too,this is mailo,0.0,reggaeton,,se vale too,2024.0,234.0,es,spotify_search,https://open.spotify.com/track/2K3jRNfBVwNBOggb9vkM3T,"{""pais"":""CO"",""error_letra"":""No encontrada en Genius"",""es_infantil"":false,""todos_artistas"":""This Is Mailo, Tavo the producer, LOSDELAPIÑA"",""spotify_track_id"":""2K3jRNfBVwNBOggb9vkM3T"",""artistas_secundarios"":[]}",error,
1008,2026-03-07 05:12:21.094775+00,,bilbor,esteban rojas,0.0,reggaeton,,bilbor,2024.0,207.0,es,spotify_search,https://open.spotify.com/track/01xLacaMPChcF3E4Fozrbz,"{""pais"":""CO"",""es_infantil"":false,""todos_artistas"":""Esteban Rojas, FineSound Music"",""spotify_track_id"":""01xLacaMPChcF3E4Fozrbz"",""artistas_secundarios"":[]}",completed,
1009,2026-03-07 05:12:26.47721+00,,quien tv,blessd,0.0,reggaeton,,hecho en medellin,2021.0,156.0,es,spotify_search,https://open.spotify.com/track/2ThSBT4fDS83BWu3iMjMRn,"{""pais"":""CO"",""es_infantil"":false,""todos_artistas"":""Blessd"",""spotify_track_id"":""2ThSBT4fDS83BWu3iMjMRn"",""artistas_secundarios"":[]}",completed,
1010,2026-03-07 05:12:31.556088+00,,mocca,dj dever,0.0,electronica,,mocca,2024.0,178.0,es,spotify_search,https://open.spotify.com/track/0g0425bn60msT2Fhda0avJ,"{""pais"":""CO"",""es_infantil"":false,""todos_artistas"":""DJ Dever, Hector Nazza"",""spotify_track_id"":""0g0425bn60msT2Fhda0avJ"",""artistas_secundarios"":[]}",completed,
1011,2026-03-07 05:12:36.302479+00,,quien diria,dj dever,0.0,electronica,,quien diria,2024.0,168.0,es,spotify_search,https://open.spotify.com/track/38c19YwHG2WBuFiFsqFcsP,"{""pais"":""CO"",""es_infantil"":false,""todos_artistas"":""DJ Dever, Luister La Voz"",""spotify_track_id"":""38c19YwHG2WBuFiFsqFcsP"",""artistas_secundarios"":[]}",completed,
1012,2026-03-07 05:12:41.560481+00,,vacio,danny sanabria,0.0,reggaeton,,vacio,2023.0,249.0,es,spotify_search,https://open.spotify.com/track/2pwKNlcg50RpRpI4iCUu7Z,"{""pais"":""CO"",""error_letra"":""No encontrada en Genius"",""es_infantil"":false,""todos_artistas"":""Danny Sanabria"",""spotify_track_id"":""2pwKNlcg50RpRpI4iCUu7Z"",""artistas_secundarios"":[]}",error,
1013,2026-03-07 05:12:46.595616+00,,la mini mini,joe arroyo,0.0,cumbia,,exitos diomedes diaz y joe arroyo,2025.0,246.0,es,spotify_search,https://open.spotify.com/track/1XvlDy6JxoOnF5ae5vJdP0,"{""pais"":""CO"",""es_infantil"":false,""todos_artistas"":""Joe Arroyo"",""spotify_track_id"":""1XvlDy6JxoOnF5ae5vJdP0"",""artistas_secundarios"":[]}",completed,
1014,2026-03-07 05:12:51.89527+00,,el condor herido,diomedes diaz,0.0,cumbia,,exitos diomedes diaz y joe arroyo,2025.0,296.0,es,spotify_search,https://open.spotify.com/track/4UliIYW5Mpt0L4lr3GYdZQ,"{""pais"":""CO"",""es_infantil"":false,""todos_artistas"":""Diomedes Diaz"",""spotify_track_id"":""4UliIYW5Mpt0L4lr3GYdZQ"",""artistas_secundarios"":[]}",completed,
1015,2026-03-07 05:12:56.898439+00,,talparacualdelaseriemedusadenetflix,joe arroyo,0.0,cumbia,,exitos diomedes diaz y joe arroyo,2025.0,276.0,es,spotify_search,https://open.spotify.com/track/44lQ6ZSax5Kofg8xz7fZ59,"{""pais"":""CO"",""error_letra"":""No encontrada en Genius"",""es_infantil"":false,""todos_artistas"":""Joe Arroyo"",""spotify_track_id"":""44lQ6ZSax5Kofg8xz7fZ59"",""artistas_secundarios"":[]}",error,
1016,2026-03-07 05:13:01.761913+00,,amparito,adan y su grupo andariego,0.0,cumbia,,viva el amor en vivo,2020.0,273.0,es,spotify_search,https://open.spotify.com/track/0ZC0hk6PLVyisvIDjM4lt5,"{""pais"":""CO"",""error_letra"":""No encontrada en Genius"",""es_infantil"":false,""todos_artistas"":""Adan y su Grupo Andariego"",""spotify_track_id"":""0ZC0hk6PLVyisvIDjM4lt5"",""artistas_secundarios"":[]}",error,
1017,2026-03-07 05:13:06.643767+00,,hielo,flaquito apache,0.0,trap,,hielo,2019.0,173.0,es,spotify_search,https://open.spotify.com/track/2Ycy6qd8Hw7481ZnDLH28P,"{""pais"":""CO"",""error_letra"":""No encontrada en Genius"",""es_infantil"":false,""todos_artistas"":""Flaquito Apache, Azel"",""spotify_track_id"":""2Ycy6qd8Hw7481ZnDLH28P"",""artistas_secundarios"":[]}",error,
1019,2026-03-07 05:13:16.581199+00,,el santo cachon en vivo colombia,los embajadores vallenatos,0.0,cumbia,,grandes exitos,2025.0,366.0,es,spotify_search,https://open.spotify.com/track/3xb4lKvf9siAEhj7H89JNl,"{""pais"":""CO"",""error_letra"":""No encontrada en Genius"",""es_infantil"":false,""todos_artistas"":""Los Embajadores Vallenatos, Robinson Damián, Jairo De La Ossa"",""spotify_track_id"":""3xb4lKvf9siAEhj7H89JNl"",""artistas_secundarios"":[]}",error,
1020,2026-03-07 05:13:21.72061+00,,nunca niegues que te amo,los inquietos del vallenato,0.0,cumbia,,exitos originales,2025.0,300.0,es,spotify_search,https://open.spotify.com/track/6PCm3SFsOdaWkkwAQwzVYs,"{""pais"":""CO"",""es_infantil"":false,""todos_artistas"":""Los inquietos del vallenato"",""spotify_track_id"":""6PCm3SFsOdaWkkwAQwzVYs"",""artistas_secundarios"":[]}",completed,
1021,2026-03-07 05:13:26.366904+00,,mosaico colombiano,silvio brito,0.0,cumbia,,los exitos navidenos de silvio brito,2025.0,177.0,es,spotify_search,https://open.spotify.com/track/5wTnTTVLVTGItGRA8CjQj0,"{""pais"":""CO"",""error_letra"":""No encontrada en Genius"",""es_infantil"":false,""todos_artistas"":""Silvio Brito"",""spotify_track_id"":""5wTnTTVLVTGItGRA8CjQj0"",""artistas_secundarios"":[]}",error,
1022,2026-03-07 05:13:31.253012+00,,bahia live,cortijo y su combo,0.0,cumbia,,el alma de un pueblo,1958.0,388.0,es,spotify_search,https://open.spotify.com/track/4qAvxhZLNkjzKdFRNu8GZ1,"{""pais"":""CO"",""es_infantil"":false,""todos_artistas"":""Cortijo Y Su Combo, Ismael Rivera"",""spotify_track_id"":""4qAvxhZLNkjzKdFRNu8GZ1"",""artistas_secundarios"":[]}",completed,
1023,2026-03-07 05:13:36.596983+00,,caminando solo,santa rm,0.0,trap,,caminando solo,2019.0,152.0,es,spotify_search,https://open.spotify.com/track/4t1Kv9m7osfVj0JAT65PyI,"{""pais"":""CO"",""es_infantil"":false,""todos_artistas"":""Santa RM"",""spotify_track_id"":""4t1Kv9m7osfVj0JAT65PyI"",""artistas_secundarios"":[]}",completed,
1024,2026-03-07 05:13:41.550026+00,,con los crespos hechos en vivo colombia,los embajadores vallenatos,0.0,cumbia,,grandes exitos,2025.0,349.0,es,spotify_search,https://open.spotify.com/track/728iSRYeEMnkhXlBEc1lC8,"{""pais"":""CO"",""error_letra"":""No encontrada en Genius"",""es_infantil"":false,""todos_artistas"":""Los Embajadores Vallenatos, Robinson Damián, Jairo De La Ossa"",""spotify_track_id"":""728iSRYeEMnkhXlBEc1lC8"",""artistas_secundarios"":[]}",error,
1025,2026-03-07 05:13:46.630641+00,,palabras sobran,blessd,0.0,reggaeton,,palabras sobran,2023.0,216.0,es,spotify_search,https://open.spotify.com/track/4wu7jIeJCUhQJaXsXVit0e,"{""pais"":""CO"",""es_infantil"":false,""todos_artistas"":""Blessd"",""spotify_track_id"":""4wu7jIeJCUhQJaXsXVit0e"",""artistas_secundarios"":[]}",completed,
1026,2026-03-07 05:13:51.428071+00,,el borracho amiga mia en vivo colombia,los embajadores vallenatos,0.0,cumbia,,grandes exitos,2025.0,396.0,es,spotify_search,https://open.spotify.com/track/7vJsEsOfKlsz2Hm5GRl7m0,"{""pais"":""CO"",""error_letra"":""No encontrada en Genius"",""es_infantil"":false,""todos_artistas"":""Los Embajadores Vallenatos, Robinson Damián, Jairo De La Ossa"",""spotify_track_id"":""7vJsEsOfKlsz2Hm5GRl7m0"",""artistas_secundarios"":[]}",error,
1027,2026-03-07 05:13:56.817351+00,,tomando y tomando en vivo colombia,los embajadores vallenatos,0.0,cumbia,,grandes exitos,2025.0,334.0,es,spotify_search,https://open.spotify.com/track/3eaExGYUADqwAglLkiFEqI,"{""pais"":""CO"",""error_letra"":""No encontrada en Genius"",""es_infantil"":false,""todos_artistas"":""Los Embajadores Vallenatos, Robinson Damián, Jairo De La Ossa"",""spotify_track_id"":""3eaExGYUADqwAglLkiFEqI"",""artistas_secundarios"":[]}",error,
1028,2026-03-07 05:14:01.791338+00,,homenaje a lupe y polo,uriel henao,0.0,other,,la historia continua vol,2017.0,225.0,es,spotify_search,https://open.spotify.com/track/5jMAExR2ovED4PKbFRVXx4,"{""pais"":""CO"",""error_letra"":""No encontrada en Genius"",""es_infantil"":false,""todos_artistas"":""Uriel Henao"",""spotify_track_id"":""5jMAExR2ovED4PKbFRVXx4"",""artistas_secundarios"":[]}",error,
1029,2026-03-07 05:14:06.556882+00,,popurri,aniceto molina,0.0,cumbia,,mas sabroso que nunca,2005.0,600.0,es,spotify_search,https://open.spotify.com/track/5ndbUsAt6oyeBhZZ4U1NH4,"{""pais"":""CO"",""es_infantil"":false,""todos_artistas"":""Aniceto Molina"",""spotify_track_id"":""5ndbUsAt6oyeBhZZ4U1NH4"",""artistas_secundarios"":[]}",completed,
1030,2026-03-07 05:14:11.312642+00,,tutorial aka casino,kase o,0.0,trap,,previo,2015.0,356.0,es,spotify_search,https://open.spotify.com/track/1HilTP0Hkho0D0lbXm16NE,"{""pais"":""CO"",""es_infantil"":false,""todos_artistas"":""Kase.O"",""spotify_track_id"":""1HilTP0Hkho0D0lbXm16NE"",""artistas_secundarios"":[]}",completed,
1031,2026-03-07 05:14:16.09086+00,,se le moja la canoa en vivo colombia,los embajadores vallenatos,0.0,cumbia,,grandes exitos,2025.0,486.0,es,spotify_search,https://open.spotify.com/track/1NS1lDz3IMfK4yOAuAW2Zc,"{""pais"":""CO"",""error_letra"":""No encontrada en Genius"",""es_infantil"":false,""todos_artistas"":""Los Embajadores Vallenatos, Robinson Damián, Jairo De La Ossa"",""spotify_track_id"":""1NS1lDz3IMfK4yOAuAW2Zc"",""artistas_secundarios"":[]}",error,
1032,2026-03-07 05:14:21.057966+00,,la juntera en vivo colombia,los embajadores vallenatos,0.0,cumbia,,grandes exitos,2025.0,438.0,es,spotify_search,https://open.spotify.com/track/2mS8LSvZewLQp7KDvoEr0C,"{""pais"":""CO"",""error_letra"":""No encontrada en Genius"",""es_infantil"":false,""todos_artistas"":""Los Embajadores Vallenatos, Robinson Damián, Jairo De La Ossa"",""spotify_track_id"":""2mS8LSvZewLQp7KDvoEr0C"",""artistas_secundarios"":[]}",error,
1033,2026-03-07 05:14:26.008089+00,,tomando por ella en vivo colombia,los embajadores vallenatos,0.0,cumbia,,grandes exitos,2025.0,304.0,es,spotify_search,https://open.spotify.com/track/06RQAXiwAyJj1bze8bwbi8,"{""pais"":""CO"",""error_letra"":""No encontrada en Genius"",""es_infantil"":false,""todos_artistas"":""Los Embajadores Vallenatos, Robinson Damián, Jairo De La Ossa"",""spotify_track_id"":""06RQAXiwAyJj1bze8bwbi8"",""artistas_secundarios"":[]}",error,
1034,2026-03-07 05:14:30.873061+00,,aceitedecoco,blessd,0.0,reggaeton,,aceite de coco,2025.0,401.0,es,spotify_search,https://open.spotify.com/track/0hzO3OqNIPCwRKxvwBdtjS,"{""pais"":""CO"",""error_letra"":""No encontrada en Genius"",""es_infantil"":false,""todos_artistas"":""Blessd, Ryan Castro, De La Ghetto, Darell, Sahir, Hades66, Kris R."",""spotify_track_id"":""0hzO3OqNIPCwRKxvwBdtjS"",""artistas_secundarios"":[]}",error,
1035,2026-03-07 05:14:36.01698+00,,sindicado de amor en vivo colombia,los embajadores vallenatos,0.0,cumbia,,grandes exitos,2025.0,300.0,es,spotify_search,https://open.spotify.com/track/6BDOAjEc3O8QRwMiPB8RSv,"{""pais"":""CO"",""error_letra"":""No encontrada en Genius"",""es_infantil"":false,""todos_artistas"":""Los Embajadores Vallenatos, Robinson Damián, Jairo De La Ossa"",""spotify_track_id"":""6BDOAjEc3O8QRwMiPB8RSv"",""artistas_secundarios"":[]}",error,
1036,2026-03-07 05:14:40.830988+00,,x ti,kapo,0.0,reggaeton,,por si alguien nos escucha,2025.0,215.0,es,spotify_search,https://open.spotify.com/track/4TFjpINnVhINpTdrtNQIvx,"{""pais"":""CO"",""es_infantil"":false,""todos_artistas"":""Kapo, Feid"",""spotify_track_id"":""4TFjpINnVhINpTdrtNQIvx"",""artistas_secundarios"":[]}",completed,
1037,2026-03-07 05:14:45.489546+00,,bonus track,yosh,0.0,other,,oculto,2021.0,223.0,es,spotify_search,https://open.spotify.com/track/4q9Kca8sABRWU1SV0bnLHo,"{""pais"":""CO"",""es_infantil"":false,""todos_artistas"":""yosh"",""spotify_track_id"":""4q9Kca8sABRWU1SV0bnLHo"",""artistas_secundarios"":[]}",completed,
1038,2026-03-07 05:14:50.788884+00,,el campanero,la banda tropikal de vallenar,0.0,cumbia,,con mas sed sed sed,2018.0,268.0,es,spotify_search,https://open.spotify.com/track/0CcFoaZqXk4TXPOh8FEeDf,"{""pais"":""CO"",""error_letra"":""No encontrada en Genius"",""es_infantil"":false,""todos_artistas"":""La Banda Tropikal de Vallenar"",""spotify_track_id"":""0CcFoaZqXk4TXPOh8FEeDf"",""artistas_secundarios"":[]}",error,
1039,2026-03-07 05:14:55.434515+00,,y para empezar,josestilez,0.0,reggaeton,,vive,2018.0,280.0,es,spotify_search,https://open.spotify.com/track/11vGQMR6le5EaLkJhG8CWU,"{""pais"":""CO"",""es_infantil"":false,""todos_artistas"":""josestilez"",""spotify_track_id"":""11vGQMR6le5EaLkJhG8CWU"",""artistas_secundarios"":[]}",completed,
1040,2026-03-07 05:15:01.028665+00,,la lira en vivo colombia,los embajadores vallenatos,0.0,cumbia,,grandes exitos,2025.0,269.0,es,spotify_search,https://open.spotify.com/track/5dnsxRTNfsbQgONUWF6QqL,"{""pais"":""CO"",""error_letra"":""No encontrada en Genius"",""es_infantil"":false,""todos_artistas"":""Los Embajadores Vallenatos, Robinson Damián, Jairo De La Ossa"",""spotify_track_id"":""5dnsxRTNfsbQgONUWF6QqL"",""artistas_secundarios"":[]}",error,
1041,2026-03-07 05:15:06.396615+00,,vacaciones en colombia,guaracha exitos music,0.0,cumbia,,vacaciones en colombia,2025.0,145.0,es,spotify_search,https://open.spotify.com/track/19M5xlxfIv6SpLGJ7MyrHw,"{""pais"":""CO"",""error_letra"":""No encontrada en Genius"",""es_infantil"":false,""todos_artistas"":""GUARACHA EXITOS MUSIC"",""spotify_track_id"":""19M5xlxfIv6SpLGJ7MyrHw"",""artistas_secundarios"":[]}",error,
1042,2026-03-07 05:15:11.650193+00,,mi vida,nengo flow,0.0,reggaeton,,los reyes del rap,2015.0,281.0,es,spotify_search,https://open.spotify.com/track/21P25Ccb1Q6wOpL2IXAQ0o,"{""pais"":""CO"",""es_infantil"":false,""todos_artistas"":""Ñengo Flow"",""spotify_track_id"":""21P25Ccb1Q6wOpL2IXAQ0o"",""artistas_secundarios"":[]}",completed,
1043,2026-03-07 05:15:16.847767+00,,fdsr,ryan castro,0.0,reggaeton,,fdsr,2024.0,188.0,es,spotify_search,https://open.spotify.com/track/3KwYiawBfqngH7eaUHQn2N,"{""pais"":""CO"",""es_infantil"":false,""todos_artistas"":""Ryan Castro, Maisak"",""spotify_track_id"":""3KwYiawBfqngH7eaUHQn2N"",""artistas_secundarios"":[]}",completed,
1044,2026-03-07 05:15:21.838081+00,,ritmo de colombia en vivo,aniceto molina,0.0,cumbia,,el tigre sabanero,2017.0,199.0,es,spotify_search,https://open.spotify.com/track/0u0X0aXL8PXU0ok5FaJYVw,"{""pais"":""CO"",""error_letra"":""No encontrada en Genius"",""es_infantil"":false,""todos_artistas"":""Aniceto Molina"",""spotify_track_id"":""0u0X0aXL8PXU0ok5FaJYVw"",""artistas_secundarios"":[]}",error,
1045,2026-03-07 05:15:26.552361+00,,cantadores de hoy y siempre,armando martinez,0.0,other,,mi tristeza,2021.0,402.0,es,spotify_search,https://open.spotify.com/track/2anOpe8wOOmtDEcH84DnCu,"{""pais"":""CO"",""es_infantil"":false,""todos_artistas"":""Armando Martínez"",""spotify_track_id"":""2anOpe8wOOmtDEcH84DnCu"",""artistas_secundarios"":[]}",completed,
1046,2026-03-07 05:15:31.41198+00,,rompiendoel hielo,apache,0.0,reggaeton,,ahora o nunca,2017.0,348.0,es,spotify_search,https://open.spotify.com/track/14R6HWKOkzOVbpUvFpdHSn,"{""pais"":""CO"",""es_infantil"":false,""todos_artistas"":""Apache"",""spotify_track_id"":""14R6HWKOkzOVbpUvFpdHSn"",""artistas_secundarios"":[]}",completed,
1047,2026-03-07 05:15:36.128604+00,,cuando estoy lejos de ti,trio america,0.0,pop,,exitos de colombia vol 2,2025.0,163.0,es,spotify_search,https://open.spotify.com/track/1HNqvWe8Lpf9FmZbWOVn7s,"{""pais"":""CO"",""es_infantil"":false,""todos_artistas"":""Trio America"",""spotify_track_id"":""1HNqvWe8Lpf9FmZbWOVn7s"",""artistas_secundarios"":[]}",completed,
1048,2026-03-07 05:15:41.022709+00,,dos dias,lucho bowen,0.0,pop,,exitos de rockola grabaciones originales,2024.0,163.0,es,spotify_search,https://open.spotify.com/track/6n8BrAhGrU0gVnLjgxpfaD,"{""pais"":""CO"",""es_infantil"":false,""todos_artistas"":""Lucho Bowen"",""spotify_track_id"":""6n8BrAhGrU0gVnLjgxpfaD"",""artistas_secundarios"":[]}",completed,
1049,2026-03-07 05:15:45.867336+00,,mi amor eres tu album version,silvestre dangond,0.0,pop,,grandes exitos silvestre dangond,2024.0,284.0,es,spotify_search,https://open.spotify.com/track/2dDBPFpQ5FQuz43a2ayPNZ,"{""pais"":""CO"",""error_letra"":""No encontrada en Genius"",""es_infantil"":false,""todos_artistas"":""Silvestre Dangond, Juancho De La Espriella"",""spotify_track_id"":""2dDBPFpQ5FQuz43a2ayPNZ"",""artistas_secundarios"":[]}",error,
1050,2026-03-07 05:15:51.063187+00,,chica freaky no 1,the pilot,0.0,pop,,chica freaky no 1,2023.0,188.0,es,spotify_search,https://open.spotify.com/track/6TUFN77TE5RM8fti9ilYfX,"{""pais"":""CO"",""es_infantil"":false,""todos_artistas"":""The Pilot"",""spotify_track_id"":""6TUFN77TE5RM8fti9ilYfX"",""artistas_secundarios"":[]}",completed,
1052,2026-03-07 05:16:00.963466+00,,quiero volar,jorge meza y su tropi colombia,0.0,cumbia,,exitos de oro,2024.0,286.0,es,spotify_search,https://open.spotify.com/track/55FBgPXgynD9ommdmsTEhN,"{""pais"":""CO"",""es_infantil"":false,""todos_artistas"":""Jorge Meza Y Su Tropi Colombia"",""spotify_track_id"":""55FBgPXgynD9ommdmsTEhN"",""artistas_secundarios"":[]}",pending,
1053,2026-03-07 05:16:06.298096+00,,mi destino,lucho bowen,0.0,pop,,exitos de rockola grabaciones originales,2024.0,170.0,es,spotify_search,https://open.spotify.com/track/0XIGWhHnhMUt6R6is619OD,"{""pais"":""CO"",""es_infantil"":false,""todos_artistas"":""Lucho Bowen"",""spotify_track_id"":""0XIGWhHnhMUt6R6is619OD"",""artistas_secundarios"":[]}",pending,
1054,2026-03-07 05:16:11.149257+00,,palo alto,lu k,0.0,other,,palo alto,2020.0,206.0,es,spotify_search,https://open.spotify.com/track/6p61zVdGAUhAvueeyCAgs2,"{""pais"":""CO"",""es_infantil"":false,""todos_artistas"":""Lu K, Alee Ferrer"",""spotify_track_id"":""6p61zVdGAUhAvueeyCAgs2"",""artistas_secundarios"":[]}",pending,
1055,2026-03-07 05:16:15.997932+00,,contentoso,luis alfonso,0.0,pop,,contentoso,2024.0,169.0,es,spotify_search,https://open.spotify.com/track/2NFWEVIzLcWARyI8BzgA23,"{""pais"":""CO"",""es_infantil"":false,""todos_artistas"":""Luis Alfonso"",""spotify_track_id"":""2NFWEVIzLcWARyI8BzgA23"",""artistas_secundarios"":[]}",pending,
1056,2026-03-07 05:16:21.773403+00,,mujer de novela en vivo,willy garcia,0.0,other,,anos exitos crudo,2024.0,310.0,es,spotify_search,https://open.spotify.com/track/5GhauSN1EJTdtW4yFo7oQx,"{""pais"":""CO"",""es_infantil"":false,""todos_artistas"":""Willy Garcia"",""spotify_track_id"":""5GhauSN1EJTdtW4yFo7oQx"",""artistas_secundarios"":[]}",pending,
1058,2026-03-08 23:22:39.770494+00,,llorando se fue,jorge meza,0.0,cumbia,,exitos de oro,2024.0,255.0,es,spotify_search,https://open.spotify.com/track/67zLWUMExshty6zISI9b9s,"{""pais"":""CO"",""es_infantil"":false,""todos_artistas"":""Jorge Meza Y Su Tropi Colombia"",""spotify_track_id"":""67zLWUMExshty6zISI9b9s"",""artistas_secundarios"":[]}",pending,
1060,2026-03-08 23:43:37.074341+00,,tomame,sonora dinamita,0.0,cumbia,,exitos vol 1,2024.0,187.0,es,spotify_search,https://open.spotify.com/track/1Zjoefv9xLLoEGzbtImlIo,"{""pais"":""CO"",""es_infantil"":false,""todos_artistas"":""Sonora Dinamita"",""spotify_track_id"":""1Zjoefv9xLLoEGzbtImlIo"",""artistas_secundarios"":[]}",pending,
1061,2026-03-08 23:43:49.271632+00,,bendicion,juanda,0.0,reggaeton,,new era,2024.0,177.0,es,spotify_search,https://open.spotify.com/track/69Okhs8O7646vyl0secX1L,"{""pais"":""CO"",""es_infantil"":false,""todos_artistas"":""Juanda"",""spotify_track_id"":""69Okhs8O7646vyl0secX1L"",""artistas_secundarios"":[]}",pending,
1062,2026-03-08 23:43:57.852096+00,,culpablexxx,el ab,0.0,trap,,culpablexxx,2024.0,133.0,es,spotify_search,https://open.spotify.com/track/5GGbW4TlkKD3VCeKQDcG0z,"{""pais"":""CO"",""es_infantil"":false,""todos_artistas"":""El Ab"",""spotify_track_id"":""5GGbW4TlkKD3VCeKQDcG0z"",""artistas_secundarios"":[]}",pending,
1063,2026-03-08 23:44:04.213417+00,,tefelicito,tropitango,0.0,reggaeton,,exitos colombianos y mexicanos vol 1,2024.0,187.0,es,spotify_search,https://open.spotify.com/track/7Dcv9cWsX7OMdOpBJtBn07,"{""pais"":""CO"",""es_infantil"":false,""todos_artistas"":""Tropitango"",""spotify_track_id"":""7Dcv9cWsX7OMdOpBJtBn07"",""artistas_secundarios"":[]}",pending,
1064,2026-03-08 23:44:09.724401+00,,blujiniemos remix,nikael,0.0,reggaeton,,blujiniemos,2024.0,197.0,es,spotify_search,https://open.spotify.com/track/0qsTnzbfzlhee8w9NJLU1u,"{""pais"":""CO"",""es_infantil"":false,""todos_artistas"":""Nikael, Samy Acero"",""spotify_track_id"":""0qsTnzbfzlhee8w9NJLU1u"",""artistas_secundarios"":[]}",pending,
1065,2026-03-08 23:44:15.373914+00,,la cancion del que se fue,lucho bowen,0.0,pop,,exitos de rockola grabaciones originales,2024.0,156.0,es,spotify_search,https://open.spotify.com/track/2LvcxLsi1kFhI9yNdqfoRv,"{""pais"":""CO"",""es_infantil"":false,""todos_artistas"":""Lucho Bowen"",""spotify_track_id"":""2LvcxLsi1kFhI9yNdqfoRv"",""artistas_secundarios"":[]}",pending,
1067,2026-03-08 23:44:26.968716+00,,a colombia me voy,jorge meza y su tropi colombia,0.0,cumbia,,exitos de oro,2024.0,196.0,es,spotify_search,https://open.spotify.com/track/1xYvrPkigpfOhx1JH23d93,"{""pais"":""CO"",""es_infantil"":false,""todos_artistas"":""Jorge Meza Y Su Tropi Colombia"",""spotify_track_id"":""1xYvrPkigpfOhx1JH23d93"",""artistas_secundarios"":[]}",pending,
1068,2026-03-08 23:44:34.419017+00,,te estan matando los anos,jorge meza y su tropi colombia,0.0,cumbia,,exitos de oro,2024.0,254.0,es,spotify_search,https://open.spotify.com/track/1LDCUQGYuJrQRpdkegoEhR,"{""pais"":""CO"",""es_infantil"":false,""todos_artistas"":""Jorge Meza Y Su Tropi Colombia"",""spotify_track_id"":""1LDCUQGYuJrQRpdkegoEhR"",""artistas_secundarios"":[]}",pending,
1069,2026-03-08 23:44:42.582295+00,,de todos mis amores,jorge meza y su tropi colombia,0.0,cumbia,,exitos de oro,2024.0,329.0,es,spotify_search,https://open.spotify.com/track/1NM2eIQRBPFvpU5p2zNVXO,"{""pais"":""CO"",""es_infantil"":false,""todos_artistas"":""Jorge Meza Y Su Tropi Colombia"",""spotify_track_id"":""1NM2eIQRBPFvpU5p2zNVXO"",""artistas_secundarios"":[]}",pending,
1070,2026-03-08 23:44:48.569338+00,,hh,sabue,0.0,other,,caotico,2024.0,161.0,es,spotify_search,https://open.spotify.com/track/1rLAhjg09WIcUPPcVtGbcG,"{""pais"":""CO"",""es_infantil"":false,""todos_artistas"":""Sabue, Nueve Musas"",""spotify_track_id"":""1rLAhjg09WIcUPPcVtGbcG"",""artistas_secundarios"":[]}",pending,
1071,2026-03-08 23:44:53.437674+00,,echao pa lante,joe arroyo,0.0,cumbia,,echao palante,1987.0,246.0,es,spotify_search,https://open.spotify.com/track/1jfRpKvKIqb7yBAIaKyujQ,"{""pais"":""CO"",""es_infantil"":false,""todos_artistas"":""Joe Arroyo, La Verdad"",""spotify_track_id"":""1jfRpKvKIqb7yBAIaKyujQ"",""artistas_secundarios"":[]}",pending,
1072,2026-03-08 23:44:58.144915+00,,doce y treinta,luis alfonso,0.0,pop,,contentoso,2024.0,155.0,es,spotify_search,https://open.spotify.com/track/7gpvpEkBK98kJImUCWIn4Z,"{""pais"":""CO"",""es_infantil"":false,""todos_artistas"":""Luis Alfonso, Jhonny Rivera"",""spotify_track_id"":""7gpvpEkBK98kJImUCWIn4Z"",""artistas_secundarios"":[]}",pending,
1073,2026-03-08 23:45:03.467641+00,,lo que traje de colombia,jorge meza y su tropi colombia,0.0,cumbia,,exitos de oro,2024.0,214.0,es,spotify_search,https://open.spotify.com/track/6UkXGRKojhAo3TyvK9I4UT,"{""pais"":""CO"",""es_infantil"":false,""todos_artistas"":""Jorge Meza Y Su Tropi Colombia"",""spotify_track_id"":""6UkXGRKojhAo3TyvK9I4UT"",""artistas_secundarios"":[]}",pending,
1074,2026-03-08 23:45:09.443371+00,,cumbia george,jorge meza y su tropi colombia,0.0,cumbia,,exitos de oro,2024.0,220.0,es,spotify_search,https://open.spotify.com/track/5lN36GiViAE8YKT7l3Q3cN,"{""pais"":""CO"",""es_infantil"":false,""todos_artistas"":""Jorge Meza Y Su Tropi Colombia"",""spotify_track_id"":""5lN36GiViAE8YKT7l3Q3cN"",""artistas_secundarios"":[]}",pending,
1075,2026-03-08 23:45:15.113641+00,,coco seco,jorge meza y su tropi colombia,0.0,cumbia,,exitos de oro,2024.0,292.0,es,spotify_search,https://open.spotify.com/track/3ZfoWbkkjQuBlBpJ7rTbLf,"{""pais"":""CO"",""es_infantil"":false,""todos_artistas"":""Jorge Meza Y Su Tropi Colombia"",""spotify_track_id"":""3ZfoWbkkjQuBlBpJ7rTbLf"",""artistas_secundarios"":[]}",pending,
1076,2026-03-09 11:09:33.825291+00,1.0,son del duke,mix amor amor,196794.0,reggaeton,,,,367.0,es,youtube,https://youtube.com/watch?v=pHTtVlGYO94,"{""pais"":""PE"",""posicion"":1,""thumbnail"":""https://i.ytimg.com/vi/pHTtVlGYO94/hqdefault.jpg"",""like_count"":""7221"",""es_infantil"":false,""comment_count"":""701"",""youtube_channel"":""Orquesta SON DEL DUKE"",""youtube_video_id"":""pHTtVlGYO94"",""artistas_secundarios"":[""duke""]}",pending,
1077,2026-03-09 11:09:36.294454+00,7.0,mariposa traicionera,mana,862496.0,reggaeton,,,,266.0,es,youtube,https://youtube.com/watch?v=Ex-SPuzEbOI,"{""pais"":""PE"",""posicion"":7,""thumbnail"":""https://i.ytimg.com/vi/Ex-SPuzEbOI/hqdefault.jpg"",""like_count"":""1946"",""es_infantil"":false,""comment_count"":""14"",""youtube_channel"":""Euphoric."",""youtube_video_id"":""Ex-SPuzEbOI"",""artistas_secundarios"":[]}",pending,
1078,2026-03-09 11:09:38.051841+00,12.0,clavado en un bar,mana,258808.0,reggaeton,,,,311.0,es,youtube,https://youtube.com/watch?v=8oKp6xqcinU,"{""pais"":""PE"",""posicion"":12,""thumbnail"":""https://i.ytimg.com/vi/8oKp6xqcinU/hqdefault.jpg"",""like_count"":""642"",""es_infantil"":false,""comment_count"":""9"",""youtube_channel"":""LatinHype"",""youtube_video_id"":""8oKp6xqcinU"",""artistas_secundarios"":[]}",pending,
1079,2026-03-09 11:09:39.598663+00,14.0,dejalos que hablen,la bella luz,69903.0,reggaeton,,,,195.0,es,youtube,https://youtube.com/watch?v=vLBbbhzWvwk,"{""pais"":""PE"",""posicion"":14,""thumbnail"":""https://i.ytimg.com/vi/vLBbbhzWvwk/hqdefault.jpg"",""like_count"":""4827"",""es_infantil"":false,""comment_count"":""431"",""youtube_channel"":""Orquesta LA BELLA LUZ"",""youtube_video_id"":""vLBbbhzWvwk"",""artistas_secundarios"":[]}",pending,
1080,2026-03-09 11:09:41.143869+00,16.0,alok zeeba,hear me now,627810.0,reggaeton,,,,193.0,es,youtube,https://youtube.com/watch?v=Tdp3FFbSuFc,"{""pais"":""PE"",""posicion"":16,""thumbnail"":""https://i.ytimg.com/vi/Tdp3FFbSuFc/hqdefault.jpg"",""like_count"":""4243"",""es_infantil"":false,""comment_count"":""74"",""youtube_channel"":""LatinHype"",""youtube_video_id"":""Tdp3FFbSuFc"",""artistas_secundarios"":[""bruno martini""]}",pending,
1081,2026-03-09 11:09:42.594345+00,17.0,gotas de lluvia,grupo niche,204559.0,reggaeton,,,,377.0,es,youtube,https://youtube.com/watch?v=B0JdZ2F_r_c,"{""pais"":""PE"",""posicion"":17,""thumbnail"":""https://i.ytimg.com/vi/B0JdZ2F_r_c/hqdefault.jpg"",""like_count"":""351"",""es_infantil"":false,""comment_count"":""4"",""youtube_channel"":""Aura Country"",""youtube_video_id"":""B0JdZ2F_r_c"",""artistas_secundarios"":[]}",pending,
1082,2026-03-09 11:09:44.101043+00,20.0,bandido,ana barbara,262995.0,reggaeton,,,,182.0,es,youtube,https://youtube.com/watch?v=cq6QE5-PWwQ,"{""pais"":""PE"",""posicion"":20,""thumbnail"":""https://i.ytimg.com/vi/cq6QE5-PWwQ/hqdefault.jpg"",""like_count"":""617"",""es_infantil"":false,""comment_count"":""9"",""youtube_channel"":""Keller Lyrics"",""youtube_video_id"":""cq6QE5-PWwQ"",""artistas_secundarios"":[]}",pending,
1083,2026-03-09 11:09:45.470292+00,21.0,otra como tu,eros ramazzotti,656402.0,bachata,,,,282.0,es,youtube,https://youtube.com/watch?v=lgnv_4zeXfI,"{""pais"":""PE"",""posicion"":21,""thumbnail"":""https://i.ytimg.com/vi/lgnv_4zeXfI/hqdefault.jpg"",""like_count"":""2020"",""es_infantil"":false,""comment_count"":""31"",""youtube_channel"":""Lufenix"",""youtube_video_id"":""lgnv_4zeXfI"",""artistas_secundarios"":[]}",pending,
1084,2026-03-09 11:09:47.03376+00,25.0,creo en ti,reik,290460.0,reggaeton,,,,167.0,es,youtube,https://youtube.com/watch?v=yebWZqPnLCw,"{""pais"":""PE"",""posicion"":25,""thumbnail"":""https://i.ytimg.com/vi/yebWZqPnLCw/hqdefault.jpg"",""like_count"":""593"",""es_infantil"":false,""comment_count"":""12"",""youtube_channel"":""Luis Jams"",""youtube_video_id"":""yebWZqPnLCw"",""artistas_secundarios"":[]}",pending,
1085,2026-03-09 11:09:48.554717+00,26.0,jose jose el amar y el querer,jose jose,167868.0,reggaeton,,,,236.0,es,youtube,https://youtube.com/watch?v=Sr0rifOsv8Q,"{""pais"":""PE"",""posicion"":26,""thumbnail"":""https://i.ytimg.com/vi/Sr0rifOsv8Q/hqdefault.jpg"",""like_count"":""434"",""es_infantil"":false,""comment_count"":""3"",""youtube_channel"":""FirePlay"",""youtube_video_id"":""Sr0rifOsv8Q"",""artistas_secundarios"":[""el amar y el querer""]}",pending,
