id,song_id,lyrics_text,lyrics_hash,word_count,verse_count,language_detected,source,lyrics_raw_id,created_at,year
812,5,"kapo ryan castro gangsta
que chimba sog
the real combination one more time
again and again and again
si quiere me busca me busca en un party
si quiere me busca me busca que aqui toy
me gusta tu boca y curva de tu body
ven bailemo que ya casi me voy
que suene ese vals y si entra el awoo
mami que prendan los flash
no me voy de aqui si no tengo una peli black
que escuche dancehall y tenga grande atras
un recuerdo un flashback
hasta sin joya tu brilla
 nuevecito mamacita cero milla
vamos todo el finde a parcharno en villa
esto es secretico donde nadie nos pilla
nadie nos pilla
una que baile dancehall el doctor me receto
su mini mini mini mini a mi me hipnotizo
sexy gyal tu anda suelta mami lo se to
su mini mini mini mini a mi me hipnotizo
una que baile dancehall el doctor me receto
su mini mini a mi me hipnotizo
sexy gyal tu anda suelta mami lo se to
su mini mini a mi me hipnotizo
llego to a mafia que convoquen las muneca
hoy voy salido lleca
vamo finca despues de discoteca
no te haga santa mamacita que tu peca
 no baby don t go vamo a cogerlo slow
siente vibra escuchando este dancehall
pero tenemo algo pendiente tu y despues de este show awoo
bye bye todos nos miran pero chao
bye bye conmigo estas chimba no woman no cry
aunque ya se que e que menos runfly
biram
 una que baile dancehall el doctor me receto
su mini mini mini mini a mi me hipnotizo
sexy gyal tu anda suelta mami lo se to
su mini mini mini mini a mi me hipnotizo
una que baile dancehall el doctor me receto
su mini mini a mi me hipnotizo
sexy gyal tu anda suelta mami lo se to
su mini mini a mi me hipnotizo
me fascina tu style me fascina tu style arrebata
hopi bo sanka mami me sonsaca
y mano en pared
asi tal cual el doctor me medico
nada generico original sin quimico
soy su kapo tambien soy su lollipop
brilla mi lollipop como estrella de pop mami
be bebe bye

biram
tu booty smile

biram
una que baile dancehall el doctor me receto
su mini mini mini mini a mi me hipnotizo
sexy gyal tu anda suelta mami lo se to
su mini mini mini a mi me hipnotizo
una que baile dancehall el doctor me receto
su mini mini mini mini a mi me hipnotizo
sexy gyal tu anda suelta mami lo se to
su mini mini a mi me hipnotizo
gangsta",a866d15177da0cb4e6b08e53321a4ac5efcc78b2f3dd9798b488a42886bd7df0,444,65,es,genius,,2026-03-06 18:04:39.830934+00,2025
825,7,"your blades are sharpened with precision
flashing your favorite point of view
i know you re waiting in the distance
just like you always do just like you always do
already pullin me in
already under my skin
and i know exactly how this ends i
let you cut me open just to watch me bleed
gave up who i am for who you wanted me to be
don t know why i m hopin for what i won t receive
fallin for the promise of the emptiness machine
the emptiness machine
goin around like a revolver
it s been decided how we lose
cause there s a fire under the altar
i keep on lyin to i keep on lyin to
already pullin me in
already under my skin
and i know exactly how this ends i
let you cut me open just to watch me bleed
gave up who i am for who you wanted me to be
don t know why i m hopin for what i won t receive
fallin for the promise of the emptiness machine
i only wanted to be part of somethin
i only wanted to be part of part of
i only wanted to be part of somethin
i only wanted to be part of part of
i only wanted to be part of somethin
i only wanted to be part
i let you cut me open just to watch me bleed
gave up who i am for who you wanted me to be
don t know why i m hopin so fuckin naive
fallin for the promise of the emptiness machine
the emptiness machine

the emptiness machine

the emptiness machine",a481b68499e3cfd97251aaac13b92453732773c709a32cf8255af685f6561a87,279,36,es,genius,,2026-03-06 18:06:00.428704+00,2024
139,9,"pensaba que contigo iba a envejecer
en otra vida en otro mundo podra ser
en esta solo queda irme un dia
y solamente verte en el atardecer
si me ven solo y triste no me hablen
si me ven solo y triste soy culpable
vida es una fiesta que un dia termina
y fuiste tu mi baile inolvidable
y fuiste tu mi baile inolvidable


mientras uno esta vivo
uno debe amar lo mas que pueda
pensaba que contigo iba a envejecer
en otra vida en otro mundo podra ser
en esta solo queda irme un dia
y ver l cielo a ver si te veo caer
si me ven solo y triste no me hablen
si me ven solo y triste soy culpable
vida es una fiesta que un dia termina
y fuiste tu mi baile inolvidable
no no te puedo olvidar
no no te puedo borrar
tu me ensenaste a querer
me ensenaste a bailar
no no te puedo olvidar
no no te puedo borrar
tu me ensenaste a querer
me ensenaste a bailar
ey
dime como le hago olvidarte
un paso nuevo que quiero ensenarte
en las noche ya ni puedo dormir
lo que hago es sonarte
no no te puedo olvidar
no no te puedo borrar
tu me ensenaste a querer
me ensenaste a bailar
como tu me besabas como te lo hacia
como tu me mirabas bellaquito me ponia
se siente feo no tenerte cerquita
nueva mama bien pero no es tu boquita
mi diabla mi angel mi loquita
mi diabla mi angel mi loquita ey
esto suena cabron
vamo a hacerlo otra ve
como anoche como anoche
tan tan ta ta
aprieta chamaquito aprieta
¡ahi ahi ahi vamo alla!
no no te puedo olvidar
no no te puedo borrar
tu me ensenaste a querer
me ensenaste a bailar
con cualquiera me puedo acostar
pero no con cualquiera quiero despertar
solo con usted con usted
bailo con usted mas con usted
un beso donde estes donde estes bebe
no no te puedo olvidar
no no te puedo borrar
tu me ensenaste a querer
me ensenaste a bailar
y he tenido muchas novia
pero como tu ninguna
ya no tengo mi sol me paso en luna
si te pienso me tiro de una
mi diabla mi angel mi loquita
mi diabla mi angel mi loquita",15104e83cc59c24df9654ed925ba5522f4ff56e11c90566de16d5b08aafa1bbf,388,67,es,genius,,2026-03-06 02:03:19.144464+00,2026
140,10,"con este tema te voy a hacer viajar en el tiempo
escucha
hoy le pido a mis suenos
que te quiten ropa
que conviertan en besos
todos mis intentos de morderte boca
y aunque entiendo que tu
tu siempre tienes ultima palabra en esto del amor
hoy le pido a tu angel de guarda que comparta
que me de valor y arrojo en batalla ganarla
y es que no quiero pasar por tu vida como las modas
no se asuste senorita nadie le ha hablado de boda
tan solo quiero ser las cuatro patas de tu cama
tu guerra todas las noches tu tregua cada manana
quiero ser tu medicina tus silencios y tus gritos
tu ladron tu policia tu jardin con enanitos
quiero ser escoba que en tu vida barra tristeza
quiero ser tu incertidumbre y sobre todo tu certeza
ja esto es roze
otra vez otra vez
es v y v
max carra
ramky en los controle
y hoy le pido a luna
que me alargue esta noche
y que alumbre con fuerza este sentimiento y baile en los corazones
y aunque entiendo que tu
seras siempre ese sueno que quizas nunca podre alcanzar
y es que no quiero pasar por tu vida como las modas
no se asuste senorita nadie le ha hablado de boda
tan solo quiero ser las cuatro patas de tu cama
tu guerra todas las noche y tu tregua cada manana
quiero ser tu medicina tus silencios y tus gritos
tu ladron tu policia tu jardin con enanitos
quiero ser escoba que en tu vida barra tristeza
quiero ser tu incertidumbre y sobre todo tu certeza",d3de635d441aa782987d31d9f24a14cc00f43fdb4efd7f4c26845e76b7680c8e,273,36,es,genius,,2026-03-06 02:03:22.747419+00,2025
142,12,"jajajajaja
quehicistebella
como antes baby vamo a hacerlo como antes
como cuando no era cantante

mami extrano tu olor necesito tu calor
ven que te quiero hacer el amor
escuchando de fondo mafia del amor
como lo haciamos antes dentro de tu habitacion
mami extrano tu olor necesito tu calor
ven que te quiero hacer el amor
escuchando de fondo mafia del amor
como lo haciamos antes dentro de tu habitacion
como ant s baby vamo a hacerlo como antes
como cuando no era cantant
antes de que me hiciera un ganster
antes de ponerte implante
como antes baby vamo a hacerlo como antes
como cuando no era cantante
antes de que me hiciera un ganster
antes de ponerte implante
deja de esconderte vo a salir a buscarte
deja demostrarte que ya no soy el de ante
rico vo a tratarte lo nuestro e aparte
vamo a hacer deporte despues l restaurante
baby vamo a hacerlo cerlo como ante
y si tu quiere manana puede olvidarte
y un beso a tu mama de mi parte
y si tu quiere ya sabe donde encontrarme
como antes baby vamo a hacerlo como antes
como cuando no era cantante


mami extrano tu olor necesito tu calor
ven que te quiero hacer el amor
escuchando de fondo mafia del amor
como lo haciamos antes dentro de tu habitacion
mami extrano tu olor necesito tu calor
ven que te quiero hacer el amor
escuchando de fondo mafia del amor
como lo haciamos antes dentro de tu habitacion
ando por calle ando en el joseo
tu sabes mami me cuido de los feos
pendiente a ti a las otras ni las leo
extrano los perreos dandote de o
me tienes preso ven dame de
 a mi me dejo el cora ileso
te juro que ha sido dificil el proceso
ando con culos pero mami te pienso
y ahora soy un bandido pero roto
vamos louis v te exploto
ma todavia tengo las fotos
estoy loquito por romperte ese toto




como antes baby vamo a hacerlo como antes
como cuando no era cantante
antes de que me hiciera un ganster
antes de ponerte implante
como antes baby vamo a hacerlo como antes
como cuando no era cantante
antes de que me hiciera un ganster
antes de ponerte implante
jajajajaja
quehicistebella",edfc447f1a7274acc07b18c2ef521b62a6850cee60245cd3aea890d05369d033,383,60,es,genius,,2026-03-06 02:03:30.448134+00,2024
146,14,"i heard you calling on the megaphone
you wanna see me all alone
as legend has it you are quite the pyro
you light the match to watch it blow
and if you d never come for me
i might ve drowned in the melancholy
i swore my loyalty to me myself and i
right before you lit my sky up
all that time
i sat alone in my tower
you were just honing your powers
now i can see it all
late one night
you dug me out of my grave and
saved my heart from the fate of
ophelia
keep it one hundred on the land th sea the sky
pledge allegiance to your hands your team your vibes
don t care where the hell you ve been cause now you re mine
it s bout to be the sleepless night you ve been dreaming of
the fate of ophelia
the eldest daughter of a nobleman
ophelia lived in fantasy
but love was a cold bed full of scorpions
the venom stole her sanity
and if you d never come for me
i might ve lingered in purgatory
you wrap around me like a chain a crown a vine
pulling me into the fire
all that time
i sat alone in my tower
you were just honing your powers
now i can see it all
late one night
you dug me out of my grave and
saved my heart from the fate of
ophelia
keep it one hundred on the land the sea the sky
pledge allegiance to your hands your team your vibes
don t care where the hell you ve been cause now you re mine
it s bout to be the sleepless night you ve been dreaming of
the fate of ophelia
tis locked inside my memory
and only you possess the key
no longer drowning and deceived
all because you came for me
locked inside my memory
and only you possess the key
no longer drowning and deceived
all because you came for me
all that time
i sat alone in my tower
you were just honing your powers
now i can see it all
late one night
you dug me out of my grave and
saved my heart from the fate of
ophelia
keep it one hundred on the land the sea the sky
pledge allegiance to your hands your team your vibes
don t care where the hell you ve been cause now you re mine
it s bout to be the sleepless night you ve been dreaming of
the fate of ophelia
you saved my heart from the fate of ophelia",9f4ce27aae9f01b3e7f7be3ebfdbfb899fed418f2f6cd7288b8b4af5425c1ce9,440,64,es,genius,,2026-03-06 02:03:47.290239+00,2025
151,18,"acho pr es otra cosa
conoci en miami en brickell
ella sabe que aqui ticket
quiere que se aplique
que casa trafique
vo a llevarte pr mami que vea como es que se perrea
traete a tu amiga si te gusta idea
dile que esta noche vamo a janguear
que rico vamo a pasar
aqui nadie se va a casar
pero tu te va a querer quedar
aprovecha qu estoy soltero single
miram mal si quiere que te singue
te vo a llevar pr to el finde
despue de mi va a borrar tinder
y estoy suelto mami estoy suelto
mirame ahora perreando un experto
estoy suelto mami estoy suelto ey ey ey
hoy calle esta prendia hookah pastilla molia
 no pierdo tiempo las cambio como rosalia
que me mira a los ojo por cinco segundo ya se que es mia
donde estan las mala ? que son bienvenia
 toy puesto l lio dime si tu lia
tus amiga y to el corillo tan bien rica
pero ese culo tuyo sobresalia
salimo de disco y estaba de dia
obviamente sali con que queria ey
que puteria
tan tan chuleria ey
dime si te va a montar isla tengo el portal
bien borracho los tre baby a las do me las vo a llevar
me quiere besar ja que puse mal
tirate fotitos ahora porque ahorita te vo a despeinar

vo a llevarte pr mami que vea como es que se perrea
traete a tu amiga si te gusta idea
dile que esta noche vamo a janguear
que rico vamo a pasar
aqui nadie se va a casar
pero tu te va a querer quedar
 si si
esto es pr mami
aqui naci y el reggaeton que sepa
ey ey ey
voy cazando y muero perreando
voy cazando y muero perreando
voy cazando y muero perreando
que bailen toa las gata nos fuimo algarete
tas escuchando al que mas le mete
mami sueltate el grillete
ponte en cuatro que te vo a dar fuete
ponte en cuatro que te vo a dar fue",5d7b98ce19711a708e37bd44e64bdd9db09d3bec8d6b5af8dbcfbc1dc5661f2f,342,51,es,genius,,2026-03-06 02:04:06.905449+00,2026
153,20,"baby where the hell is my husband?
what is takin him so long to find me?
 baby where the hell is my lover?
getting down with another?
tell him if you see him baby if you see him tell him
he should holler
why is this beautiful man waiting for me to get old?
why he already testing my patience?
i only fear he taking time with other women that ain t me
while i ve been reviewin applications
wait till i get my hands on him i ma tell him off too
for how long he kept me waitin anticipatin
prayin to the lord to giv him to my lovin arms
and despite my frustrations
and he must need m
completely
how my heart yearns for him
is he far away?
is he okay?
this man is testing me
help me help me help me lord
i need you to tell me
baby where the hell is my husband?
what is taking him so long to find me?
 baby where the hell is my lover?
getting down with another?
tell him if you see him baby if you see him tell him
he should holler
i m doing lonely acrobatics unzipping my dress at 2 a m
and i m tired of living like this
he must be out there getting ready tryna fix up his tie
hello? this where your wife is
wait till i get your heart goin i ma turn it up too
for how much i m bout to love ya no one above ya
prayin to the lord to hurry hurry you along
baby i intend to rush ya
and he must need me
completely
how my heart yearns for him
is he far away?
is he okay?
this man is testing me
help me help me help me lord
i need you to tell me
baby where the hell is my husband?
what is taking him so long to find me?
 baby where the hell is my lover?
getting down with another?
tell him if you see him baby if you see him tell him
he should holler
tuh tuh tuh tuh
tell him i m mm tell him i m mm with the mm mm mm
tell him i m kind tell him i m 5 5
tell him i ve got brown eyes and a growing fear
that if he doesn t find me now
i m gonna die alone so can he


i want it want it want it want it want it
i would like a i would like a
i would like a diamond on my wedding finger
i would like a big and shiny diamond that i can wave around
and talk and talk about it
and when the day is here forgive me god that i could ever doubt it
until death i do i do i do i
is he about it bout it bout it?
this man is testing me
help me help me help me lord
i need you to tell me
baby where the hell is my husband?
what is taking him so long to find me?
 baby where the hell is my lover?
getting down with another?
tell him that my grandma said it tell him grandma said it
your husband is
coming
i would like a i would like a
i would like a diamond on my wedding finger
i would like a big and shiny
diamond diamond diamond diamond diamond
where is my husband?",50302d0daff9062a9555682b289ae1a7099be7ba6cd9f0e1594af4787630dc47,585,79,es,genius,,2026-03-06 02:04:14.40717+00,2024
840,21,"to el mundo ya supone que tu y somo algo
confirman en calle que contigo es que salgo
 entonce que mentirno mas?
no se que seguir disimulando mas
que importe un culo lo que piensen los demas
tu y nacimo estar juntos me pregunto
que putas esconderno ?
dejemo tanto misterio para verno
 te gusto tu me gustas hace rato se sabe
delante de gente besame
que putas esconderno ?
dejemo tanto misterio para verno
 te gusto tu me gustas hace rato se sabe
delante de gente besame
vo a presumir que estas dura tu gangster tu mi chula
contigo me pasa que no me importa lo que comenten
si nos llegan a altura tienes vibra de alma pura
para el mal ella es mi cura su cintura esta demente
me enamore
de ti mas me enamoro
con espalda en pared
sin pensar que alguien nos vio
de ti me enamore
de ti mas me enamoro
con espalda en pared
sin pensar que alguien nos vio
 que putas esconderno ?
dejemo tanto misterio para verno
 te gusto tu me gustas hace rato se sabe
delante de gente besame
que putas esconderno ?
o o ovy on the drums",e73e61fdf2df4d66bf6051bb7d7e7f560fc2ff2099eaa9b7ea83be753637b743,198,32,es,genius,,2026-03-06 18:07:22.672238+00,2025
144,22,"¡
nueva
yol
!
si te quieres divertir
con encanto y con primor
solo tienes que vivir
 donde?

un verano en nueva york
¡nueva york!

si te quieres divertir
con encanto y con primor
 pero que es esto?

solo tienes que vivir
 y este frio?

un verano en nueva york
un ratito ma

ey ey ey 4 de julio 4th de july
ando con mi primo borracho rulay
los mio en el bronx saben que
con nota en high por washington heights
willie colon me dicen l malo ey
porque pasan los ano y sigo dando palo
vendi ndo disco como cuadro e frida kahlo
el perico es blanco si si el tusi rosita
no te confunda no no mejor evita ey
un shot de canita en casa de tonita y pr se siente cerquita
si si si tengo el campeonato nadie me lo quita
the best in the world
number one the best in the world okey? ¡puerto rico!
como bad bunny va a ser rey del pop ey
con reggaeton y dembow? ey
con reggaeton y dembow si
con reggaeton y dembow
como bad bunny va a ser rey del pop ey
con reggaeton y dembow?
me siento como el lapiz en capea el dough
cuando naci fue que nacio el flow
de o a o ping pong
un flow pesa o big pun
con silenciador les robamo las gata james bond ey
estoy en mia no tengo adversario no
con los yankee y los met juan soto
a correr que otra ve sacamo el estadio
si te quieres divertir
con encanto y con primor
solo tienes que vivir
ya mismo nos vamo

un verano en nueva
un ratito ma un ratito

cuida o que nadie nos escuche
cuida o que nadie nos escuche
cuida o que nadie nos escuche
cuida
tu tiene piquete mami tambien
tu estas buena estoy bueno tambien
huelo rico y ando con los de cien
si tu lo quiere lo tiene que mover
tu tiene piquete mami tambien
tu estas buena estoy bueno tambien
huelo rico y ando con los de cien
si tu lo quiere lo tiene que mover
lo tiene que move ve ve ve ve ve ve ve ve ve ve ve
lo tiene que move ve ve ve ve ve ve ve ve ve ve ve
lo tiene que move ve ve ve ve ve ve ve ve ve ve ve
lo tiene que move ve ve ve ve ve ve ve ve ve ve ve ve ve ve ve",aee1a0f752f183a660a4a03310d444ff0018a3506886d9bf0e7113998142e6a2,421,66,es,genius,,2026-03-06 02:03:38.331714+00,2026
154,23,"otra de mas de las cumbias originales
sus compas de fuerza regida y grupo frontera
vuelvale a marcar compa carlos
pensando y viendo las estrellas pregunte
si en algun lugar esto se estaria repitiendo
si es que en otro mundo tal vez nos gano el deseo
o si solo fuimos un error del universo
baby besame
quiero que vuelvas a mis brazos sentirnos eternos como ultima vez
quiero confesarte te extrano como un loco t pienso se que tu tambien
porfa ma ya vuelv conmigo pero no como amigos como ultima vez
quiero confesarte te extrano como un loco te pienso se que tu tambien
coqueta
si me quieres solo di neta
que se entere todito el planeta
chula ya decide que onda nena
que onda nena
coqueta
si me quieres solo di neta
que se entere todito el planeta
chula ya decide que onda nena
que onda nena
dame dame un besito mami
como no quieres que me clave?
de mi cel ahi te va clave que no hablo con nadie
nomas contigo
dame dame un besito mami
como no quieres que me clave?
de mi cel ahi te va clave que no hablo con nadie
nomas contigo
esto es otro pedo
grupo frontera y fuerza regida
¡ !
es que me mata el recuerdo y solo pienso que pienso
que te quites los dolce gabbana
solo siento que siento que no se que es lo que siento
tanto nos paso en una semana
ya bloqueame si no es cierto pero se baby
cierto que ambos mami nos teniamos ganas
puede que si reconozco se que apenas te conozco
lo que me mato fue tu mirada
baby besame
quiero que vuelvas a mis brazos sentirnos eternos como ultima vez
quiero confesarte te extrano como un loco te pienso se que tu tambien
porfa ma ya vuelve conmigo pero no como amigos como ultima vez
quiero confesarte te extrano como un loco te pienso se que tu tambien
coqueta
si me quieres solo di neta
que se entere todito el planeta
chula ya decide que onda nena
que onda nena
coqueta
si me quieres solo di neta
que se entere todito el planeta
chula ya decide que onda nena
que onda nena
dame dame un besito mami
como no quieres que me clave?
de mi cel ahi te va clave que no hablo con nadie
nomas contigo
dame dame un besito mami
como no quieres que me clave?
de mi cel ahi te va clave que no hablo con nadie
nomas contigo",7c33f5af7811e851f52159232ea913570e545d52da64b005ef9044a4fa11e375,422,64,es,genius,,2026-03-06 02:04:17.908476+00,2025
156,25,"o o ovy on the drums
you re the apple of my eye you
are everything i want
a beer to quench the thirst? nah
better to be kissed by your little mouth my love
temptations like you
deserve sinners like me
if you want it just give the signal
you know i won t say no
you ve got that magic
you really have that little something i love it drives me crazy
sleeping with you was love at first sight when you danced like that
on the neck kisses and tongue i know you love it it drives you crazy
i know you love it it drives you crazy
and sometimes




hey the thing is that ever since i saw your face
i fell in love with all of you you ve just got that something and i don t know what it is
i feel like the same thing happens to you when i look at you
what do you say we chill and watch the sunrise together?
i wanna do everything i want you to be my everthing
i tell you rub it go ahread and then she comes and rubs it
let s meet up later
if you don t like hell why you flirting with the devil?
and she a cutie from medellin and i m from the coast a coleto
i press her close on a single tile
to keep it real with you no fake stuff
it s clear you re pure poison
you ve got that magic
you really have that little something i love it drives me crazy
sleeping with you was love at first sight when you danced like that
on the neck kisses and tongue i know you love it it drives you crazy
i know you love it it drives you crazy
and sometimes




beele
ovy on the rasta drums
w sound
aye
alright",0a955c877d55467ce5aa754ca0315652e5cf5d007d9c0cf1b30f5de7728443fd,317,38,es,genius,,2026-03-06 02:04:24.894959+00,2025
157,26,"baby que tu espera ?
si tu y conectamo primera vez que nos vimo a los ojo
no manera de que me olvide de esa piel canela
quedaron secuela de esa noche
que tu y paramo el tiempo
frente a frente cuerpo a cuerpo
no se por que tan lejos vo
no tiene sentido que con esto que sentimo
tu este por otro camino no s normal
bebe tu alla y aca
no tiene s ntido baby si ya coincidimo
y un par de cosas vivimo no es normal
bebe tu alla y aca
no tiene sentido
 no tiene sentido
no tiene sentido
no tiene sentido
dime mami que fue? que se me hizo?
que hace tiempo no te localizo
manda ubi que te aterrizo
te pienso y me erizo
a tu nombre me desahogo
el video que hicimo a vece lo utilizo
las ganas en el cielo y ropa en el piso
bebe hace tiempo que no te veo
que no me escribes que no te leo
con mi mente a veces peleo
porque me dice que me olvide baby
que tu y paramo el tiempo
frente a frente cuerpo a cuerpo
no se por que tan lejos vo
no tiene sentido que con esto que sentimo
tu este por otro camino no es normal
bebe tu alla y aca
no tiene sentido baby si ya coincidimo
y un par de cosas vivimo no es normal
bebe tu alla y aca
no tiene sentido
 no tiene sentido
no tiene sentido
no tiene sentido",4ed337228a05d34ab569c0cc2477779233e28eef888f1b9a09d539ede650540f,254,41,es,genius,,2026-03-06 02:04:28.542257+00,2025
158,27,"you give me sweet love babe
o o ovy on the drums
or you give me sweet heartbreak
siempre habia singa o
pero contigo es primera vez que hago el amor
tu me encantas ma mucho con demasia o
ser el que te despierte a beso e un honor
baby por favor
imaginate tu y
 y tu los do
bailando esta bien pega o
con un phillie enrola o
imaginate tu y
 y tu tu tu los do
bailando esta bien pega o
con un philli enrola o
tu espalda pega a mi abdom n perreando en una esquinita del vip
me muerde el labio y me pregunta do you like it?
mami obvio si parecemo novio
si me doy otro shot quizas se me escapa un i love you
pero no quiero
por lo meno hasta ayer pensaba
y que soltero estaba melo
pero cupido no fallo su ultima bala esa me dio
y ahora me tiene mirando arriba pidiendo a dio
que nunca se acabe este momento perreandono
se me esta ocurriendo un futuro para los do
que empieza esta noche en mi cama singandono
y ahora me tiene mirando arriba pidiendo a dio
que nunca se acabe este momento perreandono
se me esta ocurriendo un futuro
pero empezar bajemo esta bellaquera
imaginate tu y
 y tu los do
bailando esta bien pega o
con un phillie enrola o
imaginate tu y
 y tu tu tu los do
bailando esta bien pega o
con un phillie enrola o
en camara lenta te quiero ver
en esta esquinita te vo a secuestrar
se mami que a ti te gusta el bling bling
tenerte de espalda mami arrecosta
en camara lenta te quiero ver
en esa esquinita te vo a secuestrar
se mami que a ti te gusta el bling bling
tenerte de espalda mami arrecosta
to a mis ganas se me salen
si me mira asi me pone mal
como me besa es to lo que esta bien
volvamo a hacerlo tu te imagina ?
toa mis ganas se me salen
si me mira asi me pone mal
besarno asi es to lo que esta bien
dime que quedarno con las gana
imaginate tu y
 y tu los do
bailando esta bien pega o
con un phillie enrola o
imaginate tu y
 y tu tu tu los do
bailando esta bien pega o
con un phillie enrola o
gu gu gu gu gu
aye
quevedo oyelo
ovy on the rasta drums
rasta drums
beele keityn
alright
the kristoman
oyelo super",dcb07f94d69aab5fbc2c28e2afce42914816a1ed56609b7f76d3d280a5974db0,421,73,es,genius,,2026-03-06 02:04:32.182824+00,2025
137,28,"ve ve vente y no te quites que tu vas sin
me dijo un man que tu eres mi senora
se tiro de que si y ahora le toca que si
no tengo miedo si te tengo enfrente
tirando labia que voy lante
si se que te las sabes todas
siempre me sale en for you
 queria mi mi bebeci bebeci
una varita diseno su cuerpo
y verdad si esta mas buena explota
ella tiene el truquito el pasito de baile
me pegue que baile me baile
una varita diseno su cuerpo
y verdad si esta mas buena explota
ella tiene el truquito el pasito de baile
 me pegue que baile me baile
a mi me gusta que me tires corazones
porque llevo tiempo detras de ti
 quiero todo quiero que tu te enamores baby
te quiero solo mi
bebe en calle todo saben quienes somos
por que estan mirando aqui
porque brillamos como bli bling
bli bling bli ling
vente y no te quites que tu vas sin
me dijo un man que tu eres mi senora
se tiro de que si y ahora le toca que si
no tengo miedo si te tengo enfrente
tirando labia que voy lante
si se que te las sabes todas
siempre me sale en for you
 queria mi mi bebeci bebeci
una varita diseno su cuerpo
y verdad si esta mas buena explota
ella tiene el truquito el pasito de baile
me pegue que baile me baile
una varita diseno su cuerpo
y verdad si esta mas buena explota
ella tiene el truquito el pasito de baile
me pegue que baile me baile",00961cdd014f0b3af5dc387f477c99c0b408db7114f3c469eaabd525809702c7,271,40,es,genius,,2026-03-06 02:03:08.625755+00,2025
826,29,"¡daddy yankee!
nueva temporada ya empezo play
sonido del bajo bizarrap suena el bass
codigo 787 alias el calenton
 bateria que llego el reggaeton
que lo bueno se metio tu casa
rey sin misterio levantando raza
ando con el poder que to los male arrasa
to el mundo me dice que te pasa?
si me pregunta a nadie le debo
cuando me de aqui nada me llevo
solo me voy con un amor verdadero
los pie en tierra siempre mirando al cielo
¡daddy!
fino es el chamaco y se le nota el barrio
mi flow es eterno ya no es legendario
no te estoy hablando e dolar pero traigo el cambio
es mi father quien llena el estadio
conmigo to lao camina es quien me pone vitamina
verdadera gasolina lina
no me deja para o en esquina de santurce argentina
que tu quiere que te diga?
si me pregunta a nadie le debo
cuando me de aqui nada me llevo
solo me voy con un amor verdadero
los pie en tierra siempre mirando al cielo
¡masivo!

¡ !
bi bi biza buscate visa
que sea es de arriba que el enemigo no avisa
estas viendo un hombre que renace e las ceniza
esto no lo para ni patrulla fronteriza listo
nueva temporada ya empezo play
sonido del bajo bizarrap suena el bass
codigo 787 alias el calenton
 bateria que llego el reggaeton
que lo bueno se metio tu casa
rey sin misterio levantando raza
ando con el poder que to los male arrasa
to el mundo me dice que te pasa?
si me pregunta a nadie le debo
cuando me de aqui nada me llevo
solo me voy con un amor verdadero
los pie en tierra siempre mirando al cielo
¡ !
¡ !


bizarrap",991e05fc270cdaf89fdb3090f75dc64dafc7899bca129f31011e813f737e04ca,295,47,es,genius,,2026-03-06 18:06:05.332254+00,2025
161,31,"te vi me viste al principio fue una broma
luego verdad se asoma ve intercambiamos sonrisas
paso algun tiempo poco menos de una hora
y por debajo de mesa tu tacon toco mi bota
fue mas sencillo que hacer tabla del uno
y a hora del desayuno ya sabia que te amaba
a las semanas de iniciar con aventura
se nos hizo miel luna y un concierto tijuana
era prohibido era imposible pero hicimos lo que se nos dio gana
despues de nos veiamos casi a diario
nuestro amigo el calendario nos dio cuatrocientas citas
de tanto amarnos nos volvimos dos extranos
no se quien toma hoy tu mano ni tu donde estoy ahorita
fue mas sencillo que hacer tabla del uno
y a hora del desayuno ya sabia que te amaba
a las semanas de iniciar con aventura
se nos hizo miel luna y un concierto tijuana
era prohibido era imposible pero hicimos lo que se nos dio gana ey
pasando el tiempo analizando ruptura
version que tiene el lobo no es de caperucita
de tanto amarnos nos volvimos dos extranos
no se quien toma hoy tu mano ni tu donde estoy ahorita
seguramente otra que nos veamos
repitamos lo de primera cita",f5dcd9ea3b459ba1f0a1e27de3ceebedce2f90cb4283a2a2bd4f88467e6fde47,204,24,es,genius,,2026-03-06 02:04:42.779303+00,2023
163,33,"a mi seh one ting nancy cyaan understand
one ting nancy cyaan understand
wah mek dem a talk bout mi ambition
seh wah mek dem a talk bout mi ambition
cah mi seh some a dem a ask mi weh mi get it from
cah some a dem a ask mi weh mi get it from
a true dem nuh know it s from creation
a true dem nuh know it s a from creation
what a dilla dilla
 what a dilla dilla
 what a seh what a
dis woman neva trouble no one
i m a lady i m not a man
mc is my ambition
i come fi nice up jamaica so jamaica so jamaica so
jamaica so jamaica so jamaica so jamaica so
jamaica so jamaica so jamaica so jamaica so
jamaica so jamaica so jamaica so jamaica so
jamaica so jamaica so jamaica so jamaica so
jamaica so jamaica so jamaica so jamai what a so
jamaica so jamaica so jamaica so
jamaica so jamaica so jamaica so jamai what a
born an mi grow inna kingston 6
i nancy write mi crissest lyrics
when yuh hear dem nuh sound like miss prissy biscuit
you come inna di place so mi seh well well slick
seh what a dilla dilla
 seh what a seh what a
seh what a seh what a
seh what a
dis woman neva trouble no one
i m a lady i m not a man
mc is my ambition
i come fi nice up jamaica so jamaica so jamaica so
jamaica so jamaica so jamaica so jamaica so
jamaica so jamaica so jamaica so jamai what a so
jamaica so jamaica so jamaica so
jamaica so jamaica so jamaica so jamai what a
what a dilla dilla
 what a",4e2b1a9e34cad19ed7991fa941e5d70ea6a2d04fecbd103b1054dcffb7eb5a12,298,40,es,genius,,2026-03-06 02:04:50.194037+00,2025
164,34,"over oceans where they feared to fly
hopeful hands carried my life
now i m staring at the past that s waving from the riverside
is this paradise?
scatter me where i am sure to grow
cover me in auguries of loves i ll know
the water you will drink
will not pass you by
u gha setin mie egbe we vb eguae?
did you ever find it on the open road?
is this what you pictured when you gav up home?
mother i am weary wh n i should be free
father will you show me what you saw in me?
scatter me where i am sure to grow
cover me in auguries of loves i ll know
the water you will drink
will not pass you by
u gha setin mie egbe we vb eguae?
whenever you wake up that is your morning love
eghe ya hiorre owie
whenever you wake up that is your morning love
eghe ya hiorre owie
whenever you wake up that is your morning love
eghe ya hiorre owie
whenever you wake up that is your morning love
eghe ya hiorre owie
the water you will drink
will not pass you by
u gha setin mie egbe we vb eguae?
ai mi eghe ya mose ya mi omwan mose ma
eki n a dese era rrie re
uyin mw omwan o r o rri omwan ma
eki n u do vb owie ota ara rrie re",f6d6e243e91277a2737fa9f33df1c030eaf21417d2c38064ff54f4c3f5ac9d17,243,33,es,genius,,2026-03-06 02:04:53.758619+00,2024
165,35,"que lo que?
estamo a rulay
empezo el verano

que hubiera sido?
si antes te hubiera conocido
seguramente estarias bailando esta conmigo
no como amigos
sino como otra cosa
usted cerca me pone peligrosa
por un besito hago cualquier cosa
novia suya me pone celosa y aunque es hermosa
¡ey!
no te va a tratar como
no te va a besar como
no esta tan rica asi como
ella es timida y no
con esta ganas que tengo
me atrevo a comerme los do
hoy estas jangueando con ella
pero despues tal vez no
que hubiera sido?
si antes te hubiera conocido
seguramente estarias bailando esta conmigo
no como amigos ¡ey!
que hubiera sido?
si antes te hubiera conocido
seguramente estarias bailando esta conmigo
no como amigos ¡ey!
y te veo y no se como actuar
bebe conquistarte que me pasen el manual
espero lo que sea no me voy a quitar
tengo fe que esos ojito un dia me van a mirar
me caso contigo
mi nombre suena bien con tu apellido
toy esperando el primer descuido
presentarte como mi marido
me caso contigo
mi nombre suena bien con tu apellido
toy esperando el primer descuido
presentarte como mi marido
no has entendido que
no te va a tratar como
no te va a besar como
no esta tan rica asi como
ella es timida y no
con esta ganas que tengo
me atrevo a comerme los do
hoy estas jangueando con ella
pero despues tal vez no
que hubiera sido?
si antes te hubiera conocido
seguramente estarias bailando esta conmigo
no como amigos no no no
ey ey ey ey


sisas sisas sisas sisas",e74059ea14a9186134df68b8121047ca35c44f453ebbf5c706e28e092d73a482,276,55,es,genius,,2026-03-06 02:04:57.343386+00,2024
166,36,"me ve entrando en disco
y se me queda mirando
creo que me ha conocido
sera uno mas de tantos?
mierda
quiza eres mi proximo error
estoy con mis amigas de reojo mirando
te queda tan bien esa camisa de versace
hoy vas a ser mi proximo error
y no se
donde diablo se habra metido
no esta en el bano ni en los pasillos
fuck
esta en barra y viene directo a mi
el me dice que quiere divertirse
le digo que los rumores vuelan
el me dice que no le importa estar con una superestrella
le digo de donde tu has salido?
el me dice que quiere estar conmigo
le digo que no es facil enamorarse de una superestrella
aqui esta todo el mundo mirando
vamos solos al bano
y retomamos lo que estamos empezando
solo quiero conocerte un poco mas
supongo que no lo he pensado bien
pero manana seremos noticia en tv
que seas tu a quien le cuente mis mentiras
tatuarme tu apellido
querernos para toda vida
y no se que diablos estamos haciendo
no te conozco pero me estoy muriendo
fuck
vamonos ya de aqui
hoy soy toda para ti
el me dice que quiere divertirse
le digo que los rumores vuelan
el me dice que no le importa estar con una superestrella
le digo de donde tu has salido?
el me dice que quiere estar conmigo
le digo que no es facil enamorarse de una superestrella",2213309c505bab2b068c39e2cd2e0c69111ed836bd458eeec1785bd9e159abf5,243,40,es,genius,,2026-03-06 02:05:01.133692+00,2025
168,38,"2 de manana en el club
to el mundo pasandola cabron
las mujere encima de mi
hookah las pastilla y un blunt
que quiera dice que si
bien loco cantando cancion
despues de aqui nos vamo
 que estara haciendo mi ex?
que hace tiempo por ahi no se ve
sera que ya me supero y le va bien?
mientras que borracho pienso
que estara haciendo mi ex?
que hace tiempo por ahi no se ve
sera que ya me supero y le va bien?
mientras que borracho pienso
que diablo estara haciendo?
estara jangueando? estara durmiendo?
estara fumando? estara bebiendo?
seguira sola o esta saliendo
con otro que no soy ? no soy
mami ese no soy no soy
aposte que te olvidaba y perdi 500
otra vez me ganaron los sentimiento
los muchacho piensan que estoy contento
pero no estoy muerto por dentro
disco esta llena y a vez vacia
porque no esta nena mia
con que siempre me reia
con que siempre me venia
con que hablaba to los dia
y ahora no se y ahora no se ey
que estara haciendo mi ex?
que hace tiempo por ahi no se ve
sera que ya me supero y le va bien?
mientras que borracho pienso
2019 un pestaneo y ahora estamo aqui
2020 ultima ve que fui feli
2022 ultima ve que te vi
vida no me cumplio de lo que le pedi
no se que paso
le pedi a dio pero el tambien me ghosteo
el futuro me golpeo en el pasado me dejo
felicidad se alejo
y me pregunto que estaras haciendo?
si en mi estas pensando
o si luna estas viendo
con otra persona conectando
y si de mi le esta hablando
espero aunque sea ser un buen recuerdo
ser un buen recuerdo",7d043b4fce07125468497a7485e835287662316489828bd266d11e786c0bce7a,298,50,es,genius,,2026-03-06 02:05:08.360863+00,2025
177,44,"fazendo historia no off
solto por ai
e para de se iludir
ce ta mentindo quando fala pela boca que eu nao presto
sua vida eu errei mas eu te comi certo
e o japa nk e jacare jacare
pega essa visao caralho
posso ate nao te dar flores mas eu dou tapa bunda
assume que e eu que cama te afunda
nao tem pra que negar
be be be be bebe vem sentar
vem sen vem sen v m sentar ahn
bebe eu nao n go que voce me fez feliz
mais findi sem copao o coracao fica triste
perdi noite de bailao pelo date dormi cedo
me joguei contramao
vou rua com os parceiro
se tu ta bom mim tambem
melhor coisa ficar solteiro
esperei chegar o verao tirei a alianca do dedo
se tu ta bom mim tambem
melhor coisa e ficar solteiro
nois ta vivendo tudo que era desejo
senta poca
toda peca dela vai querer ficar
dogdog ta de peca japa nk
beat que te deixa lenta
ela senta ela quica
ela quica ela quica
ela quica ela quica
as bebe faz a fila
pra entrar chapa do pai
uma de cada vez tanto faz
uma de cada vez pro tutu faz
bebe fumou dry se abriu que nem flor
comecou pelo gin acabou no licor
fica de costa mim que a visao melhorou
mexe o corpo inteiro no talento amor
as bebe faz a fila
vai entrar chapa do pai
uma de cada vez tanto faz
uma de cada vez pro tutu vai
posso ate nao te dar flores mas eu dou tapa bunda
assume que e eu que cama te afunda
nao tem pra que negar
be be be be bebe vem sentar
vem sen vem sen vem sentar ahn",fc987760a1b08874fb172b92248d1257112110b3c5557a12073485cf7fd6ccf9,297,47,es,genius,,2026-03-06 02:05:47.668771+00,2025
178,45,"tu gosta ne? de correr perigo
gosta ne? de sexo proibido
so quem vai ver sou eu e os golfinho
as ondas batendo ai que delicia o barulhinho
em cima do jetski vou rebolar pra tu

nessa onda sexy te deixo maluco

em cima do jetski vou rebolar pra tu

nessa onda sexy te deixo maluco

barulho do mar o tempo voa por aqui
confesso se eu precisar te levo de novo pra mim
pra ver voce dancar nessa brisa praia
vendo o sol raiar entao vai moca baila
se tu vai eu tambem vou nao vou ficar sozinho aqui
o verao chegou vem montar no meu jetski
se tu vai eu tambem vou pra mim ficou melhor assim
solteiro e ser feliz
solteiro e ser feliz
em cima do jetski vou rebolar pra tu

nessa onda sexy te deixo maluco

e e em cima do jetski vou rebolar pra tu

nessa onda sexy te deixo maluco

melody
pe dro sam io vai
e o k voz
entao vai
rebolo e tu pede mais
nos dois suando sozinho a onda subindo
o biquini caindo o corpo molhadinho
e voce faz
em cima do jet
vem e me maceta
ve vem e me maceta
ve vem e me maceta
em cima em cima do jet
vem e me maceta
ve vem e me maceta
ve em e me maceta
em cima do em cima do
em cima do jetski",36e8935791d22858853ed9c15a2cbc83918ed767c307603bada21d616774e59c,238,39,es,genius,,2026-03-06 02:05:52.230157+00,2025
182,49,"como le explico al corazon que quieres irte?
si tienes dudas mami no te estoy mintiendo
mira mis ojos mientras mi alma se desviste
los que miras justo cuando me estoy viniendo
como quisiera que estuvieras aqui
me sintieras a mi al ladito tuyo
que veas que no puedo fingir
y me puedo morir por los besos tuyos
como quisiera que estuvieras aqui
me sintieras a mi al ladito tuyo
que veas que no puedo fingir
y me puedo morir por los besos tuyos
ven quedate quedate
no puedo estar sin ti
quedate quedate
no puedo estar sin ti
no no no
no no no
quedate
no puedo estar sin ti
este que esta aqui a ti no te quiere dejar
este que esta aqui tambien se deja llevar
estamo destinados a juntos celebrar navidad
esto nunca tuvo sentido fuimos en contra de ley universal
que visaje cule viaje
dime como evitamos las senales
a veces quisiera que no pare
pero esto me va a matar
quiero ver que responde no me tira ni hola
y aqui con cule bartola
pensando en toda las noche que estuvimos a solas
y no le parabamos bolas
chingando con un feeling somos reyes de las olas
estoy frente a tu alma porfa ma dejame entrar
permiteme que entienda que no existe nadie mas
y si me quedo contigo es porque tu eres monda
ven quedate quedate
no puedo estar sin ti
quedate quedate
no no puedo estar sin ti
no no no
no no no
quedate
no puedo estar sin ti",0955957009852206afe763c8ff16799bc28d489c5857e338285968de235eacd6,258,44,es,genius,,2026-03-06 02:06:10.477864+00,2025
171,54,"por manana cafe por tarde ron
ya estamo en calle sal de tu balcon
por manana cafe por tarde ron
ya estamo en calle sal de tu balcon
de arecibo hasta ponce de fajardo a rincon
es voz de todo un barrio desde almirante a fronton


que lo bailen en llorens que lo bailen en canale
hoy voy carretera con to mis anormale


hoy no quiero dormir lo que quiero
es amanec rme y beberm un galon


brother no se ni como llegue a casa anoche
clase e loquera y hoy me estan tirando de nuevo bajar lla
pero creo que hoy si que acho pichaera que no me esperen por
el humo empano el camino y no pude recordar
el camino mi casa hoy me vuelves a invitar
me iba a quedar tranquilo pero si quiere vacilar
sube tu montana porque hoy me quedo aca
ven subiendo ven subiendo que no le vamo a bajar
sube tu montana hoy me quedo aca
ven subiendo ven subiendo que no le vamo a bajar
sube tu montana hoy me quedo aca
dile dile dile algo

alla abajo alla abajo no se me ha perdido
estan arriba en el monte los codigo de verdad
ven subiendo ven subiendo que no le vamo a bajar
sube tu montana hoy me quedo aca
hoy se bebe hoy se bebe y nadie nos va a parar
el samurai esta en brillo y el combo va a chinchorrear
ven subiendo ven subiendo que no le vamo a bajar
sube tu montana hoy me quedo aca
ey ten cuida o ten cuida o cuando te toque bajar
que no te por risco y te tengamos que buscar

en el monte hoy se rompe
desde que sale el sol hasta que se esconde
en el monte hoy se rompe
chillando goma botando humo ponle
en el monte hoy se rompe
suban ca que sientan el torque
en el monte hoy se rompe
me vo a dar otra en lo que los muchacho hacen el corte",8b17250b478d5703d53169bcde26568c1f1bc81d7ed0dbb57657d4963cfe038d,337,40,es,genius,,2026-03-06 02:05:22.88852+00,2026
159,57,"las flores que te regale ya se marchitaron
las canciones que te dedique pasaron de moda

siempre que hablo de amor lo hago en tiempo pasado
pero me mata el deseo de tenerte ahora
y sigo con ganas de tenerte en mi cama
y que cuando estes mal me cuentes tus dramas
mientras voy aceptando que tu ya no me amas
al menos regalame tu amor un fin de semana
que sigo extranando ese culito en mi cama
y que cuando estes mal me cuentes tus dramas
mientras voy aceptando que tu ya no me amas
al menos regalame tu amor un fin de semana
el tiempo no es un bm ponerlo en reversa
antes era te amo pero hoy estamo a inversa
estoy escribir historia de los dos
las ganas me sobran pero faltas vos
y antes era sexo daily como justin y hailey
dos botellas de baileys para hacerte mi baby
te ponias mini te quedaba divi
y ahora to los trend son cupido de tini
no nadie mas que pueda darle vida a este corazon
y aunque sea soledad
me duele menos que estar junto sin tu amor
y sigo con ganas de tenerte en mi cama
y que cuando estes mal me cuentes tus dramas
mientras voy aceptando que tu ya no me amas
al menos regalame tu amor un fin de semana
no nadie mas que pueda darle vida a este corazon
y aunque sea soledad
me duele menos que estar junto sin tu amor
me olvide como besabas veni a recordarmelo
tal vez el viernes vos quieras verme y me des tu amor",a19655c8e13f7bc04b39a505bcac274e0825ec49ddc0f8a4280af742510ec049,269,32,es,genius,,2026-03-06 02:04:35.619036+00,2023
175,58,"i m drowning
it s raining all day
i can t breathe
 i m drowning
i m drowning
i m drowning
i m drowning
you re taking my life from me
?


you cut me bad i m still waiting for you

?


i m drowning
it s raining all day
i can t breathe
 i m drowning
i m drowning
i m drowning
i m drowning
you re taking my life from me

?


i m drowning
it s raining all day
i can t breathe
 i m drowning
i m drowning
i m drowning
i m drowning
you re taking my life from me",62f35acb2ec58b02ae2f31ae05fe9fd16cc09eccad67450911bca9a24c8e655d,106,28,es,genius,,2026-03-06 02:05:38.840709+00,2023
176,59,"you know i m impatient
so why would you leave me waiting outside the station
when it was like minus four degrees?
and i i get what you re sayin
i just really don t wanna hear it right now
can you shut up for like once in your life?
listen to me
i took your nice words of advice about
how you think i m gonna die lucky if i turned thirty three
okay so i smoke like a chimney
i m not skinny and i pull a britney
every other week
but cut me some slack who do you want me to be?
cause i m too messy and then i m too fucking clean
you told me get a job then you ask where the hell i ve been
and i m too perfect till i open my big mouth
i want to be me is that not allowed?
and i m too clever and then i m too fucking dumb
you hate it when i cry unless it s that time of the month
and i m too perfect till i show you that i m not
a thousand people i could be for you and you hate the fucking lot
you hate the fucking lot
you hate the fucking lot
you hate you hate
it s taking you ages
you still don t get the hint i m not asking for pages
but one text or two would be nice
and please don t pull those faces
when i ve been out working my arse off all day
it s just one bottle of wine or two
but hey you can t even talk
you smoke weed just to help you sleep
then why you out gettin stoned at 4 o clock?
and then you come home to me
and don t say hello
cause i got high again
and forgot to fold my clothes
cause i m too messy and then i m too fucking clean
you told me get a job then you ask where the hell i ve been
and i m too perfect till i open my big mouth
i want to be me is that not allowed?
and i m too clever and then i m too fucking dumb
you hate it when i cry unless it s that time of the month
and i m too perfect till i show you that i m not
a thousand people i could be for you and you hate the fucking lot
you hate the fucking lot
you hate the fucking lot
and i m too messy and then i m too fucking clean
you told me get a job then you ask where the hell i ve been
and i m too perfect till i open my big mouth
i want to be me is that not allowed?
and i m too clever and then i m too fucking dumb
you hate it when i cry unless it s that time of the month
and i m too perfect till i show you that i m not
a thousand people i could be for you and you hate the fucking lot
you hate the fucking lot
you hate the fucking lot
you hate the fucking lot
you hate the fucking lot",5db88536af205b8921daab59af90b766ea853d25810e629c62061e349fbedd05,550,59,es,genius,,2026-03-06 02:05:43.010469+00,2024
138,60,"por ti lo que tu quieras chiquita
hasta borro las morras que tengo en el insta
volamos en privado mas nunca en turista
dime si estas lista
siento que me pongo medio loco cuando miro tus labios
se mueren de envidia porque tengo a mas chula del barrio
llego y cierro el antro porque me gasto el billete y me niego
pidelo munequita que te cumplo el deseo
te voy a robar te vo a patrocinar
una noche n cancun siguiente en dubai
t compro el louis vuitton un anillo con ice
que como tu no
por ti lo que tu quieras chiquita
hasta borro las morras que tengo en el insta
volemos en privado mas nunca en turista
dime si estas lista dime si estas lista
por ti bebo hasta al fondo del vaso
borracho llamo al cura y contigo me caso
hagamos mil locuras que el tiempo es escaso
bebe ya hazme caso
bebe ya hazme caso
esos ojitos como los rechazo?
no me mires asi que me caso
pensandote ya no en esa me paso
un beso en tu boca y tequila en el vaso
ya no me alcanzan los doce meses
estar contigo en al ano quiero trece
ya no duermo si esta reina conmigo amanece
siento que me pongo medio loco cuando miro tus labios
cuando beso tu cuerpo no se lo que esta pasando
te voy a robar te vo a patrocinar
una noche en cancun siguiente en dubai
te compre el louis vuitton un anillo con ice
que como tu no
por ti lo que tu quieras chiquita
hasta borro las morras que tengo en el insta
volemos en privado mas nunca en turista
dime si estas lista dime si estas lista
por ti bebo hasta al fondo del vaso
borracho llamo al cura y contigo me caso
hagamos mil locuras que el tiempo e escaso
bebe ya hazme caso
bebe ya hazme caso
por ti lo que tu quieras chiquita
hasta borro las morras que tengo en el insta
volemos en privado mas nunca en turista
dime si estas lista",09cbb56cbc5c24f5d02f953258cc8ad56d336556a06bf3dc0d70289de37b0c88,348,47,es,genius,,2026-03-06 02:03:12.415234+00,2025
195,61,"take my mind to another place

when the sundown you show me ways
ways to follow intention ways to unknown dimensions
why d you move like that? mm
why d you move like that? got me spinnin round the sun
i can t choose my past
but i can choose you next i don t wanna let you down
baby come ride with me
slide with me get high with me
i love when you roll with me
talk til there s no lies
this ain t no love song and far from confessions
i feel your intention and you by my side
take my mind to another place
i feel your thunder i feel your rain on my skin
when the sundown you show me ways
ways to follow intention ways to unknown dimensions
take my mind to another place
i feel your thunder i feel your rain on my skin
when the sundown you show me ways
ways to follow intention ways to unknown dimensions
baby why you move baby why you move like that?
baby how you do it like that?
i just need you right here
maybe it s the moonlight i ma do right
i can t see the sky is falling
we don t talk a lot
i m free love is calling
whatever you got i want some more
baby why you move baby how you move like that?
losing my cool right here
i just like you like that
baby how you move like that?
how you move like
don t feel this often
maybe i lost it
feel like i m falling
where will we go?
take my mind to another place
i feel your thunder i feel your rain on my skin
when the sundown you show me ways
ways to follow intention ways to unknown dimensions
take my mind to another place
i feel your thunder i feel your rain on my skin
when the sundown you show me ways
ways to follow intention ways to unknown dimensions",665e91aa68ba271ebc968b907a0409f1dfcbabe3fbaac6736fe5b5b4435d973f,339,46,es,genius,,2026-03-06 02:15:50.672616+00,2025
188,66,"aye


top diesel top de cara top princess
pasa que dije algo que escuche en cap cana
dice dice un bro
 no te a enamorar
 me dije why why?
se lo dije al corazon no te a enamorar
y el se rie
 no se decir que no
no no no
no no no
no no no
 no se decir que no
no no no
no no no
top diesel top de cara top princess


toy viendo a mas linda le haria un hijo con gana
si asi como baila chinga vo a ser su playlist en cama
ella es mas linda por noche a su casa
quiero ir de visita parcharme a su mama
hago lo que toque solo si me toca
me imagino que esto suceda desde que salio de mi boca
dejo que me enamore me le pongo romanticon
si mi tia me ve cacheton diga carajo el amor engorda
 no sabria decir que no quiero que sea su culpa
que me ajuicie del borondo y me de amorcito en pulpa
hasta lo dijo mi cucha
no te a enamorar
me dije why why?
se lo dije al corazon no te a enamorar
y el se rie
 no se decir que no
no no no no no no no no
no no no no no no no no
no no no no no no no no
no no no no no no no no
no no no no no no no no
no no no no no no no no
no no no no no no no no
no no no no no no no no",f542f938b2f9d0718b7af4abaa2a92c330b7e40d28a49e886329c0cec399ca61,268,40,es,genius,,2026-03-06 02:15:10.26885+00,2025
190,68,"no no no no no no no no
 que tanto podia durar? si desde que empezamo
lo mismo sentimo y decidimos creer
parte por parte menos ropa de noche al amanecer
hora se hicieron cortas suficiente entender
que mas si besarte es tan facil?
queria olvidarte no lo logre pero casi
que mas si besarte es tan facil?
te sigo en las redes como fan a papa
y capaz no funcionamos
capaz nos dimos mano
capaz nos fuimos temprano
y queriamos quedarnos mas
que nada de esto sea en vano
cuando te diga te amo
sin que lo digas te aclamo
como esto va a terminar?
que mas si besarte es tan facil?
queria olvidarte no lo logre pero casi
que mas si besarte es tan facil?
te sigo en las redes como fan a paparazzi
atrevete ven pegate bailando pega tu cintura
que tu cuerpo no me quiere? todavia tengo mis duda
envicia o de ti si no es contigo no quiero no quiero no quiero
aventurandome por tu piel no quieres que pare
 que te parece que tengo en mente una vuelta por ciudad?
tu cara dice que te entretiene date oportunidad
quien quita que se nos ? y se nos
y capaz no funcionamos
capaz nos dimos mano
capaz nos fuimos temprano
y queriamos quedarnos mas
que nada de esto sea en vano
cuando te diga te amo
sin que lo digas te aclamo
como esto va a terminar?
que mas si
que mas si
que mas si
que mas si
aventurandome por tu piel no quieres que pare
 que te parece que tengo en mente una vuelta por ciudad?
tu cara dice que te entretiene date oportunidad
quien quita que se nos ? y se nos
y capaz no funcionamos
capaz nos dimos mano
capaz nos fuimos temprano
y queriamos quedarnos mas
que nada de esto sea en vano
cuando te diga te amo
sin que lo digas te aclamo
como esto va a terminar?
y capaz no funcionamos
capaz nos dimos mano
capaz nos fuimos temprano
y queriamos quedarnos mas
que nada de esto sea en vano
cuando te diga te amo
sin que lo digas te aclamo
como esto va a terminar?",d17985de59241f3a0f3d8a4aa1a3d0b62f83e07dc1a29271b7c4ddf46bb796ef,368,60,es,genius,,2026-03-06 02:15:24.185962+00,2024
192,70,"ey
titi me pregunto si tengo mucha novia mucha novia
hoy tengo a una manana otra ey pero no boda
titi me pregunto si tengo mucha novia je mucha novia
hoy tengo a una manana otra
me vo a llevar a to a un vip un vip ey
saluden a titi
vamo a tirarno un selfie say cheese ey
que sonrian las que ya les meti
en un vip un vip ey
saluden a titi
vamo a tirarno un selfie say cheese
que sonrian las que ya se olvidaron de mi
me gustan mucho las gabriela
las patricia las nicole las sofia
mi primera novia en kinder maria
y mi primer amor se llamaba thalia
tengo una colombiana que m escribe to los dia
y una mexicana qu ni sabia
otra en san antonio que me quiere todavia
y las de pr que todita son mia
una dominicana que es uva bombon
uva uva bombon
de barcelona que vino en avion
y dice que mi bicho esta cabron
dejo que jueguen con mi corazon
quisiera mudarme con toda una mansion
el dia que me case te envio invitacion
muchacho deja ey
titi me pregunto si tengo mucha novia mucha novia
hoy tengo una manana otra ey pero no boda
titi me pregunto si tengo mucha novia ey ey mucha novia
hoy tengo una manana otra
titi me pregunto to to to to to to to
titi me pregunto to to to to to to to
titi me pregunto to to to to to to to
titi me pregunto to to to to
me vo a llevar a to a un vip un vip ey
saluden a titi
vamo a tirarno un selfie say cheese ey
que sonrian las que ya les meti
en un vip un vip ey
saluden a titi
vamo a tirarno un selfie say cheese
que sonrian las que ya se olvidaron de mi
muchacho el diablo azaroso
suelta ese mal vivir que tu tiene en calle
buscate una mujer seria ti
chacho el diablo cono
quisiera enamorarme
pero no puedo pero no puedo
 quisiera enamorarme
pero no puedo pero no puedo
sorry no confio no confio
nah ni en mi mismo confio
si quiere quedarte hoy que hace frio
y manana te va nah
muchas quieren mi baby gravy
quieren tener mi primogenito ey
y llevarse el credito
ya me aburri hoy quiero un totito inedito je
uno nuevo uno nuevo uno nuevo uno nuevo
hazle caso a tu amiga ella tiene razon
vo a romperte el corazon vo a romperte el corazon
ey no te enamore de mi
no te enamore de mi ey
sorry soy asi ey
no se por que soy asi
hazle caso a tu amiga ella tiene razon
vo a romperte el corazon vo a romperte el corazon
no te enamore de mi
no te enamore de mi no
sorry soy asi
ya no quiero ser asi no",cebca913df404faf8b5ca3d6aec52f45c196ee9fbcee453759b2330ea586da4b,487,74,es,genius,,2026-03-06 02:15:34.773759+00,2023
194,72,"now he s thinkin bout me every night
is it that sweet? i guess so
say you can t sleep baby i know
that s that me espresso
move it up down left right
switch it up like nintendo
say you can t sleep baby i know
that s that me espresso
i can t relate to desperation
my give a fucks are on vacation
and i got this one boy and he won t stop calling
when they act this way i know i got em
too bad your ex don t do it for ya
walked in and dream came trued it for ya
soft skin and i perfumed it for ya
i know i mountain dew it for ya
that morning coffee brewed it for ya
one touch and i brand newed it for ya
and now he s thinkin bout me every night
is it that sweet? i guess so
say you can t sleep baby i know
that s that me espresso
move it up down left right
switch it up like nintendo
say you can t sleep baby i know
that s that me espresso
holy shit
is it that sweet? i guess so
i m working late cause i m a singer
he looks so cute wrapped round my finger
my twisted humor make him laugh so often
my honeybee come and get this pollen
too bad your ex don t do it for ya
walked in and dream came trued it for ya
soft skin and i perfumed it for ya
 i know i mountain dew it for ya
that morning coffee brewed it for ya
one touch and i brand newed it for ya
now he s thinkin bout me every night
is it that sweet? i guess so
say you can t sleep baby i know
that s that me espresso
move it up down left right
switch it up like nintendo
say you can t sleep baby i know
that s that me espresso
thinkin bout me every night
is it that sweet? i guess so
say you can t sleep baby i know
that s that me espresso
move it up down left right
switch it up like nintendo
say you can t sleep baby i know
that s that me espresso
is it that sweet? i guess so
mm that s that me espresso",e791c4cff1fa2467d4ffe778fc259bc083e6ab8494c01a77baa82eb85fe35857,397,56,es,genius,,2026-03-06 02:15:46.875046+00,2024
197,74,"que pasaria si volvieran esas noche dentro de ti?
que rico fue cuando te meti
tu sabe lo que hicimo
y ahora sin buscarno en disco nos vimo
 que pasaria si estuvieramos solos?
en una cama ey ey recordando
como ante te lo metia tu amiga se fue
por que te estas quedando? algo te esta faltando bebe y
lo tengo ma lo tengo ma
lo tengo y te lo doy esta noche
suena su cancion suena su cancion
tu ve y nadie conoce
no lo piense ma no lo piense ma
no lo piens y dame otra noche
que t doy lo que te falte bebe
y si nos comemo otra vez a quien le importa?
esto es cosa nuestra cuando bellaquera aprieta
lleno de video dandole estan las carpeta
 tengo brincando en un split
explicita le gusta letra
tu siempre termina aqui
mi gata salvaje y soy quien te aquieta
 se que tu no vas a parar hasta tener lo que quieres
ella esta prendia en quiere que me queme
ya por mi mente pasa hacerte un par de nenes
diablo que culo tienes
baby no te haga tu sabe lo que va a pasar
si no te saco me va a tener que envasar
tu sabe quien tiene se como te viene
imaginate un baby si juntamo los gene
por ahora no quiere en boca prefiere y
se dio un shot de mi adn
tan callaita nena pero bellaqueando nunca frena
sudaita brincando brillando como mis cadena
ba ba baila morena
¡yah!

me mira y me lo agarra ella sabe que
es que noche esta buena
disco esta llena pero
que pasaria si estuvieramos solos?
en una cama tu y chingando
como antes te lo metia tu amiga se fue
por que te estas quejando? algo te esta faltando

lo tengo ma lo tengo ma
lo tengo y te doy esta noche
suena su cancion suena su cancion
tu ve y nadie conoce
no lo piense ma no lo piense ma
no lo piense y dame otra noche

dime mag ponle mas
dime mag ponle mas
ey ey ey ja",11a962e10d8f5b9add3f8651f4237be726e61ff0267ea54e3e0a78c721afa2aa,353,52,es,genius,,2026-03-06 02:16:03.007536+00,2024
198,75,"baby te vo a dar una vuelta por playita
te vo a llenar de besito carita
un dia conmigo es lo que tu necesita
sonriendo tu te ves mas bonita
baby te vo a dar una vuelta por playita
te vo a llenar de besito carita
un dia conmigo es lo que tu necesita
sonriendo tu te ves mas bonita

baby se baby se
vida e asi vida e asi ey
pero ponte el traje e bano mami que t vo a buscar
te dejo mojaita el sol t va a secar si te va a quemar
tu ere mi cancion favorita y en repeat te vo a tocar ey te vo a aplicar
quiero dibujar corazoncito en orilla
tranquila mami te cargo silla
ojitos lindo me encanta como brillan
como una diosa puede ser tan sencilla?
y por un beso de flaca daria lo que
tu me dice si adentro o afuera
debajo del agua nadie se entera
baby te vo a dar una vuelta por playita
te vo a llenar de besito carita
un dia conmigo es lo que tu necesita
sonriendo tu te ves mas bonita
baby te vo a dar una vuelta por playita
te vo a llenar de besito carita
contigo me siento distinto
algo cuando nos miramo
y en el pozo nos dimos mano
y gritamo
 ¡jacinto!
cuando no estoy en buena
tu me lleva a hacer castillo de arena
y los castillo se convierten en aldea
un pueblito donde no existen problema
y ahi sonamos con un futuro
que estemo bien no hace falta mucho
por un segundo nos olvidamos de to
aqui solo somos tu y
vamo a besarno frente a las olas
aunque sea de piquito de piquito de piquito pin pin pin pin pin
vamo a besarno frente a las olas
mucho mosquito en costa baby vo a poner un screen
vamo a besarno frente a las olas
sudaita el sol te y brilla como blin blin
vamo a besarno frente a las olas
vamo a quedarno por maya despues te llevo a paris
por es que me gusta ir contigo a playita
y llenarte de besitos carita
y un dia juntito es lo que necesito
sonriendo tu te ves mas bonito",2be37dece9197efdd5512ef29973d9069d61c4fd563ecc0df2f8e93d0a7075c8,372,51,es,genius,,2026-03-06 02:16:08.860054+00,2025
199,77,"tu y y tu debajo e luna bebe
que rica te ves desnua te quiero volver a ver
 noche esta buena beber y comerno baby
 sigo preguntando cuando es que vamo a verno baby
tu busca una excusa perderno viajamo a santorini esconderno
tu no sabe cuanta gana tengo de comerno baby
 noche esta buena beber y comerno baby
 sigo preguntando cuando es que vamo a verno baby
tu busca una excusa perderno viajamo a santorini esconderno
tu no sabe cuanta gana tengo de comerno baby
 noche esta un phillie que te pegue
 estoy loco bebe e que te deje
 te lo doy to a noche que no te me queje
 nena tiene todo los podere
 conoci en shoko el booty se lo choco
de barcelona baje a puertorro
me gusta su booty me gustan sus coco
shorty me tiene bien loco bien loco
como si fuese jory bailando en una noti
se reza conmigo y se besa con toki
te escucha bien rica bellaqueando por el movil
espanolita se que te gusta cuando te lo pone el bori
oah oah
nena buena pero e una bad gyal
pensando cuando es que sera
vez que te vuelva a ver volvertelo a hacer
oah oah
nena buena pero e una bad gyal
pensando cuando es que sera
 vez que te vuelva a ver volvertelo a hacer
 noche esta buena beber y comerno baby
 sigo preguntando cuando es que vamo a verno baby
tu busca una excusa perderno viajamo a santorini esconderno
tu no sabe cuanta gana tengo de comerno baby
caribeno me tiene prendia
pensandolo llevo to el dia
su tamano juega en otra liga
dios que rica
me pongo cachonda tu te pone bellaco
despues de santorini llevame a icaco
estoy rica sin bikini y sin makeup te atrapo
quiero sentirla adentro dentro del mar
desde que me viste desnuda obsesionado
el acento bori me lo pone mojado
tu y matamo curiosidad
ponemo lunita que no molesten
 noche esta buena beber y comerno baby
 sigo preguntando cuando es que vamo a verno baby
tu busca una excusa perderno viajamo a santorini esconderno
tu no sabe cuanta gana tengo de comerno baby
bellaquita

bellaquita



bad gyal
bad gyal
bad gyal
bad gyal
comerno baby",068621a4101208115f6cc7f9579a1c2dcb94b6a40877b59f8bfa0e4ad1411c2c,373,57,es,genius,,2026-03-06 02:16:13.805826+00,2025
201,79,"i had a bad habit
of missing lovers past
my brother used to call it
eating out of the trash
it s never gonna last
i thought my house was haunted
i used to live with ghosts
and all the perfect couples
said when you know you know
and when you don t you don t
and all of the foes and all of the friends
have seen it before they ll see it again
life is a song it ends when it ends
i was wrong
but my mama told me it s alright
you were dancing through the lightning strikes
sleepless in the onyx night
but now the sky is opalite
 my lord
never made no one like you b fore
you had to make your own sunshine
but now th sky is opalite
you couldn t understand it
why you felt alone
you were in it for real
she was in her phone
and you were just a pose
and don t we try to love love?
we give it all we got
you finally left the table
and what a simple thought
you re starving til you re not
and all of the foes and all of the friends
have messed up before they ll mess up again
life is a song it ends when it ends
you move on
and that s when i told you it s alright
you were dancing through the lightning strikes
sleepless in the onyx night
but now the sky is opalite
 my lord
never met no one like you before
you had to make your own sunshine
but now the sky is opalite
this is just
a storm inside a teacup
but shelter here with me my love
thunder like a drum
this life will beat you up up up up
this is just
a temporary speed bump
but failure brings you freedom
and i can bring you love love love love
don t you sweat it baby it s alright
you were dancing through the lightning strikes
so sleepless in the onyx night
but now the sky is opalite
 my lord
never met no one like you before
you had to make your own sunshine
but now the sky is opalite",024e1ff9fad1f2bdac77bfd95b973ab6a6fe5a32272be41922b3e746939310ed,373,61,es,genius,,2026-03-06 02:16:23.375431+00,2025
202,80,"elephant?
boo boo boo boo
kangaroo?
hop hop hop hop hop hop hop hop
chicken?
bagock! bagock!
and that s some sort of
oo ee oo ee oo ee oo ee

donkey!
workin our way through the animal kingdom",54e08f0223eb33594c9fefbaa5871200370b06f561f0ea33673f28018594346a,39,10,es,genius,,2026-03-06 02:16:28.693461+00,2025
203,81,"a ti no te quiero un rato
a ti te quiero siempre
no se por que nos alejamo
como no te quiero ausente
y tu baby tu me gusta full ey
imagina una vida cool tu y bajo un cielo azul

bebe
dime como lo consigo
papa tu aqui me tiene solitaria en el olvido
el pan esta caliente y que va a comerlo frio?
hoy te tiro true plena
juntico somos un mood
sabes que estoy puesta ti ti ti
que a nadie miro asi asi asi
aprietame y no me deje ir no me deje ir no
sabes que estoy puesta ti ti ti
que a nadie miro asi asi asi
aprietame y no me deje ir no me deje ir no
dame lu i give you luz verde babe
un futuro caribbean costa vibe
con lanchita lista en el muelle una casita en puerto frente al mar
y si quiere city nos vamo arenosa don t thinkin
lo feo que si pienso en lo pretty
traje con mini mini
chevere
costenita hasta que quedemo chevere
ya estamo 3 15 y pasamo chevere
ponte pila o habla ve te has queda o ponte die
 chevere costenita hasta que quedemo chevere
ya estamo 3 15 y pasamo chevere
ponte pila o habla ve
te has queda o ponte die

dime como lo consigo
papa tu aqui me tiene solitaria en el olvido
el pan esta caliente y que va a comerlo frio?
hoy te tiro true plena
juntico somos un mood
sabes que estoy puesta ti ti ti
que a nadie miro asi asi asi
aprietame y no me deje ir no me deje ir no
sabes que estoy puesta ti ti ti
que a nadie miro asi asi asi
aprietame y no me deje ir no me deje ir no
upa hey

soy aria vega
 esta chevere o no esta chevere?
vacilate esta tiburon
di di dimelo joca y beat
cule vibe

esta bailarlo en una sola baldosa
que te lo digo
 nena de quilla",aad8ea200c6ba23a908348ec54f868267a9081af76a870173839726da5bb6676,337,52,es,genius,,2026-03-06 02:16:33.453935+00,2026
211,89,"woh
que suerte mia
que puedo verte al despertarme cada dia
y cuando viajo se me por extranarte
tengo en mi cartera tu fotografia
no se que tienen tus ojos tus labios tu piel
que nunca se acaba esta luna de miel
somos copa y el vino
tu y vamos juntos desde que nos vimos
subimos bajamos lloramos reimos
y es que contigo mi amor todo me sabe mejor
somos como una fogata
quemamos noche bailando bachata
gente no entiende que rayos me pasa
y es que contigo mi amor todo me sabe mejor
solo quiero tu sabor
desde esa noche que nos probamos
nos dimos gusto y mas nunca nos despegamos
despues de tanto tiempo mira donde estamos
seguimos juntos y asi nos quedamos
porque llegaste para quedarte
y ahora sin ti no voy a ninguna parte
que ponga musica que hoy quiero bailarte
dile al dj que toque humanos a marte
 que tienen tus ojos tus labios tu piel?
que nunca se acaba esta luna de miel
somos copa y el vino
tu y vamos juntos desde que nos vimos
subimos bajamos lloramos reimos
y es que contigo mi amor todo me sabe mejor
somos como una fogata
quemamos noche bailando bachata
gente no entiende que rayos me pasa
y es que contigo mi amor todo me sabe mejor
solo quiero tu sabor",b4d70676070dd6a0b1fb87642250ecffdfac7b1ace88de6bd6ec4895f72430af,225,35,es,genius,,2026-03-06 02:17:14.791377+00,2023
213,91,"for a while there it was rough
but lately i ve been doin better
than the last four cold decembers i recall
and i see my family every month
i found a girl my parents love
she ll come and stay the night and i think i might have it all
and i thank god every day
for the girl he sent my way
but i know the things he gives me he can take away
and i hold you every night
and that s a feeling i wanna get used to
but there s no man as terrified as the man who stands to lose you
i hope i don t los you
mm please stay
i want you i need you god
don t take
th se beautiful things that i ve got
please stay
i want you i need you god
don t take
these beautiful things that i ve got

please don t take
i found my mind i m feelin sane
it s been a while but i m finding my faith
if everything s good and it s great why do i sit and wait til it s gone?
i ll tell ya i know i ve got enough
i ve got peace and i ve got love
but i m up at night thinkin i just might lose it all
please stay
i want you i need you god
don t take
these beautiful things that i ve got

please stay
i want you i need you god
i need
these beautiful things that i ve got",ec54873ead601c668bcc14025513f0be5386370b55aea213686a1fe73e30b391,264,36,es,genius,,2026-03-06 02:17:27.130315+00,2024
214,92,"psst i see dead people

mustard on the beat ho

mustard on the beat ho
deebo any rap nigga he a free throw
man down call an amberlamps tell him breathe bro
nail a nigga to the cross he walk around like teezo
what s up with these jabroni ass niggas tryna see compton?
the industry can hate me fuck em all and they mama
how many opps you really got? i mean it s too many options
i m finna pass on this body i m john stockton
beat your ass and hide the bible if god watchin
sometimes you gotta pop out and show niggas
certified boogeyman i m the one that up the score with em
walk him down whole time i know he got some ho in him
pole on him extort shit bully death row on him
say drake i hear you like em young
you better not ever go to cell block one
to any bitch that talk to him and they in love
just make sure you hide your lil sister from him
they tell me chubbs the only one that get your hand me downs
and party at the party playin with his nose now
and baka got a weird case why is he around?
certified lover boy? certified pedophiles
wop wop wop wop wop dot fuck em up
wop wop wop wop wop i ma do my stuff
why you trollin like a bitch? ain t you tired?
tryna strike a chord and it s probably a minor
they not like us they not like us they not like us
they not like us they not like us they not like us
you think the bay gon let you disrespect pac nigga?
i think that oakland show gon be your last stop nigga
did cole foul i don t know why you still pretendin
what is the owl? bird niggas and burnt bitches go
the audience not dumb
shape the stories how you want hey drake they re not slow
rabbit hole is still deep i can go further i promise
ain t that somethin ? b rad stands for bitch and you malibu most wanted
ain t no law boy you ball boy fetch gatorade or somethin
since 2009 i had this bitch jumpin
you niggas ll get a wedgie be flipped over your boxers
what ovo for? the other vaginal option ? pussy
nigga better straighten they posture got famous all up in compton
might write this for the doctorate tell the pop star quit hidin
fuck a caption want action no accident
and i m hands on he fuck around get polished
fucked on wayne girl while he was in jail that s connivin
then get his face tatted like a bitch apologizin
i m glad deroz came home y all didn t deserve him neither
from alondra down to central nigga better not speak on serena
and your homeboy need subpoena that predator move in flocks
that name gotta be registered and placed on neighborhood watch
i lean on you niggas like another line of wock
 it s all eyes on me and i ma send it up to pac
put the wrong label on me i ma get em dropped
sweet chin music and i won t pass the aux
how many stocks do i really have in stock?
one two three four five plus five
devil is a lie he a 69 god
freaky ass niggas need to stay they ass inside
roll they ass up like a fresh pack of za
city is back up it s a must we outside
they not like us they not like us they not like us
they not like us they not like us they not like us
once upon a time all of us was in chains
homie still doubled down callin us some slaves
atlanta was the mecca buildin railroads and trains
bear with me for a second let me put y all on game
the settlers was usin townfolk to make em richer
fast forward 2024 you got the same agenda
you run to atlanta when you need a balance
let me break it down for you this the real nigga challenge
you called future when you didn t see the club
lil baby helped you get your lingo up
21 gave you false street cred
thug made you feel like you a slime in your head
quavo said you can be from northside
2 chainz say you good but he lied
you run to atlanta when you need a few dollars
no you not a colleague you a fuckin colonizer
the family matter and the truth of the matter
it was god s plan to show y all the liar
mm
mm mm
he a fan he a fan he a fan
he a fan he a fan he a
freaky ass nigga he a 69 god
freaky ass nigga he a 69 god
hey hey hey hey run for your life
hey hey hey hey run for your life
freaky ass nigga he a 69 god
freaky ass nigga he a 69 god
hey hey hey hey run for your life
hey hey hey hey run for your life
let me hear you say ov ho
ov ho

say ov ho
ov ho

then step this way step that way
then step this way step that way
are you my friend?
are we locked in?
then step this way step that way
then step this way step that way",b436ad7932769df3081fb99ca9dd92e45f5bff6081e696770cae82b81e16e3fa,927,103,es,genius,,2026-03-06 02:17:35.373162+00,2024
215,93,"hoy sali de nuevo pero ya quiero algo nuevo creo
si me ves por ahi ni me conoce cinderella despue de las 12
ya me converti vamonos de aqui
que me gusta como huele y mas como te mueve
dime ya cuando voy a probar tu perfumito nuevo
otra vez no te vi papi se que te debo
dime ya cuando voy a probar tu perfumito nuevo
hoy estoy ti que va a hacer si me pego?
acabo de mirar el reloj y son las 1 16
significa que ya no te vo a dar break
sigue mirando asi sigue mirando asi sigue mirando
que te lo pongo aqui mismo
sigue bailando mami que te estoy midiendo el ritmo
no parece leo ni escorpio mi que ella tiene su propio signo
fria sentimental esta en temporada de portarse mal
a vece es dificil meditar y solo quiere gritar
o buscarme chingar y se lo voy a dar a hora que sea
si bajo lla abajo va a subir marea
los ojito se le marean
baby vo a hacer que tu crea
ea diablo tu ere una bellaquita igual que
perfumito nuevo tu huele cabron
por poquito te rompo el mahon
dime ya cuando voy a probar tu perfumito nuevo
otra ve no te lo di mami se que te debo
baby tu ere una estrella esa boca sabe a carambola
desde que te vi me puse roja
con los ojo me quitaste el traje
te tengo bailando sin modale
diantre tu y somo iguale
hoy le dimo y manana le damo
de weekend en coamo en montana te vo a hacer rusa ey
que cojone ? que tu tiene que me pone en musa?
mami tu te ve bien a mi o
si tu estas no miro l o
5 6 me tiene domina o
me imagino contigo pelea o
papi tu te ve bien a mi o
contigo no miro l o
5 6 te tengo domina o
y todavia no hemo ni chinga o
dime ya",0aace0798effec50bbecd290bc3f281c8cdf86f5263b002a9ab9bc67e3250f28,338,42,es,genius,,2026-03-06 02:17:40.841105+00,2025
216,94,"y que prohibir el auto tune muchas gracias
otro negrito cantor del west tres pecados despues
no game porque pushdown
me miran mal y me tratan bien
no vi un feliz navidad de ninguno colgado del 166
me agrande chupenmela desvinculandome
dopandome en un beat armandome de g reales
para mente pin quieren saber de mi paren
brindo por vos por mi mama papa y dos tres chacales
bw casi que en mis veins mai antes de fame
millo antes de los twenty y si un dia tengo un bentley
no va a ser de alquiler me lo gane
para el lujo para el fendi botellas y confeti
un dia hubo sed habia un porque
estaba el plan b pero no me gusto
queria comer no vivir como un boss
pero en esta vida toco mi alma sola se autopremio por todo lo que se recorrio
psicologa recomendo que baje treinta cambios porque vivo en x2
que parecia encomendado del boss y no estaba hablando de dios
no es por ego pero quien como ? quien como ? quien como ?
dice
otro negrito cantor del west tres pecados despues
no game porque pushdown
me miran mal y me tratan bien
no vi un feliz navidad de ninguno colgado del 166
me agrande chupenmela desvinculandome
otro negrito cantor del

otro negrito cantor del

otro negrito cantor del

otro negrito cantor del",7418ac587ee48e12a6bda02f5f983567334b2ba92209f33f62bbcc4861919226,231,30,es,genius,,2026-03-06 02:17:45.268488+00,2024
217,95,"quiero guardar en un frasquito tus besos para siempre probarte
como le hago captura a este momento para nunca olvidarte ?
por que tiene que ser asi? seis meses aqui vienes a estudiar y luego te vas
mami nadie aprende ingles en miami
pasamos rico tremenda nota
despues de kiki terminamo en otra
tomando tito nos dijimo cosa
tu esta bien rica y miami te queda hermosa
pasamos rico tremenda nota
playita y t rminamo en tu boca
te felicito mi nina studiosa
no aprendiste ingles pero aprendiste otra cosa
toco toco to te toco toco to
dios bendiga al ingeniero que hizo este edificio
como noventa pisos encerrarme contigo
donde nos metemo mano donde siempre nos besamo
donde no te daba el sol
en el ascensor tocandote to
toco toco to te toco toco to
 no se si el arquitecto diseno el apartamento
pensando que algun dia mejor vista seria
donde te abriria y despues te cerraria
las pierna en balcon digo
puertas del balcon tu y
 pasamos rico tremenda nota
despues de kiki terminamo en otra
tomando tito nos dijimo cosa
tu esta bien rica y miami te queda hermosa
pasamo rico tremenda nota
playita y terminamos en tu boca
te felicito mi nina estudiosa
no aprendiste ingles pero aprendiste otra cosa
mira by the way si me voy pasado manana
vaina ahora y que en spanglish
bueno te voy a miss you no te

no te por favor quedate
si te va voy a miss you bebe
no te por favor quedate
si te va voy a miss you bebe
habla turizo habla claro te va a llegar caraca o que?
mt
llegale llegale mira que se ponen gringuita
vienen dos mese a miami y se ponen gringuita
rawa si senor jajaja
amigo porfa sera que me puedes poner reggaeton?",04df862e881738fcca08845355ec12fc989c6dff60e1334b4502a58bf19401c0,303,45,es,genius,,2026-03-06 02:17:50.960955+00,2026
218,96,"one two three four
doo doo doo doo doo doo doo doo doo
doo doo doo doo doo doo doo doo doo
you stepped inside with a vibe i ain t never seen
yes you did
so girl if you talk like you walk come and talk to me
but look here
it would break my heart break my heart break my heart
if i find out you can t move
you better show me now show me now show me now
cause when i take you to the floor you gotta get down
you know what to do
hey mr dj
play a song for this pretty little lady
 cause if she dance as good as she look right now
i just might i just might make her my baby
i just might make her my baby hey
doo doo doo doo doo doo doo doo doo
i just might
doo doo doo doo doo doo doo doo doo
i just might
but first may i just say that your fac got me so intrigued?
i m so intrigued
but what good is b auty if your booty can t find the beat?
i don t wanna know girl
so please don t do that to me
cause it would break my heart break my heart break my heart
if i find out you can t move
you better show me now show me now show me now
cause when i take you to the floor you gotta get down
you know what to do
hey mr dj
play a song for this pretty little lady
 cause if she dance as good as she look right now
i just might i just might make her my baby
i just might make her my baby hey
woah woah woah woah woah
woah woah woah woah woah
this the part where you break it all the way down down down down
this the part where i turn you all the way around round round round
put some spirit in it put your heart into it
that s all i need
and if i like what i see you re comin home with me
hey mr dj
play a song for this pretty little lady
 cause if she dance as good as she look right now
i just might i just might make her my baby
i just might make her my baby
hey mr dj
play a song for this pretty little lady
 cause if she dance as good as she look right now
i just might i just might make her my baby
i just might make her my baby hey
doo doo doo doo doo doo doo doo doo
i just might
doo doo doo doo doo doo doo doo doo
i just might",db5ca9b0cc69a246bc9ee8b18fd3215e8ea8cd1d36899f0f4aae4ca7e9fc0394,465,57,es,genius,,2026-03-06 02:17:56.15088+00,2026
220,98,"ya no se escribe de amores ya no se escuchan canciones
de esas para enamorar
y aunque no sea como un lama son esas cosas del alma
que te quiero regalar
porque a las mujeres como tu
solo las podemos adorar y
soy un tipo simple e imperfecto
que ha vivido mas del cuento y cada dia te quiere mas
te dedico cada palabra y cada verso
cumbia que llevo en los huesos
y que bailamos en las fi stas del caiman
te dedico d mi guitarra cada arpegio
aquella carta en el colegio
que prometimos para siempre conservar
te dedico
lai rai rai re lai rai rai
lai rai rai lai lei
ya no se mira a los ojos no se enamora con flores
ya no se saca a bailar
como el sol sobre tu cara son esas cosas bacanas
que te voy a dedicar
porque a las mujeres como tu
solo las podemos adorar y
soy un tipo simple e imperfecto
que ha vivido mas del cuento y cada dia te quiere mas
te dedico cada palabra y cada verso
cumbia que llevo en los huesos
y que bailamos en las fiestas del caiman
te dedico de mi guitarra cada arpegio
aquella carta en el colegio
que prometimos para siempre conservar
te dedico
me gusta mirarte cuando estas durmiendo
me gustan las curvas que tiene tu cuerpo
tus libros tus gafas y tus sentimientos
pasaron edades pasaron inviernos
pasaron cometas tiranos y reinos
en cambio contigo nunca pasa el tiempo
te dedico todas las aves y las olas
el sol cuando apenas se asoma
y con sus rayos nos comienza a saludar
te dedico de mi guitarra cada arpegio
aquella carta en el colegio
que prometimos para siempre conservar
te dedico
lai rai rai re lai rai rai
lai rai rai lai lei lai lei
te dedico reina si no te hubieras ido
olvidate de todo y los cuatro caminos
te dedico bonita arroyito a dios le pido
te dedico hasta viejitos y tierra del olvido
cuando pasan los anos provincia con egidio
un beso y una flor y este corazon partido
te dedico mil horas de rock argentino
el amor de mi tierra y el ultimo disco",545272d89bab223d4cefd17899a30ee7badf62cffa1cda312370e5ef13949c6a,370,55,es,genius,,2026-03-06 02:18:06.432605+00,2026
358,196,"you bout to feel the chronicles of a bionical lyric
lyrically splittin dismissin
i m on a mission of just hittin
now it s written in kitten hittin with mittens
i m missin wishin man listen
i glisten like sun and water while fishin
bust the move and then swerve
serve words with nerve embedded i said it word
damn you nerd man you heard
comin from the town of illy
and alleys are full of phillies and rallys
suckers get silly as sally then found in alleys i m rowdy really!
so here we go now holla if ya hear me though
come and feel me flow
never mixin with trickin brothers
bitchin over vixens that ain t fittin to be hittin
for nothin splittin things that s bitten and gettin written off
you re like a fatter half bladder boy you pissin me off!
before you even started so what? so long see you fly by my try
how else could i say it when you play it?
try bye bye bye bye!
here we go
now holla if you hear me though
come and feel me flow
here we go
now holla if you hear me though
come and feel me flow
the flow pro poetical with skills only a vet ll know
better know where s the wetter flow that s on point like decimals
manhandlin new crews partyin with the zoo crew
lookin for the pink in boo boo s i thought you knew too
stone style s of stamina jammin to while we plannin to jam
we bust plus we re the party amateur damagers
managin damagin mics men and even mannequins
you re a fan again now i wanna know who s the man again?
naughty s back like vertebraes
word to hey a ho the way i show you pray i flow
steady breakin to the boogie so time to slang
and watch all the poo tang tangs hang
here we go now holla if you hear me though
come and feel me flow
here we go
now holla if you hear me though
come and feel me flow
play and kay ll break the body of a beat
then beat the break into boogie
firm and fully chase bass lines like bullies
all we wanna know is if your body wanna party?
it s nuff poo tang tang for everybody!
so hip up and split up get up get up your with up
souped up put your dukes up no guts set up for sit ups
flip up watch us rip up
shake shows until they fizz up
rizz up like you re with us
if not zip up your lip up
whip up hits with ransoms foul styles get and ones
we came back cause we heard hip hop needed another anthem
black like noah in fact and fo ya
if we was back in the days with the drifters
we would ve been known as the flow ers
repin these since the 70s find me
so we went crazy in the 80s
so we won t kiss heinies in the 90s
oops the naughty s troops in sections with forties
so clap your hands and hold your shorty i m naughty
here we go
now holla if you hear me though
come and feel me flow
here we go
now holla if you hear me though
come and feel me flow
here we go
now holla if you hear me though
come and feel me flow
here we go
now holla if you hear me though
come and feel me flow",bddde139f7ef80c739e62406e3e4145fe28d8924c7d4915aa668fe85300f5a18,602,77,es,genius,,2026-03-06 09:24:34.359031+00,2024
761,311,"you know
the fire is running low
can you feel the flame her fading glow
you know
we are slowing down
i can hear your footsteps drowning up
we re burning out
we re burning down
we re the ashes on the ground
we re burning out
we re burning down
we ve fallen underground
you are
you re singing our song
but your heart is somewhere else i know
we are
we re trying to belong
pick up the pieces left of us
we re burning out
we re burning down
we re the ashes on the ground
we re burning out
we re burning down
we ve fallen underground
if you could see me running after to you
you know
i ve been running in circles round you
if we could turn the hours back in time
you know
i d be running in circles for you
we re burning out
we re burning down
we re the ashes on the ground
we re burning out
we re burning down
we ve fallen underground
the light has fallen from the stars
now we are sinking through the night
out of sight we ve fallen underground
pick up the pieces left of us
if you could see me running after you
you know
i ve been running in circles round you
if we could turn the hours back in time
you know
i d be running in circles for you
we re burning out
we re burning down
we re the ashes on the ground
we re burning out
we re burning down
we ve fallen underground
we re burning out
we re burning down
we re the ashes on the ground
we re burning out
we re burning down
we ve fallen underground
you know
the fire is running low",828dbf8cf87cf7871f129a0cf38e6395caf88f6cd692b9fc22c44120f9e76179,302,60,es,genius,,2026-03-06 12:10:53.681531+00,2024
785,371,"up to the last moment we were spending every ounce of energy we had in getting the regiment into shape fortunately there were a good many vacancies among the officers as the original number of 780 men was increased to 1 000 so that two companies were organized entirely anew this gave the chance to promote some first rate men
 one of the most useful members of the regiment was dr robb church formerly a princeton foot ball player he was appointed as assistant surgeon but acted throughout almost all the cuban campaign as the regimental surgeon it was dr church who first gave me an idea of bucky o neill s versatility for i happened to overhear them discussing aryan word roots together and then sliding off into a review of the novels of balzac and a discussion as to how far balzac could be said to be the founder of the modern realistic school of fiction church had led almost as varied a life as bucky himself his career including incidents as far apart as exploring and elk hunting in the olympic mountains cooking in a lumber camp and serving as doctor on an emigrant ship
 woodbury kane was given a commission and also horace devereux of princeton kane was older than the other college men who entered in the ranks and as he had the same good qualities to start with this resulted in his ultimately becoming perhaps the most useful soldier in the regiment he escaped wounds and serious sickness and was able to serve through every day of the regiment s existence
 two of the men made second lieutenants by promotion from the ranks while in san antonio were john greenway a noted yale foot ball player and catcher on her base ball nine and david goodrich for two years captain of the harvard crew they were young men goodrich having only just graduated while greenway whose father had served with honor in the confederate army had been out of yale three or four years they were natural soldiers and it would be well nigh impossible to overestimate the amount of good they did the regiment they were strapping fellows entirely fearless modest and quiet their only thought was how to perfect themselves in their own duties and how to take care of the men under them so as to bring them to the highest point of soldierly perfection i grew steadily to rely upon them as men who could be counted upon with absolute certainty not only in every emergency but in all routine work they were never so tired as not to respond with eagerness to the slightest suggestion of doing something new whether it was dangerous or merely difficult and laborious they not merely did their duty but were always on the watch to find out some new duty which they could construe to be theirs whether it was policing camp or keeping guard or preventing straggling on the march or procuring food for the men or seeing that they took care of themselves in camp or performing some feat of unusual hazard in the fight no call was ever made upon them to which they did not respond with eager thankfulness for being given the chance to answer it later on i worked them as hard as i knew how and the regiment will always be their debtor
 greenway was from arkansas we could have filled up the whole regiment many times over from the south atlantic and gulf states alone but were only able to accept a very few applicants one of them was john mcilhenny of louisiana a planter and manufacturer a big game hunter and book lover who could have had a commission in the louisiana troops but who preferred to go as a trooper in the rough riders because he believed we would surely see fighting he could have commanded any influence social or political he wished but he never asked a favor of any kind he went into one of the new mexican troops and by his high qualities and zealous attention to duty speedily rose to a sergeantcy and finally won his lieutenancy for gallantry in action
 the tone of the officers mess was very high everyone seemed to realize that he had undertaken most serious work they all earnestly wished for a chance to distinguish themselves and fully appreciated that they ran the risk not merely of death but of what was infinitely worse namely failure at the crisis to perform duty well and they strove earnestly so to train themselves and the men under them as to minimize the possibility of such disgrace every officer and every man was taught continually to look forward to the day of battle eagerly but with an entire sense of the drain that would then be made upon his endurance and resolution they were also taught that before the battle came the rigorous performance of the countless irksome duties of the camp and the march was demanded from all alike and that no excuse would be tolerated for failure to perform duty very few of the men had gone into the regiment lightly and the fact that they did their duty so well may be largely attributed to the seriousness with which these eager adventurous young fellows approached their work this seriousness and a certain simple manliness which accompanied it had one very pleasant side during our entire time of service i never heard in the officers mess a foul story or a foul word and though there was occasional hard swearing in moments of emergency yet even this was the exception
 the regiment attracted adventurous spirits from everywhere our chief trumpeter was a native american our second trumpeter was from the mediterranean i think an italian who had been a soldier of fortune not only in egypt but in the french army in southern china two excellent men were osborne a tall australian who had been an officer in the new south wales mounted rifles and cook an englishman who had served in south africa both when the regiment disbanded were plaintive in expressing their fond regret that it could not be used against the transvaal boers!
one of our best soldiers was a man whose real and assumed names i for obvious reasons conceal he usually went by a nickname which i will call tennessee he was a tall gaunt fellow with a quiet and distinctly sinister eye who did his duty excellently especially when a fight was on and who being an expert gambler always contrived to reap a rich harvest after pay day when the regiment was mustered out he asked me to put a brief memorandum of his services on his discharge certificate which i gladly did he much appreciated this and added in explanation you see colonel my real name isn t smith it s yancy i had to change it because three or four years ago i had a little trouble with a gentleman and er well in fact i had to kill him and the district attorney he had it in for me and so i just skipped the country and now if it ever should be brought up against me i should like to show your certificate as to my character! the course of frontier justice sometimes moves in unexpected zigzags so i did not express the doubt i felt as to whether my certificate that he had been a good soldier would help him much if he was tried for a murder committed three or four years previously
 the men worked hard and faithfully as a rule in spite of the number of rough characters among them they behaved very well one night a few of them went on a spree and proceeded to paint san antonia red one was captured by the city authorities and we had to leave him behind us in jail the others we dealt with ourselves in a way that prevented a repetition of the occurrence
 the men speedily gave one another nicknames largely conferred in a spirit of derision their basis lying in contrast a brave but fastidious member of a well known eastern club who was serving in the ranks was christened tough ike and his bunkie the man who shared his shelter tent who was a decidedly rough cow puncher gradually acquired the name of the dude one unlucky and simple minded cow puncher who had never been east of the great plains in his life unwarily boasted that he had an aunt in new york and ever afterward went by the name of metropolitan bill a huge red headed irishman was named sheeny solomon a young jew who developed into one of the best fighters in the regiment accepted with entire equanimity the name of pork chop we had quite a number of professional gamblers who i am bound to say usually made good soldiers one who was almost abnormally quiet and gentle was called hell roarer while another who in point of language and deportment was his exact antithesis was christened prayerful james
 while the officers and men were learning their duties and learning to know one another colonel wood was straining every nerve to get our equipments an effort which was complicated by the tendency of the ordnance bureau to send whatever we really needed by freight instead of express finally just as the last rifles revolvers and saddles came we were ordered by wire at once to proceed by train to tampa
 instantly all was joyful excitement we had enjoyed san antonio and were glad that our regiment had been organized in the city where the alamo commemorates the death fight of crockett bowie and their famous band of frontier heroes all of us had worked hard so that we had had no time to be homesick or downcast but we were glad to leave the hot camp where every day the strong wind sifted the dust through everything and to start for the gathering place of the army which was to invade cuba our horses and men were getting into good shape we were well enough equipped to warrant our starting on the campaign and every man was filled with dread of being out of the fighting we had a pack train of 150 mules so we had close on to 1 200 animals to carry
 of course our train was split up into sections seven all told colonel wood commanding the first three and i the last four the journey by rail from san antonio to tampa took just four days and i doubt if anybody who was on the trip will soon forget it to occupy my few spare moments i was reading m demolins s superiorite des anglo saxons m demolins in giving the reasons why the english speaking peoples are superior to those of continental europe lays much stress upon the way in which militarism deadens the power of individual initiative the soldier being trained to complete suppression of individual will while his faculties become atrophied in consequence of his being merely a cog in a vast and perfectly ordered machine i can assure the excellent french publicist that american militarism at least of the volunteer sort has points of difference from the militarism of continental europe the battalion chief of a newly raised american regiment when striving to get into a war which the american people have undertaken with buoyant and light hearted indifference to detail has positively unlimited opportunity for the display of individual initiative and is in no danger whatever either of suffering from unhealthy suppression of personal will or of finding his faculties of self help numbed by becoming a cog in a gigantic and smooth running machine if such a battalion chief wants to get anything or go anywhere he must do it by exercising every pound of resource inventiveness and audacity he possesses the help advice and superintendence he gets from outside will be of the most general not to say superficial character if he is a cavalry officer he has got to hurry and push the purchase of his horses plunging into and out of the meshes of red tape as best he can he will have to fight for his rifles and his tents and his clothes he will have to keep his men healthy largely by the light that nature has given him when he wishes to embark his regiment he will have to fight for his railway cars exactly as he fights for his transport when it comes to going across the sea and on his journey his men will or will not have food and his horses will or will not have water and and the trains will or will not make connections in exact correspondence to the energy and success of his own efforts to keep things moving straight
 it was on sunday may 29th that we marched out of our hot windy dusty camp to take the cars for tampa colonel wood went first with the three sections under his special care i followed with the other four the railway had promised us a forty eight hours trip but our experience in loading was enough to show that the promise would not be made good there were no proper facilities for getting the horses on or off the cars or for feeding or watering them and there was endless confusion and delay among the railway officials i marched my four sections over in the afternoon the first three having taken the entire day to get off we occupied the night as far as the regiment itself was concerned we worked an excellent system wood instructing me exactly how to proceed so as to avoid confusion being a veteran campaigner he had all along insisted that for such work as we had before us we must travel with the minimum possible luggage the men had merely what they could carry on their own backs and the officers very little more my own roll of clothes and bedding could be put on my spare horse the mule train was to be used simply for food forage and spare ammunition as it turned out we were not allowed to take either it or the horses
 it was dusk when i marched my long files of dusty troopers into the station yard i then made all dismount excepting the troop which i first intended to load this was brought up to the first freight car here every man unsaddled and left his saddle bridle and all that he did not himself need in the car each individual s property being corded together a guard was left in the car and the rest of the men took the naked horses into the pens to be fed and watered the other troops were loaded in the same way in succession with each section there were thus a couple of baggage cars in which the horse gear the superfluous baggage and the travel rations were carried and i also put aboard not only at starting but at every other opportunity what oats and i could get so as to provide against accidents for the horses by the time the baggage cars were loaded the horses of the first section had eaten and drunk their fill and we loaded them on cattle cars the officers of each troop saw to the loading taking a dozen picked men to help them for some of the wild creatures half broken and fresh from the ranges were with difficulty driven up the chutes meanwhile i superintended not merely my own men but the railroad men and when the delays of the latter and their inability to understand what was necessary grew past bearing i took charge of the trains myself so as to insure the horse cars of each section being coupled with the baggage cars of that section
 we worked until long past midnight before we got the horses and baggage aboard and then found that for some reason the passenger cars were delayed and would not be out for some hours in the confusion and darkness men of the different troops had become scattered and some had drifted off to the vile drinking booths around the stock yards so i sent details to search the latter while the trumpeters blew the assembly until the first sergeants could account for all the men then the troops were arranged in order and the men of each lay down where they were by the tracks and in the brush to sleep until morning
 at dawn the passenger trains arrived the senior captain of each section saw to it that his own horses troopers and baggage were together and one by one they started off i taking the last in person captain capron had at the very beginning shown himself to be simply invaluable from his extraordinary energy executive capacity and mastery over men and i kept his section next mine so that we generally came together at the different yards
 the next four days were very hot and very dusty i tried to arrange so the sections would be far enough apart to allow each ample time to unload feed water and load the horses at any stopping place before the next section could arrive there was enough delay and failure to make connections on the part of the railroad people to keep me entirely busy not to speak of seeing at the stopping places that the inexperienced officers got enough for their horses and that the water given to them was both ample in quantity and drinkable it happened that we usually made our longest stops at night and this meant that we were up all night long
 two or three times a day i got the men buckets of hot coffee and when we made a long enough stop they were allowed liberty under the supervision of the non commissioned officers some of them abused the privilege and started to get drunk these were promptly handled with the necessary severity in the interest of the others for it was only by putting an immediate to every form of lawlessness or disobedience among the few men who were inclined to be bad that we were enabled to give full liberty to those who would not abuse it
 everywhere the people came out to greet us and cheer us they brought us flowers they brought us watermelons and other fruits and sometimes jugs and pails of milk all of which we greatly appreciated we were travelling through a region where practically all the older men had served in the confederate army and where the younger men had all their lives long drunk in the endless tales told by their elders at home and at the cross roads taverns and in the court house squares about the cavalry of forrest and morgan and the infantry of jackson and hood the blood of the old men stirred to the distant breath of battle the blood of the young men leaped hot with eager desire to accompany us the older women who remembered the dreadful misery of war the misery that presses its iron weight most heavily on the wives and the little ones looked sadly at us but the young girls drove down in bevies arrayed in their finery to wave flags in farewell to the troopers and to beg cartridges and buttons as mementos everywhere we saw the stars and stripes and everywhere we were told half laughing by grizzled ex confederates that they had never dreamed in the bygone days of bitterness to greet the old flag as they now were greeting it and to send their sons as now they were sending them to fight and die under it
 it was four days later that we disembarked in a perfect welter of confusion tampa lay in the pine covered sand flats at the end of a one track railroad and everything connected with both military and railroad matters was in an almost inextricable tangle there was no one to meet us or to tell us where we were to camp and no one to issue us food for the first twenty four hours while the railroad people unloaded us wherever they pleased or rather wherever the jam of all kinds of trains rendered it possible we had to buy the men food out of our own pockets and to seize wagons in order to get our spare baggage taken to the camping ground which we at last found had been allotted to us
 once on the ground we speedily got order out of confusion under wood s eye the tents were put up in long streets the picket line of each troop stretching down its side of each street the officers quarters were at the upper ends of the streets the company kitchens and sinks at the opposite ends the camp was strictly policed and drill promptly begun for thirty six hours we let the horses rest drilling on foot and then began the mounted drill again the regiments with which we were afterward to serve were camped near us and the sandy streets of the little town were thronged with soldiers almost all of them regulars for there were but one or two volunteer organizations besides ourselves the regulars wore the canonical dark blue of uncle sam our own men were clad in dusty brown blouses trousers and leggings being of the same hue while the broad brimmed soft hat was of dark gray and very workmanlike they looked as in column of fours each troop trotted down its company street to form by squadron or battalion the troopers sitting steadily in the saddles as they made their half trained horses conform to the movement of the guidons
 over in tampa town the huge winter hotel was gay with general officers and their staffs with women in pretty dresses with newspaper correspondents by the score with military attaches of foreign powers and with onlookers of all sorts but we spent very little time there
 we worked with the utmost industry special attention being given by each troop commander to skirmish drill in the woods once or twice we had mounted drill of the regiment as a whole the military attaches came out to look on english german russian french and japanese with the englishman captain arthur lee a capital fellow we soon struck up an especially close friendship and we saw much of him throughout the campaign so we did of several of the newspaper correspondents richard harding davis john fox jr caspar whitney and frederic remington on sunday chaplain brown of arizona held service as he did almost every sunday during the campaign
 there were but four or five days at tampa however we were notified that the expedition would start for destination unknown at once and that we were to go with it but that our horses were to be left behind and only eight troops of seventy men each taken our sorrow at leaving the horses was entirely outweighed by our joy at going but it was very hard indeed to select the four troops that were to stay and the men who had to be left behind from each of the troops that went colonel wood took major brodie and myself to command the two squadrons being allowed only two squadron commanders the men who were left behind felt the most bitter heartburn to the great bulk of them i think it will be a life long sorrow i saw more than one both among the officers and privates burst into tears when he found he could not go no outsider can appreciate the bitterness of the disappointment of course really those that stayed were entitled to precisely as much honor as those that went each man was doing his duty and much the hardest and most disagreeable duty was to stay credit should go with the performance of duty and not with what is very often the accident of glory all this and much more we explained but our explanations could not alter the fact that some had to be chosen and some had to be left one of the captains chosen was captain maximilian luna who commanded troop f from new mexico the captain s people had been on the banks of the rio grande before my forefathers came to the mouth of the hudson or wood s landed at plymouth and he made the plea that it was his right to go as a representative of his race for he was the only man of pure spanish blood who bore a commission in the army and he demanded the privilege of proving that his people were precisely as loyal americans as any others i was glad when it was decided to take him
 it was the evening of june 7th when we suddenly received orders that the expedition was to start from port tampa nine miles distant by rail at daybreak the following morning and that if we were not aboard our transport by that time we could not go we had no intention of getting left and prepared at once for the scramble which was evidently about to take place as the number and capacity of the transports were known or ought to have been known and as the number and size of the regiments to go were also known the task of allotting each regiment or fraction of a regiment to its proper transport and arranging that the regiments and the transports should meet in due order on the dock ought not to have been difficult however no arrangements were made in advance and we were allowed to shove and hustle for ourselves as best we could on much the same principles that had governed our preparations hitherto
 we were ordered to be at a certain track with all our baggage at midnight there to take a train for port tampa at the appointed time we turned up but the train did not the men slept heavily while wood and i and various other officers wandered about in search of information which no one could give we now and then came across a brigadier general or even a major general but nobody knew anything some regiments got aboard the trains and some did not but as none of the trains started this made little difference at three o clock we received orders to march over to an entirely different track and away we went no train appeared on this track either but at six o clock some coal cars came by and these we seized by various arguments we persuaded the engineer in charge of the train to back us down the nine miles to port tampa where we arrived covered with coal dust but with all our belongings
 the railway tracks ran out on the quay and the transports which had been anchored in midstream were gradually being brought up alongside the quay and loaded the trains were unloading wherever they happened to be no attention whatever being paid to the possible position of the transport on which the soldiers were to go colonel wood and i jumped off and started on a hunt which soon convinced us that we had our work cut out if we were to get a transport at all from the highest general down nobody could tell us where to go to find out what transport we were to have at last we were informed that we were to hunt up the depot quartermaster colonel humphrey we found his office where his assistant informed us that he didn t know where the colonel was but believed him to be asleep upon one of the transports this seemed odd at such a time but so many of the methods in vogue were odd that we were quite prepared to accept it as a fact however it proved not to be such but for an hour colonel humphrey might just as well have been asleep as nobody knew where he was and nobody could find him and the quay was crammed with some ten thousand men most of whom were working at cross purposes
 at last however after over an hour s industrious and rapid search through this swarming ant heap of humanity wood and i who had separated found colonel humphrey at nearly the same time and were alloted a transport the yucatan she was out in midstream so wood seized a stray launch and boarded her at the same time i happened to find out that she had previously been allotted to two other regiments the second regular infantry and the seventy first new york volunteers which latter regiment alone contained more men than could be put aboard her accordingly i ran at full speed to our train and leaving a strong guard with the baggage i double quicked the rest of the regiment up to the boat just in time to board her as she came into the quay and then to hold her against the second regulars and the seventy first who had arrived a little too late being a shade less ready than we were in the matter of individual initiative there was a good deal of expostulation but we had possession and as the ship could not contain half of the men who had been told to go aboard her the seventy first went away as did all but four companies of the second these latter we took aboard meanwhile a general had caused our train to be unloaded at the end of the quay farthest from where the ship was and the hungry tired men spent most of the day in the labor of bringing down their baggage and the food and ammunition
 the officers horses were on another boat my own being accompanied by my colored body servant marshall the most faithful and loyal of men himself an old soldier of the ninth cavalry marshall had been in indian campaigns and he christened my larger horse rain in the face while the other a pony went by the name of texas
 by the time that night fell and our transport pulled off and anchored in midstream we felt we had spent thirty six tolerably active hours the transport was overloaded the men being packed like sardines not only below but upon the decks so that at night it was only possible to walk about by continually stepping over the bodies of the sleepers the travel rations which had been issued to the men for the voyage were not sufficient because the meat was very bad indeed and when a ration consists of only four or five items which taken together just meet the requirements of a strong and healthy man the loss of one item is a serious thing if we had been given canned corned beef we would have been all right but instead of this the soldiers were issued horrible stuff called canned fresh beef there was no salt in it at the best it was stringy and tasteless at the worst it was nauseating not one fourth of it was ever eaten at all even when the men became very hungry there were no facilities for the men to cook anything there was no ice for them the water was not good and they had no fresh meat or fresh vegetables
 however all these things seemed of small importance compared with the fact that we were really embarked and were with the first expedition to leave our shores but by next morning came the news that the order to sail had been countermanded and that we were to stay where we were for the time being what this meant none of us could understand it turned out later to be due to the blunder of a naval officer who mistook some of our vessels for spaniards and by his report caused consternation in washington until by vigorous scouting on the part of our other ships the illusion was dispelled
 meanwhile the troop ships packed tight with their living freight sweltered in the burning heat of tampa harbor there was nothing whatever for the men to do space being too cramped for amusement or for more drill than was implied in the manual of arms in this we drilled them assiduously and we also continued to hold school for both the officers and the non commissioned officers each troop commander was regarded as responsible for his own non commissioned officers and wood or myself simply dropped in to superintend just as we did with the manual of arms in the officers school captain capron was the special instructor and a most admirable one he was
 the heat the steaming discomfort and the confinement together with the forced inaction were very irksome but everyone made the best of it and there was little or no grumbling even among the men all from the highest to the lowest were bent upon perfecting themselves according to their slender opportunities every book of tactics in the regiment was in use from morning until night and the officers and non commissioned officers were always studying the problems presented at the schools about the only amusement was bathing over the side in which we indulged both in the morning and evening many of the men from the far west had never seen the ocean one of them who knew how to swim was much interested in finding that the ocean water was not drinkable another who had never in his life before seen any water more extensive than the headstream of the rio grande met with an accident later in the voyage that is his hat blew away while we were in mid ocean and i heard him explaining the accident to a friend in the following words o h jim! ma hat blew into the creek! so we lay for nearly a week the vessels swinging around on their anchor chains while the hot water of the bay flowed to and fro around them and the sun burned overhead
 at last on the evening of june 13th we received the welcome order to start ship after ship weighed anchor and went slowly ahead under half steam for the distant mouth of the harbor the bands playing the flags flying the rigging black with the clustered soldiers cheering and shouting to those left behind on the quay and to their fellows on the other ships the channel was very tortuous and we anchored before we had gone far down it after coming within an ace of a bad collision with another transport the next morning we were all again under way and in the afternoon the great fleet steamed southeast until tampa light sank in the distance
 for the next six days we sailed steadily southward and eastward through the wonderful sapphire seas of the west indies the thirty odd transports moved in long parallel lines while ahead and behind and on their flanks the gray hulls of the war ships surged through the blue water we had every variety of craft to guard us from the mighty battle ship and swift cruiser to the converted yachts and the frail venomous looking torpedo boats the war ships watched with ceaseless vigilance by day and night when a sail of any kind appeared instantly one of our guardians steamed toward it ordinarily the torpedo boats were towed once a strange ship steamed up too close and instantly the nearest torpedo boat was slipped like a greyhound from the leash and sped across the water toward it but the stranger proved harmless and the swift delicate death fraught craft returned again
 it was very pleasant sailing southward through the tropic seas toward the unknown we knew not whither we were bound nor what we were to do but we believed that the nearing future held for us many chances of death and hardship of honor and renown if we failed we would share the fate of all who fail but we were sure that we would win that we should score the first great triumph in a mighty world movement at night we looked at the new stars and hailed the southern cross when at last we raised it above the horizon in the daytime we drilled and in the evening we held officers school but there was much time when we had little to do save to scan the wonderful blue sea and watch the flying fish toward evening when the officers clustered together on the forward bridge the band of the second infantry played tune after tune until on our quarter the glorious sun sunk in the red west and one by one the lights blazed out on troop ship and war ship for miles ahead and astern as they steamed onward through the brilliant tropic night
 the men on the ship were young and strong eager to face what lay hidden before them eager for adventure where risk was the price of gain sometimes they talked of what they might do in the future and wondered whether we were to attack santiago or porto rico at other times as they lounged in groups they told stories of their past stories of the mining camps and the cattle ranges of hunting bear and deer of war trails against the indians of lawless deeds of violence and the lawful violence by which they were avenged of brawls in saloons of shrewd deals in cattle and sheep of successful quest for the precious metals stories of brutal wrong and brutal appetite melancholy love tales and memories of nameless heroes masters of men and tamers of horses
 the officers too had many strange experiences to relate none not even llewellen or o neill had been through what was better worth telling or could tell it better than capron he had spent years among the apaches the wildest and fiercest of tribes and again and again had owed his life to his own cool judgment and extraordinary personal prowess he knew the sign language familiar to all the indians of the mountains and the plains and it was curious to find that the signs for different animals for water for sleep and death which he knew from holding intercourse with the tribes of the southeast were exactly like those which i had picked up on my occasional hunting or trading trips among the sioux and mandans of the north he was a great rifle shot and wolf hunter and had many tales to tell of the deeds of gallant hounds and the feats of famous horses he had handled his indian scouts and dealt with the bronco indians the renegades from the tribes in circumstances of extreme peril for he had seen the sullen moody apaches when they suddenly went crazy with wolfish blood lust and in their madness wished to kill whomever was nearest he knew so far as white man could know their ways of thought and how to humor and divert them when on the brink of some dangerous outbreak capron s training and temper fitted him to do great work in war and he looked forward with eager confidence to what the future held for he was sure that for him it held either triumph or death death was the prize he drew
 most of the men had simple souls they could relate facts but they said very little about what they dimly felt bucky o neill however the iron nerved iron willed fighter from arizona the sheriff whose name was a by word of terror to every wrong doer white or red the gambler who with unmoved face would stake and lose every dollar he had in the world he alone among his comrades was a visionary an articulate emotionalist he was very quiet about it never talking unless he was sure of his listener but at night when we leaned on the railing to look at the southern cross he was less apt to tell tales of his hard and stormy past than he was to speak of the mysteries which lie behind courage and fear and love behind animal hatred and animal lust for the pleasures that have tangible shape he had keenly enjoyed life and he could breast its turbulent torrent as few men could he was a practical man who knew how to wrest personal success from adverse forces among money makers politicians and desperadoes alike yet down at bottom what seemed to interest him most was the philosophy of life itself of our understanding of it and of the limitations set to that understanding but he was as far as possible from being a mere dreamer of dreams a stanchly loyal and generous friend he was also exceedingly ambitious on his own account if by risking his life no matter how great the risk he could gain high military distinction he was bent on gaining it he had taken so many chances when death lay on the hazard that he felt the odds were now against him but said he who would not risk his life for a star? had he lived and had the war lasted he would surely have won the eagle if not the star
 we had a good deal of trouble with the transports chiefly because they were not under the control of the navy one of them was towing a schooner and another a scow both of course kept lagging behind finally when we had gone nearly the length of cuba the transport with the schooner sagged very far behind and then our wretched transport was directed by general shafter to fall out of line and keep her company of course we executed the order greatly to the wrath of captain clover who in the gunboat bancroft had charge of the rear of the column for we could be of no earthly use to the other transport and by our presence simply added just so much to captain clover s anxiety as he had two transports to protect instead of one next morning the rest of the convoy were out of sight but we reached them just as they finally turned
 until this we had steamed with the trade wind blowing steadily in our faces but once we were well to eastward of cuba we ran southwest with the wind behind on our quarter and we all knew that our destination was santiago on the morning of the 20th we were close to the cuban coast high mountains rose almost from the water s edge looking huge and barren across the sea we sped onward past guantanamo bay where we saw the little picket ships of the fleet and in the afternoon we sighted santiago harbor with the great war ships standing off and on in front of it gray and sullen in their war paint
 all next day we rolled and wallowed in the seaway waiting until a decision was reached as to where we should land on the morning of june 22d the welcome order for landing came
 we did the landing as we had done everything else that is in a scramble each commander shifting for himself the port at which we landed was called daiquiri a squalid little village where there had been a railway and iron works there were no facilities for landing and the fleet did not have a quarter the number of boats it should have had for the purpose all we could do was to stand in with the transports as close as possible and then row ashore in our own few boats and the boats of the war ships luck favored our regiment my former naval aide while i was assistant secretary of the navy lieutenant sharp was in command of the vixen a converted yacht and everything being managed on the go as you please principle he steamed by us and offered to help put us ashore of course we jumped at the chance wood and i boarded the vixen and there we got lieutenant sharp s black cuban pilot who told us he could take our transport right in to within a few hundred yards of the land accordingly we put him aboard and in he brought her gaining at least a mile and a half by the manoeuvre the other transports followed but we had our berth and were all right
 there was plenty of excitement to the landing in the first place the smaller war vessels shelled daiquiri so as to dislodge any spaniards who might be lurking in the neighborhood and also shelled other places along the coast to keep the enemy puzzled as to our intentions then the surf was high and the landing difficult so that the task of getting the men the ammunition and provisions ashore was not easy each man carried three days field rations and a hundred rounds of ammunition our regiment had accumulated two rapid fire colt automatic guns the gift of stevens kane tiffany and one or two others of the new york men and also a dynamite gun under the immediate charge of sergeant borrowe to get these and especially the last ashore involved no little work and hazard meanwhile from another transport our horses were being landed together with the mules by the simple process of throwing them overboard and letting them swim ashore if they could both of wood s got safely through one of mine was drowned the other little texas got ashore all right while i was superintending the landing at the ruined dock with bucky o neill a boatful of colored infantry soldiers capsized and two of the men went to the bottom bucky o neill plunging in in full uniform to save them but in vain
 however by the late afternoon we had all our men with what ammunition and provisions they could themselves carry landed and were ready for anything that might turn up",2bd23a24231d6d112015fa55a1f99bfcb313c33aa631fdf4ca14e63f0737f2df,7724,46,es,genius,,2026-03-06 18:00:49.071229+00,2023
786,372,"438 u s 265
regents of the university of california
v
bakke no 76 811
supreme court of united states
argued october 12 1977
decided june 28 1978
certiorari to the supreme court of california
 268
269mr justice powell announced the judgment of the court this case presents a challenge to the special admissions program of the petitioner the medical school of the university of california at davis which is designed to assure the admission
 270
of a specified number of students from certain minority groups the superior court of california sustained respondent s challenge holding that petitioner s program violated the california constitution title vi of the civil rights act of 1964 42 u s c 2000d
et seq
 and the equal protection clause of the fourteenth amendment the court enjoined petitioner from considering respondent s race or the race of any other applicant in making admissions decisions it refused however to order respondent s admission to the medical school holding that he had not carried his burden of proving that he would have been admitted but for the constitutional and statutory violations the supreme court of california affirmed those portions of the trial court s judgment declaring the special admissions program unlawful and enjoining petitioner from considering the race of any applicant

 271
it modified that portion of the judgment denying respondent s requested injunction and directed the trial court to order his admission
for the reasons stated in the following opinion i believe that so much of the judgment of the california court as holds petitioner s special admissions program unlawful and directs that respondent be admitted to the medical school must be affirmed for the reasons expressed in a separate opinion my brothers the chief justice mr justice stewart mr justice rehnquist and mr justice stevens concur in this judgment
 272
i also conclude for the reasons stated in the following opinion that the portion of the court s judgment enjoining petitioner from according any consideration to race in its admissions process must be reversed for reasons expressed in separate opinions my brothers mr justice brennan mr justice white mr justice marshall and mr justice blackmun concur in this judgment
affirmed in part and reversed in part
 ithe medical school of the university of california at davis opened in 1968 with an entering class of 50 students in 1971 the size of the entering class was increased to 100 students a level at which it remains no admissions program for disadvantaged or minority students existed when the school opened and the first class contained three asians but no blacks no mexican americans and no american indians over the next two years the faculty devised a special admissions program to increase the representation of disadvantaged students in each medical school class
 the special program consisted of
 273
a separate admissions system operating in coordination with the regular admissions process
under the regular admissions procedure a candidate could submit his application to the medical school beginning in july of the year preceding the academic year for which admission was sought record 149 because of the large number of applications
 the admissions committee screened each one to select candidates for further consideration candidates whose overall undergraduate grade point averages fell below 2 5 on a scale of 4 0 were summarily rejected
id
 at 63 about
 274
one out of six applicants was invited for a personal interview
ibid
 following the interviews each candidate was rated on a scale of 1 to 100 by his interviewers and four other members of the admissions committee the rating embraced the interviewers summaries the candidate s overall grade point average grade point average in science courses scores on the medical college admissions test letters of recommendation extracurricular activities and other biographical data
id
 at 62 the ratings were added together to arrive at each candidate s benchmark score since five committee members rated each candidate in 1973 a perfect score was 500 in 1974 six members rated each candidate so that a perfect score was 600 the full committee then reviewed the file and scores of each applicant and made offers of admission on a rolling basis
 the chairman was responsible for placing names on the waiting list they were not placed in strict numerical order instead the chairman had discretion to include persons with special skills
id
 at 63 64
the special admissions program operated with a separate committee a majority of whom were members of minority groups
id
 at 163 on the 1973 application form candidates were asked to indicate whether they wished to be considered as economically and or educationally disadvantaged applicants on the 1974 form the question was whether they wished to be considered as members of a minority group which the medical school apparently viewed as blacks chicanos asians and american indians
id
 at 65 66 146 197 203 205 216 218 if these questions were answered affirmatively the application was forwarded to the special admissions committee no formal definition of disadvantaged
 275
was ever produced
id
 at 163 164 but the chairman of the special committee screened each application to see whether it reflected economic or educational deprivation
 having passed this initial hurdle the applications then were rated by the special committee in a fashion similar to that used by the general admissions committee except that special candidates did not have to meet the 2 5 grade point average cutoff applied to regular applicants about one fifth of the total number of special applicants were invited for interviews in 1973 and 1974
 following each interview the special committee assigned each special applicant a benchmark score the special committee then presented its top choices to the general admissions committee the latter did not rate or compare the special candidates against the general applicants
id
 at 388 but could reject recommended special candidates for failure to meet course requirements or other specific deficiencies
id
 at 171 172 the special committee continued to recommend special applicants until a number prescribed by faculty vote were admitted while the overall class size was still 50 the prescribed number was 8 in 1973 and 1974 when the class size had doubled to 100 the prescribed number of special admissions also doubled to 16
id
 at 164 166
from the year of the increase in class size1971through 1974 the special program resulted in the admission of 21 black students 30 mexican americans and 12 asians for a total of 63 minority students over the same period the regular admissions program produced 1 black 6 mexican americans
 276
and 37 asians for a total of 44 minority students
 although disadvantaged whites applied to the special program in large numbers see n 5
supra
 none received an offer of admission through that process indeed in 1974 at least the special committee explicitly considered only disadvantaged special applicants who were members of one of the designated minority groups record 171
allan bakke is a white male who applied to the davis medical school in both 1973 and 1974 in both years bakke s application was considered under the general admissions program and he received an interview his 1973 interview was with dr theodore c west who considered bakke a very desirable applicant to medical school
id
 at 225 despite a strong benchmark score of 468 out of 500 bakke was rejected his application had come late in the year and no applicants in the general admissions process with scores below 470 were accepted after bakke s application was completed
id
 at 69 there were four special admissions slots unfilled at that time however for which bakke was not considered
id
 at 70 after his 1973 rejection bakke wrote to dr george h lowrey associate dean and chairman of the admissions committee protesting that the special admissions program operated as a racial and ethnic quota
id
 at 259
 277
bakke s 1974 application was completed early in the year
id
 at 70 his student interviewer gave him an overall rating of 94 finding him friendly well tempered conscientious and delightful to speak with
id
 at 229 his faculty interviewer was by coincidence the same dr lowrey to whom he had written in protest of the special admissions program dr lowrey found bakke rather limited in his approach to the problems of the medical profession and found disturbing bakke s very definite opinions which were based more on his personal viewpoints than upon a study of the total problem
id
 at 226 dr lowrey gave bakke the lowest of his six ratings an 86 his total was 549 out of 600
id
 at 230 again bakke s application was rejected in neither year did the chairman of the admissions committee dr lowrey exercise his discretion to place bakke on the waiting list
id
 at 64 in both years applicants were admitted under the special program with grade point averages mcat scores and benchmark scores significantly lower than bakke s
after the second rejection bakke filed the instant suit in the superior court of california
 he sought mandatory injunctive and declaratory relief compelling his admission to the medical school he alleged that the medical school s special admissions program operated to exclude him from the
 278
school on the basis of his race in violation of his rights under the equal protection clause of the fourteenth amendment
 art i 21 of the california constitution
 and 601 of title vi of the civil rights act of 1964 78 stat 252 42 u s c 2000d
 the university cross complained for a declaration that its special admissions program was lawful the trial
 279
court found that the special program operated as a racial quota because minority applicants in the special program were rated only against one another record 388 and 16 places in the class of 100 were reserved for them
id
 at 295 296 declaring that the university could not take race into account in making admissions decisions the trial court held the challenged program violative of the federal constitution the state constitution and title vi the court refused to order bakke s admission however holding that he had failed to carry his burden of proving that he would have been admitted but for the existence of the special program
bakke appealed from the portion of the trial court judgment denying him admission and the university appealed from the decision that its special admissions program was unlawful and the order enjoining it from considering race in the processing of applications the supreme court of california transferred the case directly from the trial court because of the importance of the issues involved
18 cal 3d 34
39 553 p 2d 1152 1156 the california court accepted the findings of the trial court with respect to the university s program
 because the special admissions program involved a racial classification the supreme court held itself bound to apply strict scrutiny
id
 at 49 553 p 2d at 1162 1163 it then turned to the goals the university presented as justifying the special program although the court agreed that the goals of integrating the medical profession and increasing the number of physicians willing to serve members of minority groups were compelling state interests
id
 at 53 553 p 2d at 1165 it concluded that the special admissions program was not the least intrusive means of achieving those goals without passing on the state constitutional or the federal statutory grounds cited in the trial court s judgment the california court held
 280
that the equal protection clause of the fourteenth amendment required that no applicant may be rejected because of his race in favor of another who is less qualified as measured by standards applied without regard to race
id
 at 55 553 p 2d at 1166
turning to bakke s appeal the court ruled that since bakke had established that the university had discriminated against him on the basis of his race the burden of proof shifted to the university to demonstrate that he would not have been admitted even in the absence of the special admissions program
id
 at 63 64 553 p 2d at 1172 the court analogized bakke s situation to that of a plaintiff under title vii of the civil rights act of 1964 42 u s c 2000e 17 see
e g
franks
v
bowman transportation co
 424 u s 747 772 18 cal 3d at 63 64 553 p 2d at 1172 on this basis the court initially ordered a remand for the purpose of determining whether under the newly allocated burden of proof bakke would have been admitted to either the 1973 or the 1974 entering class in the absence of the special admissions program app a to application for stay 48 in its petition for rehearing below however the university conceded its inability to carry that burden app b to application for stay a19 a20
 the
 281
california court thereupon amended its opinion to direct that the trial court enter judgment ordering bakke s admission to the medical school 18 cal 3d at 64 553 p 2d at 1172 that order was stayed pending review in this court 429 u s 953 we granted certiorari to consider the important constitutional issue 429 u s 1090 iiin this court the parties neither briefed nor argued the applicability of title vi of the civil rights act of 1964 rather as had the california court they focused exclusively upon the validity of the special admissions program under the equal protection clause because it was possible however that a decision on title vi might obviate resort to constitutional interpretation see
ashwander
v
tva
 297 u s 288 346 348 we requested supplementary briefing on the statutory issue 434 u s 900 aat the outset we face the question whether a right of action for private parties exists under title vi respondent argues that there is a private right of action invoking the test set forth in
cort
v
ash
 422 u s 66 78 he contends
 282
that the statute creates a federal right in his favor that legislative history reveals an intent to permit private actions
 that such actions would further the remedial purposes of the statute and that enforcement of federal rights under the civil rights act generally is not relegated to the states in addition he cites several lower court decisions which have recognized or assumed the existence of a private right of action
 petitioner denies the existence of a private right of action arguing that the sole function of 601 see n 11
supra
 was to establish a predicate for administrative action under 602 78 stat 252 42 u s c 2000d 1
 in its view administrative curtailment of federal funds under that section was the only sanction to be imposed upon recipients that
 283
violated 601 petitioner also points out that title vi contains no explicit grant of a private right of action in contrast to titles ii iii iv and vii of the same statute 42 u s c 2000a 3 2000b 2 2000c 8 and 2000e 5
we find it unnecessary to resolve this question in the instant case the question of respondent s right to bring an action under title vi was neither argued nor decided in either of the courts below and this court has been hesitant to review questions not addressed below
mcgoldrick
v
compagnie generale transatlantique
 309 u s 430 434 435 see also
massachusetts
v
westcott
 431 u s 322
cardinale
v
louisiana
 394 u s 437 439 cf
singleton
v
wulff
 428 u s 106 121 we therefore do not address this difficult issue similarly we need not pass
 284
upon petitioner s claim that private plaintiffs under title vi must exhaust administrative remedies we assume only for the purposes of this case that respondent has a right of action under title vi see
lau
v
nichols
 414 u s 563 571 n 2 bthe language of 601 78 stat 252 like that of the equal protection clause is majestic in its sweep no person in the united states shall on the ground of race color or national origin be excluded from participation in be denied the benefits of or be subjected to discrimination under any program or activity receiving federal financial assistance the concept of discrimination like the phrase equal protection of the laws is susceptible of varying interpretations for as mr justice holmes declared word is not a crystal transparent and unchanged it is the skin of a living thought and may vary greatly in color and content according to the circumstances and the time in which it is used
towne
v
eisner
 245 u s 418 425 we must therefore seek whatever aid is available in determining the precise meaning of the statute before us
train
v
colorado public interest research group
 426 u s 1 10 quoting
united states
v
american trucking assns
 310 u s 534 543 544 examination of the voluminous legislative history of title vi reveals a congressional intent to halt federal funding of entities that violate a prohibition of racial discrimination similar to that of the constitution although isolated statements of various legislators taken out of context can be marshaled in support of the proposition that 601 enacted a purely color blind scheme
 without regard to the reach of the equal protection
 285
clause these comments must be read against the background of both the problem that congress was addressing and the broader view of the statute that emerges from a full examination of the legislative debates
the problem confronting congress was discrimination against negro citizens at the hands of recipients of federal moneys indeed the color blindness pronouncements cited in the margin at n 19 generally occur in the midst of extended remarks dealing with the evils of segregation in federally funded programs over and over again proponents of the bill detailed the plight of negroes seeking equal treatment in such programs
 there simply was no reason for congress to consider the validity of hypothetical preferences that might be accorded minority citizens the legislators were dealing with the real and pressing problem of how to guarantee those citizens equal treatment
in addressing that problem supporters of title vi repeatedly declared that the bill enacted constitutional principles for example representative celler the chairman of the house judiciary committee and floor manager of the legislation in the house emphasized this in introducing the bill the bill would offer assurance that hospitals financed by federal money would not deny adequate care to negroes it would prevent abuse of food distribution programs whereby negroes have been known to be denied food
 286
surplus supplies when white persons were given such food it would assure negroes the benefits now accorded only white students in programs of high education financed by federal funds it would in short
assure the existing right to equal treatment
in the enjoyment of federal funds it would not destroy any rights of private property or freedom of association 110 cong rec 1519 other sponsors shared representative celler s view that title vi embodied constitutional principles
in the senate senator humphrey declared that the purpose of title vi was to insure that federal funds are spent in accordance with the constitution and the moral sense of the nation
id
 at 6544 senator ribicoff agreed that title vi embraced the constitutional standard basically there is a constitutional restriction against discrimination in the use of federal funds and title vi simply spells out the procedure to be used in enforcing that restriction
id
 at 13333 other senators expressed similar views
further evidence of the incorporation of a constitutional standard into title vi appears in the repeated refusals of the legislation s supporters precisely to define the term discrimination opponents sharply criticized this failure
 but proponents of the bill merely replied that the meaning of
 287
discrimination would be made clear by reference to the constitution or other existing law for example senator humphrey noted the relevance of the constitution as i have said the bill has a simple purpose that purpose is to give fellow citizensnegroesthe same rights and opportunities that white people take for granted this is no more than what was preached by the prophets and by christ himself it is no more than what our constitution guarantees
id
 at 6553
in view of the clear legislative intent title vi must be held to proscribe only those racial classifications that would violate the equal protection clause or the fifth amendment iiiapetitioner does not deny that decisions based on race or ethnic origin by faculties and administrations of state universities are reviewable under the fourteenth amendment see
e g
missouri ex rel gaines
v
canada
 305 u s 337
sipuel
v
board of regents
 332 u s 631
sweatt
v
painter
 339 u s 629
mclaurin
v
oklahoma state regents
 339 u s 637 for his part respondent does not argue that all racial or ethnic classifications are
per se
invalid see
e g
hirabayashi
v
united states
 320 u s 81
korematsu
v
united states
 323 u s 214
lee
v
washington
 390 u s 333 334
united jewish organizations
v
carey
 430 u s 144 the parties do disagree as to the level of judicial scrutiny to be applied to the special admissions program petitioner argues that the court below erred in applying strict scrutiny as this inexact term has been
 288
applied in our cases that level of review petitioner asserts should be reserved for classifications that disadvantage discrete and insular minorities see
united states
v
carolene products co
 304 u s 144 152 n 4 respondent on the other hand contends that the california court correctly rejected the notion that the degree of judicial scrutiny accorded a particular racial or ethnic classification hinges upon membership in a discrete and insular minority and duly recognized that the rights established are personal rights
shelley
v
kraemer
 334 u s 1 22
en route to this crucial battle over the scope of judicial review
 the parties fight a sharp preliminary action over the proper characterization of the special admissions program petitioner prefers to view it as establishing a goal of minority representation in the medical school respondent echoing the courts below labels it a racial quota
 289
this semantic distinction is beside the point the special admissions program is undeniably a classification based on race and ethnic background to the extent that there existed a pool of at least minimally qualified minority applicants to fill the 16 special admissions seats white applicants could compete only for 84 seats in the entering class rather than the 100 open to minority applicants whether this limitation is described as a quota or a goal it is a line drawn on the basis of race and ethnic status
the guarantees of the fourteenth amendment extend to all persons its language is explicit no state shall deny to any person within its jurisdiction the equal protection of the laws it is settled beyond question that the rights created by the first section of the fourteenth amendment are by its terms guaranteed to the individual the rights established are personal rights
shelley
v
kraemer supra
 at 22 accord
missouri ex rel gaines
v
canada supra
 at 351
mccabe
v
atchison t s f r co
 235 u s 151 161 162 the guarantee of equal protection cannot mean one thing when applied to one individual and something else when
 290
applied to a person of another color if both are not accorded the same protection then it is not equal
nevertheless petitioner argues that the court below erred in applying strict scrutiny to the special admissions program because white males such as respondent are not a discrete and insular minority requiring extraordinary protection from the majoritarian political process
carolene products co supra
 at 152 153 n 4 this rationale however has never been invoked in our decisions as a prerequisite to subjecting racial or ethnic distinctions to strict scrutiny nor has this court held that discreteness and insularity constitute necessary preconditions to a holding that a particular classification is invidious
 see
e g
skinner
v
oklahoma ex rel williamson
 316 u s 535 541
carrington
v
rash
 380 u s 89 94 97 these characteristics may be relevant in deciding whether or not to add new types of classifications to the list of suspect categories or whether a particular classification survives close examination see
e g
massachusetts board of retirement
v
murgia
 427 u s 307 313
san antonio independent school dist
 v
rodriguez
 411 u s 1 28
graham
v
richardson
 403 u s 365 372 racial and ethnic classifications however are subject to stringent examination without regard to these additional characteristics we declared as much in the first cases explicitly to recognize racial distinctions as suspect distinctions between citizens solely because of their ancestry are by their very nature odious to a free people
 291
whose institutions are founded upon the doctrine of equality
hirabayashi
 320 u s at 100 ll legal restrictions which curtail the civil rights of a single racial group are immediately suspect that is not to say that all such restrictions are unconstitutional it is to say that courts must subject them to the most rigid scrutiny
korematsu
 323 u s at 216 the court has never questioned the validity of those pronouncements racial and ethnic distinctions of any sort are inherently suspect and thus call for the most exacting judicial examination bthis perception of racial and ethnic distinctions is rooted in our nation s constitutional and demographic history the court s initial view of the fourteenth amendment was that its one pervading purpose was the freedom of the slave race the security and firm establishment of that freedom and the protection of the newly made freeman and citizen from the oppressions of those who had formerly exercised dominion over him
slaughter house cases

16 wall 36
71 the equal protection clause however was irtually strangled in infancy by post civil war judicial reactionism
 it was relegated to decades of relative desuetude while the due process clause of the fourteenth amendment after a short germinal period flourished as a cornerstone in the court s defense of property and liberty of contract see
e g
mugler
v
kansas
 123 u s 623 661
allgeyer
v
louisiana
 165 u s 578
lochner
v
new york
 198 u s 45 in that cause the fourteenth amendment s one pervading purpose was displaced see
e g
plessy
v
ferguson
 163 u s 537 it was only as the era of substantive due process came to a close see
e g
nebbia
v
new

292

york
 291 u s 502
west coast hotel co
 v
parrish
 300 u s 379 that the equal protection clause began to attain a genuine measure of vitality see
e g
united states
v
carolene products
 304 u s 144
skinner
v
oklahoma ex rel williamson supra

by that time it was no longer possible to peg the guarantees of the fourteenth amendment to the struggle for equality of one racial minority during the dormancy of the equal protection clause the united states had become a nation of minorities
 each had to struggle
and to some extent struggles still
to overcome the prejudices not of a monolithic majority but of a majority composed of various minority groups of whom it was saidperhaps unfairly in many cases that a shared characteristic was a willingness to disadvantage other groups
 as the nation filled with the stock of many lands the reach of the clause was gradually extended to all ethnic groups seeking protection from official discrimination see
strauder
v
west virginia
 100 u s 303 308
yick wo
v
hopkins
 118 u s 356
truax
v
raich
 239 u s 33 41
korematsu supra

hernandez
v
texas
 347 u s 475 the guarantees of equal protection said the court in
 293

yick wo
 are universal in their application to all persons within the territorial jurisdiction without regard to any differences of race of color or of nationality and the equal protection of the laws is a pledge of the protection of equal laws 118 u s at 369
although many of the framers of the fourteenth amendment conceived of its primary function as bridging the vast distance between members of the negro race and the white majority
slaughter house cases supra

the amendment itself was framed in universal terms without reference to color ethnic origin or condition of prior servitude as this court recently remarked in interpreting the 1866 civil rights act to extend to claims of racial discrimination against white persons the 39th congress was intent upon establishing in the federal law a broader principle than would have been necessary simply to meet the particular and immediate plight of the newly freed negro slaves
mcdonald
v
santa fe trail transportation co
 427 u s 273 296 and that legislation was specifically broadened in 1870 to ensure that all persons not merely citizens would enjoy equal rights under the law see
runyon
v
mccrary
 427 u s 160 192 202 indeed it is not unlikely that among the framers were many who would have applauded a reading of the equal protection clause that states a principle of universal application and is responsive to the racial ethnic and cultural diversity of the nation see
e g
 cong globe 39th cong 1st sess 1056
id
 at 2891 2892
id
 40th cong 2d sess 883 see also bickel the original understanding and the segregation decision 69 harv l rev 1 60 63
over the past 30 years this court has embarked upon the crucial mission of interpreting the equal protection clause with the view of assuring to all persons the protection of
 294
equal laws
yick wo supra
 at 369 in a nation confronting a legacy of slavery and racial discrimination see
e g
shelley
v
kraemer
 334 u s 1
brown
v
board of education
 347 u s 483
hills
v
gautreaux
 425 u s 284 because the landmark decisions in this area arose in response to the continued exclusion of negroes from the mainstream of american society they could be characterized as involving discrimination by the majority white race against the negro minority but they need not be read as depending upon that characterization for their results it suffices to say that ver the years this court has consistently repudiated istinctions between citizens solely because of their ancestry as being odious to a free people whose institutions are founded upon the doctrine of equality
loving
v
virginia
 388 u s 1 11 quoting
hirabayashi
 320 u s at 100
petitioner urges us to adopt for the first time a more restrictive view of the equal protection clause and hold that discrimination against members of the white majority cannot be suspect if its purpose can be characterized as benign
 295
the clock of our liberties however cannot be turned back to 1868
brown
v
board of education supra
 at 492 accord
loving
v
virginia supra
 at 9 it is far too late to argue that the guarantee of equal protection to
all
persons permits the recognition of special wards entitled to a degree of protection greater than that accorded others
 the fourteenth amendment is not directed solely against discrimination due to a two class theory that is based upon differences between white and negro
hernandez
 347 u s at 478
once the artificial line of a two class theory of the fourteenth amendment is put aside the difficulties entailed in varying the level of judicial review according to a perceived preferred status of a particular racial or ethnic minority are intractable the concepts of majority and minority necessarily reflect temporary arrangements and political judgments as observed above the white majority itself is composed of various minority groups most of which can lay claim to a history of prior discrimination at the hands of the state and private individuals not all of these groups can receive preferential treatment and corresponding judicial tolerance
 296
of distinctions drawn in terms of race and nationality for then the only majority left would be a new minority of white anglo saxon protestants there is no principled basis for deciding which groups would merit heightened judicial solicitude and which would not
 courts would be asked to evaluate the extent of the prejudice and consequent
 297
harm suffered by various minority groups those whose societal injury is thought to exceed some arbitrary level of tolerability then would be entitled to preferential classifications at the expense of individuals belonging to other groups those classifications would be free from exacting judicial scrutiny as these preferences began to have their desired effect and the consequences of past discrimination were undone new judicial rankings would be necessary the kind of variable sociological and political analysis necessary to produce such rankings simply does not lie within the judicial competenceeven if they otherwise were politically feasible and socially desirable
 298
moreover there are serious problems of justice connected with the idea of preference itself first it may not always be clear that a so called preference is in fact benign courts may be asked to validate burdens imposed upon individual members of a particular group in order to advance the group s general interest see
united jewish organizations
v
carey
 430 u s at 172 173 nothing in the constitution supports the notion that individuals may be asked to suffer otherwise impermissible burdens in order to enhance the societal standing of their ethnic groups second preferential programs may only reinforce common stereotypes holding that certain groups are unable to achieve success without special protection based on a factor having no relationship to individual worth see
defunis
v
odegaard
 416 u s 312 343 third there is a measure of inequity in forcing innocent persons in respondent s position to bear the burdens of redressing grievances not of their making
by hitching the meaning of the equal protection clause to these transitory considerations we would be holding as a constitutional principle that judicial scrutiny of classifications touching on racial and ethnic background may vary with the ebb and flow of political forces disparate constitutional tolerance of such classifications well may serve to exacerbate
 299
racial and ethnic antagonisms rather than alleviate them
united jewish organizations supra
 at 173 174 also the mutability of a constitutional principle based upon shifting political and social judgments undermines the chances for consistent application of the constitution from one generation to the next a critical feature of its coherent interpretation
pollock
v
farmers loan trust co
 157 u s 429 650 651 in expounding the constitution the court s role is to discern principles sufficiently absolute to give them roots throughout the community and continuity over significant periods of time and to lift them above the level of the pragmatic political judgments of a particular time and place a cox the role of the supreme court in american government 114
if it is the individual who is entitled to judicial protection against classifications based upon his racial or ethnic background because such distinctions impinge upon personal rights rather than the individual only because of his membership in a particular group then constitutional standards may be applied consistently political judgments regarding the necessity for the particular classification may be weighed in the constitutional balance
korematsu
v
united states
 323 u s 214 but the standard of justification will remain constant this is as it should be since those political judgments are the product of rough compromise struck by contending groups within the democratic process
 when they touch upon an individual s race or ethnic background he is entitled to a judicial determination that the burden he is asked to bear on that basis is precisely tailored to serve a compelling governmental interest the constitution guarantees that right to every person regardless of his background
shelley
v
kraemer
 334 u s at 22
missouri ex rel gaines
v
canada
 305 u s at 351 c 300
petitioner contends that on several occasions this court has approved preferential classifications without applying the most exacting scrutiny most of the cases upon which petitioner relies are drawn from three areas school desegregation employment discrimination and sex discrimination each of the cases cited presented a situation materially different from the facts of this case
the school desegregation cases are inapposite each involved remedies for clearly determined constitutional violations
e g
swann
v
charlotte mecklenburg board of education
 402 u s 1
mcdaniel
v
barresi
 402 u s 39
green
v
county school board
 391 u s 430 racial classifications thus were designed as remedies for the vindication of constitutional entitlement
 moreover the scope of the remedies was not permitted to exceed the extent of the
 301
violations
e g
dayton board of education
v
brinkman
 433 u s 406
milliken
v
bradley
 418 u s 717 see
pasadena city board of education
v
spangler
 427 u s 424 see also
austin independent school dist
 v
united states
 429 u s 990 991 995 here there was no judicial determination of constitutional violation as a predicate for the formulation of a remedial classification
the employment discrimination cases also do not advance petitioner s cause for example in
franks
v
bowman transportation co
 424 u s 747 we approved a retroactive award of seniority to a class of negro truckdrivers who had been the victims of discriminationnot just by society at large but by the respondent in that case while this relief imposed some burdens on other employees it was held necessary to make whole for injuries suffered on account of unlawful employment discrimination
id
 at 763 quoting
albemarle paper co
 v
moody
 422 u s 405 418 the courts of appeals have fashioned various types of racial preferences as remedies for constitutional or statutory violations resulting in identified race based injuries to individuals held entitled to the preference
e g
bridgeport guardians inc
 v
bridgeport civil service commission
 482 f 2d 1333
carter
v
gallagher
 452 f 2d 315 modified on rehearing en banc
id
 at 327 such preferences also have been upheld where a legislative or administrative body charged with the responsibility made determinations of past discrimination by the industries affected and fashioned remedies deemed appropriate to rectify the discrimination
e g
contractors association of eastern pennsylvania
v
secretary of labor
 442 f 2d 159 cert denied 404 u s 854
associated general

302

contractors of massachusetts inc
 v
altshuler
 490 f 2d 9 cert denied 416 u s 957 cf
katzenbach
v
morgan
 384 u s 641 but we have never approved preferential classifications in the absence of proved constitutional or statutory violations
nor is petitioner s view as to the applicable standard supported by the fact that gender based classifications are not subjected to this level of scrutiny
e g
califano
v
webster
 430 u s 313 316 317
craig
v
boren
 429 u s 190 211 n gender based distinctions are less likely to create the analytical and practical
 303
problems present in preferential programs premised on racial or ethnic criteria with respect to gender there are only two possible classifications the incidence of the burdens imposed by preferential classifications is clear there are no rival groups which can claim that they too are entitled to preferential treatment classwide questions as to the group suffering previous injury and groups which fairly can be burdened are relatively manageable for reviewing courts see
e g
califano
v
goldfarb
 430 u s 199 212 217
weinberger
v
wiesenfeld
 420 u s 636 645 the resolution of these same questions in the context of racial and ethnic preferences presents far more complex and intractable problems than gender based classifications more importantly the perception of racial classifications as inherently odious stems from a lengthy and tragic history that gender based classifications do not share in sum the court has never viewed such classification as inherently suspect or as comparable to racial or ethnic classifications for the purpose of equal protection analysis
petitioner also cites
lau
v
nichols
 414 u s 563 in support of the proposition that discrimination favoring racial or ethnic minorities has received judicial approval without the exacting inquiry ordinarily accorded suspect classifications in
lau
 we held that the failure of the san francisco school system to provide remedial english instruction for some 1 800 students of oriental ancestry who spoke no english amounted to a violation of title vi of the civil rights act of 1964 42 u s c 2000d and the regulations promulgated thereunder those regulations required remedial instruction where inability to understand english excluded children of foreign ancestry from participation in educational programs 414 u s at 568 because we found that the students in
lau
were denied a meaningful opportunity to participate in the educational program
ibid
 we remanded for the fashioning of a remedial order
 304

lau
provides little support for petitioner s argument the decision rested solely on the statute which had been construed by the responsible administrative agency to reach educational practices which have the effect of subjecting individuals to discrimination
ibid
 we stated under these state imposed standards there is no equality of treatment merely by providing students with the same facilities textbooks teachers and curriculum for students who do not understand english are effectively foreclosed from any meaningful education
id
 at 566 moreover the preference approved did not result in the denial of the relevant benefit meaningful opportunity to participate in the educational program to anyone else no other student was deprived by that preference of the ability to participate in san francisco s school system and the applicable regulations required similar assistance for all students who suffered similar linguistic deficiencies
id
 at 570 571
in a similar vein
 petitioner contends that our recent decision in
united jewish organizations
v
carey
 430 u s 144 indicates a willingness to approve racial classifications designed to benefit certain minorities without denominating the classifications as suspect the state of new york had redrawn its reapportionment plan to meet objections of the department of justice under 5 of the voting rights act of 1965 42 u s c 1973c specifically voting districts were redrawn to enhance the electoral power
 305
of certain nonwhite voters found to have been the victims of unlawful dilution under the original reapportionment plan
united jewish organizations
 like
lau
 properly is viewed as a case in which the remedy for an administrative finding of discrimination encompassed measures to improve the previously disadvantaged group s ability to participate without excluding individuals belonging to any other group from enjoyment of the relevant opportunitymeaningful participation in the electoral process
in this case unlike
lau
and
united jewish organizations
 there has been no determination by the legislature or a responsible administrative agency that the university engaged in a discriminatory practice requiring remedial efforts moreover the operation of petitioner s special admissions program is quite different from the remedial measures approved in those cases it prefers the designated minority groups at the expense of other individuals who are totally foreclosed from competition for the 16 special admissions seats in every medical school class because of that foreclosure some individuals are excluded from enjoyment of a state provided benefitadmission to the medical schoolthey otherwise would receive when a classification denies an individual opportunities or benefits enjoyed by others solely because of his race or ethnic background it must be regarded as suspect
e g
mclaurin
v
oklahoma state regents
 339 u s at 641 642 ivwe have held that in order to justify the use of a suspect classification a state must show that its purpose or interest is both constitutionally permissible and substantial and that its use of the classification is necessary to the accomplishment of its purpose or the safeguarding of its interest
in re griffiths
 413 u s 717 721 722
loving
v
virginia
 388 u s at 11
mclaughlin
v
florida
 379 u s 184 196 the special admissions
 306
program purports to serve the purposes of reducing the historic deficit of traditionally disfavored minorities in medical schools and in the medical profession brief for petitioner 32 countering the effects of societal discrimination
 increasing the number of physicians who will practice in communities currently underserved and obtaining the educational benefits that flow from an ethnically diverse student body it is necessary to decide which if any of these purposes is substantial enough to support the use of a suspect classification a 307
if petitioner s purpose is to assure within its student body some specified percentage of a particular group merely because of its race or ethnic origin such a preferential purpose must be rejected not as insubstantial but as facially invalid preferring members of any one group for no reason other than race or ethnic origin is discrimination for its own sake this the constitution forbids
e g
loving
v
virginia supra
 at 11
mclaughlin
v
florida supra
 at 196
brown
v
board of education
 347 u s 483 bthe state certainly has a legitimate and substantial interest in ameliorating or eliminating where feasible the disabling effects of identified discrimination the line of school desegregation cases commencing with
brown
 attests to the importance of this state goal and the commitment of the judiciary to affirm all lawful means toward its attainment in the school cases the states were required by court order to redress the wrongs worked by specific instances of racial discrimination that goal was far more focused than the remedying of the effects of societal discrimination an amorphous concept of injury that may be ageless in its reach into the past
we have never approved a classification that aids persons perceived as members of relatively victimized groups at the expense of other innocent individuals in the absence of judicial legislative or administrative findings of constitutional or statutory violations see
e g
teamsters
v
united states
 431 u s 324 367 376
united jewish organizations
 430 u s at 155 156
south carolina
v
katzenbach
 383 u s 301 308 after such findings have been made the governmental interest in preferring members of the injured groups at the expense of others is substantial since the legal rights of the victims must be vindicated in such a case the
 308
extent of the injury and the consequent remedy will have been judicially legislatively or administrative defined also the remedial action usually remains subject to continuing oversight to assure that it will work the least harm possible to other innocent persons competing for the benefit without such findings of constitutional or statutory violations
 it cannot be
 309
said that the government has any greater interest in helping one individual than in refraining from harming another thus the government has no compelling justification for inflicting such harm
petitioner does not purport to have made and is in no position to make such findings its broad mission is education not the formulation of any legislative policy or the adjudication of particular claims of illegality for reasons similar to those stated in part iii of this opinion isolated segments of our vast governmental structures are not competent to make those decisions at least in the absence of legislative mandates and legislatively determined criteria
 cf
hampton
v
mow sun wong
 426 u s 88 n 41
supra
 before relying upon these sorts of findings in establishing a racial classification a governmental body must have the authority and capability to establish in the record that the classification is responsive to identified discrimination see
e g
califano
v
webster
 430 u s at 316 321
califano

310
v
goldfarb
 430 u s at 212 217 lacking this capability petitioner has not carried its burden of justification on this issue
hence the purpose of helping certain groups whom the faculty of the davis medical school perceived as victims of societal discrimination does not justify a classification that imposes disadvantages upon persons like respondent who bear no responsibility for whatever harm the beneficiaries of the special admissions program are thought to have suffered to hold otherwise would be to convert a remedy heretofore reserved for violations of legal rights into a privilege that all institutions throughout the nation could grant at their pleasure to whatever groups are perceived as victims of societal discrimination that is a step we have never approved cf
pasadena city board of education
v
spangler
 427 u s 424 cpetitioner identifies as another purpose of its program improving the delivery of health care services to communities currently underserved it may be assumed that in some situations a state s interest in facilitating the health care of its citizens is sufficiently compelling to support the use of a suspect classification but there is virtually no evidence in the record indicating that petitioner s special admissions program is either needed or geared to promote that goal
 the court below addressed this failure of proof the university concedes it cannot assure that minority doctors who entered under the program all of whom expressed an interest in practicing in a disadvantaged community will actually do so it may be correct to assume that some of them will carry out this intention and that it is more likely they will practice in minority
 311
communities than the average white doctor see sandalow
racial preferences in higher education political responsibility and the judicial role
42 u chi l rev 653 688 nevertheless there are more precise and reliable ways to identify applicants who are genuinely interested in the medical problems of minorities than by race an applicant of whatever race who has demonstrated his concern for disadvantaged minorities in the past and who declares that practice in such a community is his primary professional goal would be more likely to contribute to alleviation of the medical shortage than one who is chosen entirely on the basis of race and disadvantage in short there is no empirical data to demonstrate that any one race is more selflessly socially oriented or by contrast that another is more selfishly acquisitive 18 cal 3d at 56 553 p 2d at 1167 petitioner simply has not carried its burden of demonstrating that it must prefer members of particular ethnic groups over all other individuals in order to promote better health care delivery to deprived citizens indeed petitioner has not shown that its preferential classification is likely to have any significant effect on the problem
dthe fourth goal asserted by petitioner is the attainment of a diverse student body this clearly is a constitutionally permissible
 312
goal for an institution of higher education academic freedom though not a specifically enumerated constitutional right long has been viewed as a special concern of the first amendment the freedom of a university to make its own judgments as to education includes the selection of its student body mr justice frankfurter summarized the four essential freedoms that constitute academic freedom it is the business of a university to provide that atmosphere which is most conductive to speculation experiment and creation it is an atmosphere in which there prevail the four essential freedoms of a universityto determine for itself on academic grounds who may teach what may be taught how it shall be taught and who may be admitted to study
sweezy
v
new hampshire
 354 u s 234 263 our national commitment to the safeguarding of these freedoms within university communities was emphasized in
keyishian
v
board of regents
 385 u s 589 603 our nation is deeply committed to safeguarding academic freedom which is of transcendent value to all of us and not merely to the teachers concerned that freedom is therefore a special concern of the first amendment the nation s future depends upon leaders trained through wide exposure to that robust exchange of ideas which discovers truth out of a multitude of tongues than through any kind of authoritative selection
united states
v
associated press

52 f supp 362
372 the atmosphere of speculation experiment and creation so essential to the quality of higher educationis widely believed to be promoted by a diverse student body
 as the court
 313
noted in
keyishian
 it is not too much to say that the nation s future depends upon leaders trained through wide exposure to the ideas and mores of students as diverse as this nation of many peoples
thus in arguing that its universities must be accorded the right to select those students who will contribute the most to the robust exchange of ideas petitioner invokes a countervailing constitutional interest that of the first amendment in this light petitioner must be viewed as seeking to achieve a goal that is of paramount importance in the fulfillment of its mission
it may be argued that there is greater force to these views at the undergraduate level than in a medical school where the training is centered primarily on professional competency but even at the graduate level our tradition and experience lend support to the view that the contribution of diversity is substantial in
sweatt
v
painter
 339 u s at 634 the
 314
court made a similar point with specific reference to legal education the law school the proving ground for legal learning and practice cannot be effective in isolation from the individuals and institutions with which the law interacts few students and no one who has practiced law would choose to study in an academic vacuum removed from the interplay of ideas and the exchange of views with which the law is concerned physicians serve a heterogeneous population an otherwise qualified medical student with a particular background whether it be ethnic geographic culturally advantaged or disadvantagedmay bring to a professional school of medicine experiences outlooks and ideas that enrich the training of its student body and better equip its graduates to render with understanding their vital service to humanity
ethnic diversity however is only one element in a range of factors a university properly may consider in attaining the goal of a heterogeneous student body although a university must have wide discretion in making the sensitive judgments as to who should be admitted constitutional limitations protecting individual rights may not be disregarded respondent urges and the courts below have heldthat petitioner s dual admissions program is a racial classification that impermissibly infringes his rights under the fourteenth amendment as the interest of diversity is compelling in the context of a university s admissions program the question remains whether the
 315
program s racial classification is necessary to promote this interest
in re griffiths
 413 u s at 721 722 vait may be assumed that the reservation of a specified number of seats in each class for individuals from the preferred ethnic groups would contribute to the attainment of considerable ethnic diversity in the student body but petitioner s argument that this is the only effective means of serving the interest of diversity is seriously flawed in a most fundamental sense the argument misconceives the nature of the state interest that would justify consideration of race or ethnic background it is not an interest in simple ethnic diversity in which a specified percentage of the student body is in effect guaranteed to be members of selected ethnic groups with the remaining percentage an undifferentiated aggregation of students the diversity that furthers a compelling state interest encompasses a far broader array of qualifications and characteristics of which racial or ethnic origin is but a single though important element petitioner s special admissions program focused
solely
on ethnic diversity would hinder rather than further attainment of genuine diversity
nor would the state interest in genuine diversity be served by expanding petitioner s two track system into a multitrack program with a prescribed number of seats set aside for each identifiable category of applicants indeed it is inconceivable that a university would thus pursue the logic of petitioner s two track program to the illogical end of insulating each category of applicants with certain desired qualifications from competition with all other applicants
 316
the experience of other university admissions programs which take race into account in achieving the educational diversity valued by the first amendment demonstrates that the assignment of a fixed number of places to a minority group is not a necessary means toward that end an illuminating example is found in the harvard college program in recent years harvard college has expanded the concept of diversity to include students from disadvantaged economic racial and ethnic groups harvard college now recruits not only californians or louisianans but also blacks and chicanos and other minority students in practice this new definition of diversity has meant that race has been a factor in some admission decisions when the committee on admissions reviews the large middle group of applicants who are admissible and deemed capable of doing good work in their courses the race of an applicant may tip the balance in his favor just as geographic origin or a life spent on a farm may tip the balance in other candidates cases a farm boy from idaho can bring something to harvard college that a bostonian cannot offer similarly a black student can usually bring something that a white person cannot offer in harvard college admissions the committee has not set target quotas for the number of blacks or of musicians football players physicists or californians to be admitted in a given year but that awareness does not mean that the committee sets a minimum number of blacks or of people from west of the mississippi who are to be admitted it means only that in choosing among thousands of applicants who are not only admissible academically but have other strong qualities the committee with a number of criteria in mind pays some attention to distribution among many
 317
types and categories of students app to brief for columbia university harvard university stanford university and the university of pennsylvania as
amici curiae
2 3 in such an admissions program
 race or ethnic background may be deemed a plus in a particular applicant s file yet it does not insulate the individual from comparison with all other candidates for the available seats the file of a particular black applicant may be examined for his potential contribution to diversity without the factor of race being decisive when compared for example with that of an applicant identified as an italian american if the latter is thought to exhibit qualities more likely to promote beneficial educational pluralism such qualities could include exceptional personal talents unique work or service experience leadership potential maturity demonstrated compassion a history of overcoming disadvantage ability to communicate with the poor or other qualifications deemed important in short an admissions program operated in this way is flexible enough to consider all pertinent elements of diversity in light of the particular qualifications of each applicant and to place them on the same footing for consideration although not necessarily according them the same weight indeed the weight attributed to a
 318
particular quality may vary from year to year depending upon the mix both of the student body and the applicants for the incoming class
this kind of program treats each applicant as an individual in the admissions process the applicant who loses out on the last available seat to another candidate receiving a plus on the basis of ethnic background will not have been foreclosed from all consideration for that seat simply because he was not the right color or had the wrong surname it would mean only that his combined qualifications which may have included similar nonobjective factors did not outweigh those of the other applicant his qualifications would have been weighed fairly and competitively and he would have no basis to complain of unequal treatment under the fourteenth amendment
it has been suggested that an admissions program which considers race only as one factor is simply a subtle and more sophisticatedbut no less effectivemeans of according racial preference than the davis program a facial intent to discriminate however is evident in petitioner s preference program and not denied in this case no such facial infirmity exists in an admissions program where race or ethnic background is simply one elementto be weighed fairly against other elementsin the selection process a boundary line as mr justice frankfurter remarked in another connection is none the worse for being narrow
mcleod
v
dilworth
 322 u s 327 329 and a court would not assume that a university professing to employ a facially nondiscriminatory admissions policy would operate it as a cover for the functional equivalent of a quota system in short good faith
 319
would be presumed in the absence of a showing to the contrary in the manner permitted by our cases see
e g
arlington heights
v
metropolitan housing dev corp
 429 u s 252
washington
v
davis
 426 u s 229
swain
v
alabama
 380 u s 202
bin summary it is evident that the davis special admissions program involves the use of an explicit racial classification never before countenanced by this court it tells applicants who are not negro asian or chicano that they are totally excluded from a specific percentage of the seats in an entering class no matter how strong their qualifications quantitative and extracurricular including their own potential for contribution to educational diversity they are never afforded the chance to compete with applicants from the preferred groups for the special admissions seats at the same time the preferred
 320
applicants have the opportunity to compete for every seat in the class
the fatal flaw in petitioner s preferential program is its disregard of individual rights as guaranteed by the fourteenth amendment
shelley
v
kraemer
 334 u s at 22 such rights are not absolute but when a state s distribution of benefits or imposition of burdens hinges on ancestry or the color of a person s skin that individual is entitled to a demonstration that the challenged classification is necessary to promote a substantial state interest petitioner has failed to carry this burden for this reason that portion of the california court s judgment holding petitioner s special admissions program invalid under the fourteenth amendment must be affirmed cin enjoining petitioner from ever considering the race of any applicant however the courts below failed to recognize that the state has a substantial interest that legitimately may be served by a properly devised admissions program involving the competitive consideration of race and ethnic origin for this reason so much of the california court s judgment as enjoins petitioner from any consideration of the race of any applicant must be reversed viwith respect to respondent s entitlement to an injunction directing his admission to the medical school petitioner has conceded that it could not carry its burden of proving that but for the existence of its unlawful special admissions program respondent still would not have been admitted hence respondent is entitled to the injunction and that portion of the judgment must be affirmed
appendix to opinion of powell j 321harvard college admissions program
for the past 30 years harvard college has received each year applications for admission that greatly exceed the number of places in the freshman class the number of applicants who are deemed to be not qualified is comparatively small the vast majority of applicants demonstrate through test scores high school records and teachers recommendations that they have the academic ability to do adequate work at harvard and perhaps to do it with distinction faced with the dilemma of choosing among a large number of qualified candidates the committee on admissions could use the single criterion of scholarly excellence and attempt to determine who among the candidates were likely to perform best academically but for the past 30 years the committee on admissions has never adopted this approach the belief has been that if scholarly excellence were the sole or even predominant criterion harvard college would lose a great deal of its vitality and intellectual excellence and that the quality of the educational
 322
experience offered to all students would suffer final report of w j bender chairman of the admission and scholarship committee and dean of admissions and financial aid pp 20
et seq
 consequently after selecting those students whose intellectual potential will seem extraordinary to the facultyperhaps 150 or so out of an entering class of over 1 100the committee seeksvariety in making its choices this has seemed important in part because it adds a critical ingredient to the effectiveness of the educational experience
the effectiveness of our students educational experience has seemed to the committee to be affected as importantly by a wide variety of interests talents backgrounds and career goals as it is by a fine faculty and our libraries laboratories and housing arrangements
 the belief that diversity adds an essential ingredient to the educational process has long been a tenet of harvard college admissions fifteen or twenty years ago however diversity meant students from california new york and massachusetts city dwellers and farm boys violinists painters and football players biologists historians and classicists potential stockbrokers academics and politicians the result was that very few ethnic or racial minorities attended harvard college in recent years harvard college has expanded the concept of diversity to include students from disadvantaged economic racial and ethnic groups harvard college now recruits not only californians or louisianans but also blacks and chicanos and other minority students contemporary conditions in the united states mean that if harvard college is to continue to offer a first rate education to its students
 323
minority representation in the undergraduate body cannot be ignored by the committee on admissions
in practice this new definition of diversity has meant that race has been a factor in some admission decisions when the committee on admissions reviews the large middle group of applicants who are admissible and deemed capable of doing good work in their courses the race of an applicant may tip the balance in his favor just as geographic origin or a life spent on a farm may tip the balance in other candidates cases a farm boy from idaho can bring something to harvard college that a bostonian cannot offer similarly a black student can usually bring something that a white person cannot offer the quality of the educational experience of all the students in harvard college depends in part on these differences in the background and outlook that students bring with them
in harvard college admissions the committee has not set target quotas for the number of blacks or of musicians football players physicists or californians to be admitted in a given year at the same time the committee is aware that if harvard college is to provide a truly heterogenous environment that reflects the rich diversity of the united states it cannot be provided without some attention to numbers it would not make sense for example to have 10 or 20 students out of 1 100 whose homes are west of the mississippi comparably 10 or 20 black students could not begin to bring to their classmates and to each other the variety of points of view backgrounds and experiences of blacks in the united states their small numbers might also create a sense of isolation among the black students themselves and thus make it more difficult for them to develop and achieve their potential consequently when making its decisions the committee on admissions is aware that there is some relationship between numbers and achieving the benefits to be derived from a diverse student body and between numbers and providing a reasonable environment for those students admitted but
 324
that awareness does not mean that the committee sets a minimum number of blacks or of people from west of the mississippi who are to be admitted it means only that in choosing among thousands of applicants who are not only admissible academically but have other strong qualities the committee with a number of criteria in mind pays some attention to distribution among many types and categories of students
the further refinements sometimes required help to illustrate the kind of significance attached to race the admissions committee with only a few places left to fill might find itself forced to choose between a the child of a successful black physician in an academic community with promise of superior academic performance and b a black who grew up in an inner city ghetto of semi literate parents whose academic achievement was lower but who had demonstrated energy and leadership as well as an apparently abiding interest in black power if a good number of black students much like a but few like b had already been admitted the committee might prefer b and vice versa if c a white student with extraordinary artistic talent were also seeking one of the remaining places his unique quality might give him an edge over both a and b thus the critical criteria are often individual qualities or experience not dependent upon race but sometimes associated with it opinion of mr justice brennan mr justice white mr justice marshall and mr justice blackmun concurring in the judgment in part and dissenting in part the court today in reversing in part the judgment of the supreme court of california affirms the constitutional power of federal and state governments to act affirmatively to achieve equal opportunity for all the difficulty of the issue presentedwhether government may use race conscious programs to redress the continuing effects of past discrimination
 325
and the mature consideration which each of our brethren has brought to it have resulted in many opinions no single one speaking for the court but this should not and must not mask the central meaning of today s opinions government may take race into account when it acts not to demean or insult any racial group but to remedy disadvantages cast on minorities by past racial prejudice at least when appropriate findings have been made by judicial legislative or administrative bodies with competence to act in this area
the chief justice and our brothers stewart rehnquist and stevens have concluded that title vi of the civil rights act of 1964 78 stat 252 as amended 42 u s c 2000d
et seq
 prohibits programs such as that at the davis medical school on this statutory theory alone they would hold that respondent allan bakke s rights have been violated and that he must therefore be admitted to the medical school our brother powell reaching the constitution concludes that although race may be taken into account in university admissions the particular special admissions program used by petitioner which resulted in the exclusion of respondent bakke was not shown to be necessary to achieve petitioner s stated goals accordingly these members of the court form a majority of five affirming the judgment of the supreme court of california insofar as it holds that respondent bakke is entitled to an order that he be admitted to the university
18 cal 3d 34
64 553 p 2d 1152 1172
we agree with mr justice powell that as applied to the case before us title vi goes no further in prohibiting the use of race than the equal protection clause of the fourteenth amendment itself we also agree that the effect of the california supreme court s affirmance of the judgment of the superior court of california would be to prohibit the university from establishing in the future affirmative action programs that take race into account see
ante
 at 271 n since we conclude that the affirmative admissions program at the davis
 326
medical school is constitutional we would reverse the judgment below in all respects mr justice powell agrees that some uses of race in university admissions are permissible and therefore he joins with us to make five votes reversing the judgment below insofar as it prohibits the university from establishing race conscious programs in the future
iour nation was founded on the principle that all men are created equal yet candor requires acknowledgment that the framers of our constitution to forge the 13 colonies into one nation openly compromised this principle of equality with its antithesis slavery the consequences of this compromise are well known and have aptly been called our promise are well known and have aptly been called our american dilemma still it is well to recount how recent the time has been if it has yet come when the promise of our principles has flowered into the actuality of equal opportunity for all regardless of race or color
the fourteenth amendment the embodiment in the constitution of our abiding belief in human equality has been the law of our land for only slightly more than half its 200 years and for half of that half the equal protection clause of the amendment was largely moribund so that as late as 1927 mr justice holmes could sum up the importance of that clause by remarking that it was the last resort of constitutional arguments
buck
v
bell
 274 u s 200 208 worse than desuetude the clause was early turned against those whom it was intended to set free condemning them to a separate but equal
 status before the law a status
 327
always separate but seldom equal not until 1954only 24 years agowas this odious doctrine interred by our decision in
brown
v
board of education
 347 u s 483
brown i
and its progeny
 which proclaimed that separate schools and public facilities of all sorts were inherently unequal and forbidden under our constitution even then inequality was not eliminated with all deliberate speed
brown
v
board of education
 349 u s 294 301 in 1968
and again in 1971
 for example we were forced to remind school boards of their obligation to eliminate racial discrimination root and branch and a glance at our docket
and at dockets of lower courts will show that even today officially sanctioned discrimination is not a thing of the past
against this background claims that law must be color blind or that the datum of race is no longer relevant to public policy must be seen as aspiration rather than as description of reality this is not to denigrate aspiration for reality rebukes us that race has too often been used by those who would stigmatize and oppress minorities yet we cannotand as we shall demonstrate need not under our constitution or title vi which merely extends the constraints of the fourteenth amendment to private parties who receive federal fundslet color blindness become myopia which masks the reality that many created equal have been treated within our lifetimes as inferior both by the law and by their fellow citizens ii 328
the threshold question we must decide is whether title vi of the civil rights act of 1964 bars recipients of federal funds from giving preferential consideration to disadvantaged members of racial minorities as part of a program designed to enable such individuals to surmount the obstacles imposed by racial discrimination
 we join parts i and v c of our brother powell s opinion and three of us agree with his conclusion in part ii that this case does not require us to resolve the question whether there is a private right of action under title vi
in our view title vi prohibits only those uses of racial criteria that would violate the fourteenth amendment if employed by a state or its agencies it does not bar the preferential treatment of racial minorities as a means of remedying past societal discrimination to the extent that such action is consistent with the fourteenth amendment the legislative history of title vi administrative regulations interpreting the statute subsequent congressional and executive action and the prior decisions of this court compel this conclusion none of these sources lends support to the proposition that congress intended to bar all race conscious efforts to extend the benefits of federally financed programs to minorities who have been historically excluded from the full benefits of american life athe history of title vifrom president kennedy s request that congress grant executive departments and agencies authority
 329
to cut off federal funds to programs that discriminate against negroes through final enactment of legislation incorporating his proposalsreveals one fixed purpose to give the executive branch of government clear authority to terminate federal funding of private programs that use race as a means of disadvantaging minorities in a manner that would be prohibited by the constitution if engaged in by government
this purpose was first expressed in president kennedy s june 19 1963 message to congress proposing the legislation that subsequently became the civil rights act of 1964
 330
representative celler the chairman of the house judiciary committee and the floor manager of the legislation in the house introduced title vi in words unequivocally expressing the intent to provide the federal government with the means of assuring that its funds were not used to subsidize racial discrimination inconsistent with the standards imposed by the fourteenth and fifth amendments upon state and federal action the bill would offer assurance that hospitals financed by federal money would not deny adequate care to negroes it would prevent abuse of food distribution programs whereby negroes have been known to be denied food surplus supplies when white persons were given such food it would assure negroes the benefits now accorded only white students in programs of high education financed by federal funds it would in short assure the existing right to equal treatment in the enjoyment of federal funds it would not destroy any rights of private property or freedom of association 110 cong rec 1519 it was clear to representative celler that title vi apart from the fact that it reached all federally funded activities even in the absence of sufficient state or federal control to invoke the fourteenth or fifth amendments was not placing new substantive limitations upon the use of racial criteria but rather was designed to extend to such activities the existing right to equal treatment enjoyed by negroes under those amendments and he later specifically defined the purpose of title vi in this way in general it seems rather anomalous that the federal government should aid and abet discrimination on the basis of race color or national origin by granting money
 331
and other kinds of financial aid it seems rather shocking moreover that while we have on the one hand the 14th amendment which is supposed to do away with discrimination since it provides for equal protection of the laws on the other hand we have the federal government aiding and abetting those who persist in practicing racial discrimination it is for these reasons that we bring forth title vi the enactment of title vi will serve to override specific provisions of law which contemplate federal assistance to racially segregated institutions
id
 at 2467 representative celler also filed a memorandum setting forth the legal basis for the enactment of title vi which reiterated the theme of his oral remarks in exercising its authority to fix the terms on which federal funds will be disbursed congress clearly has power to legislate so as to insure that the federal government does not become involved in a violation of the constitution
id
 at 1528
other sponsors of the legislation agreed with representative celler that the function of title vi was to end the federal government s complicity in conduct particularly the segregation or exclusion of negroes inconsistent with the standards to be found in the antidiscrimination provisions of the constitution representative lindsay also a member of the judiciary committee candidly acknowledged in the course of explaining why title vi was necessary that it did not create any new standard of equal treatment beyond that contained in the constitution both the federal government and the states are under constitutional mandates not to discriminate many have raised the question as to whether legislation is required at all does not the executive already have the power in the distribution of federal funds to apply those conditions which will enable the federal government itself to live up to the mandate of the constitution and to require
 332
states and local government entities to live up to the constitution most especially the 5th and 14th amendments?
id
 at 2467 he then explained that legislation was needed to authorize the termination of funding by the executive branch because existing legislation seemed to contemplate the expenditure of funds to support racially segregated institutions
ibid
 the views of representatives celler and lindsay concerning the purpose and function of title vi were shared by other sponsors and proponents of the legislation in the house
 nowhere is there any suggestion that title vi was intended to terminate federal funding for any reason other than consideration of race or national origin by the recipient institution in a manner inconsistent with the standards incorporated in the constitution
the senate s consideration of title vi reveals an identical understanding concerning the purpose and scope of the legislation senator humphrey the senate floor manager opened the senate debate with a section by section analysis of the civil rights act in which he succinctly stated the purpose of title vi the purpose of title vi is to make sure that funds of the united states are not used to support racial discrimination in many instances the practices of segregation or discrimination which title vi seeks to end are unconstitutional this is clearly so wherever federal funds go to a state agency which engages in racial discrimination it may also be so where federal funds go to support private segregated institutions under the decision in
simkins
v
moses h cone memorial hospital
 323 f 2d 959 in all cases such discrimination is contrary to national policy and to the moral sense of the nation thus title vi is simply
 333
designed to insure that federal funds are spent in accordance with the constitution and the moral sense of the nation
id
 at 6544 senator humphrey in words echoing statements in the house explained that legislation was needed to accomplish this objective because it was necessary to eliminate uncertainty concerning the power of federal agencies to terminate financial assistance to programs engaging in racial discrimination in the face of various federal statutes which appeared to authorize grants to racially segregated institutions
ibid
 although senator humphrey realized that title vi reached conduct which because of insufficient governmental action might be beyond the reach of the constitution it was clear to him that the substantive standard imposed by the statute was that of the fifth and fourteenth amendments
senate supporters of title vi repeatedly expressed agreement with senator humphrey s description of the legislation as providing the explicit authority and obligation to apply the standards of the constitution to all recipients of federal funds senator ribicoff described the limited function of title vi basically there is a constitutional restriction against discrimination in the use of federal funds and title vi simply spells out the procedure to be used in enforcing that restriction
id
 at 13333 other strong proponents of the legislation in the senate repeatedly expressed their intent to assure that federal funds would only be spent in accordance with constitutional standards see remarks of senator pastore
id
 at 7057 7062 senator clark
id
 at 5243 senator allott
id
 at 12675 12677
 334
respondent s contention that congress intended title vi to bar affirmative action programs designed to enable minorities disadvantaged by the effects of discrimination to participate in federally financed programs is also refuted by an examination of the type of conduct which congress thought it was prohibiting by means of title vi the debates reveal that the legislation was motivated primarily by a desire to eradicate a very specific evil federal financial support of programs which disadvantaged negroes by excluding them from participation or providing them with separate facilities again and again supporters of title vi emphasized that the purpose of the statute was to end segregation in federally funded activities and to end other discriminatory uses of race disadvantaging negroes senator humphrey set the theme in his speech presenting title vi to the senate large sums of money are contributed by the united states each year for the construction operation and maintenance of segregated schools similarly under the hill burton act federal grants are made to hospitals which admit whites only or negroes only in higher education also a substantial part of the federal grants to colleges medical schools and so forth in the south is still going to segregated institutions 335
nor is this all in several states agricultural extension services supported by federal funds maintain racially segregated offices for negroes and whites vocational training courses supported with federal funds are given in segregated schools and institutions and often limit negroes to training in less skilled occupations in particular localities it is reported that negroes have been cut off from relief rolls or denied surplus agricultural commodities or otherwise deprived of the benefit of federally assisted programs in retaliation for their participation in voter registration drives sit in demonstrations and the like
id
 at 6543 6544 see also the remarks of senator pastore
id
 at 7054 7055 senator ribicoff
id
 at 7064 7065 senator clark
id
 at 5243 9086 senator javits
id
 at 6050 7102
the conclusion to be drawn from the foregoing is clear congress recognized that negroes in some cases with congressional acquiescence were being discriminated against in the administration of programs and denied the full benefits of activities receiving federal financial support it was aware that there were many federally funded programs and institutions which discriminated against minorities in a manner inconsistent with the standards of the fifth and fourteenth amendments but whose activities might not involve sufficient state or federal action so as to be in violation of these amendments moreover congress believed that it was questionable whether the executive branch possessed legal authority to terminate the funding of activities on the ground that they discriminated racially against negroes in a manner violative of the standards contained in the fourteenth and fifth
 336
amendments congress solution was to end the government s complicity in constitutionally forbidden racial discrimination by providing the executive branch with the authority and the obligation to terminate its financial support of any activity which employed racial criteria in a manner condemned by the constitution
of course it might be argued that the congress which enacted title vi understood the constitution to require strict racial neutrality or color blindness and then enshrined that concept as a rule of statutory law later interpretation and clarification of the constitution to permit remedial use of race would then not dislodge title vi s prohibition of race conscious action but there are three compelling reasons to reject such a hypothesis
first no decision of this court has ever adopted the proposition that the constitution must be colorblind see
infra
 at 355 356
second even if it could be argued in 1964 that the constitution might conceivably require color blindness congress surely would not have chosen to codify such a view unless the constitution clearly required it the legislative history of title vi as well as the statute itself reveals a desire to induce voluntary compliance with the requirement of nondiscriminatory treatment
 see 602 of the act 42 u s c 2000d 1 h r rep no 914 88th cong 1st sess pt 1 p 25 110 cong rec 13700
id
 at 6546 it is inconceivable that congress intended to encourage voluntary efforts to eliminate the evil of racial discrimination while at the same time forbidding the voluntary use of race conscious remedies to cure acknowledged or obvious statutory violations yet a reading of title vi as prohibiting all action predicated upon race which adversely
 337
affects any individual would require recipients guilty of discrimination to await the imposition of such remedies by the executive branch indeed such an interpretation of title vi would prevent recipients of federal funds from taking race into account even when necessary to bring their programs into compliance with federal constitutional requirements this would be a remarkable reading of a statute designed to eliminate constitutional violations especially in light of judicial decisions holding that under certain circumstances the remedial use of racial criteria is not only permissible but is constitutionally required to eradicate constitutional violations for example in
board of education
v
swann
 402 u s 43 the court held that a statute forbidding the assignment of students on the basis of race was unconstitutional because it would hinder the implementation of remedies necessary to accomplish the desegregation of a school system just as the race of students must be considered in determining whether a constitutional violation has occurred so also must race be considered in formulating a remedy
id
 at 46 surely congress did not intend to prohibit the use of racial criteria when constitutionally required or to terminate the funding of any entity which implemented such a remedy it clearly desired to encourage all remedies including the use of race necessary to eliminate racial discrimination in violation of the constitution rather than requiring the recipient to await a judicial adjudication of unconstitutionality and the judicial imposition of a racially oriented remedy
third the legislative history shows that congress specifically eschewed any static definition of discrimination in favor of broad language that could be shaped by experience administrative necessity and evolving judicial doctrine although it is clear from the debates that the supporters of title vi intended to ban uses of race prohibited by the constitution and more specifically the maintenance of segregated
 338
facilities they never precisely defined the term discrimination or what constituted an exclusion from participation or a denial of benefits on the ground of race this failure was not lost upon its opponents senator ervin complained the word discrimination as used in this reference has no contextual explanation whatever other than the provision that the discrimination is to be against individuals participating in or benefiting from federally assisted programs and activities on the ground specified with this context the discrimination condemned by this reference occurs only when an individual is treated unequally or unfairly because of his race color religion or national origin what constitutes unequal or unfair treatment? section 601 and section 602 of title vi do not say they leave the determination of that question to the executive department or agencies administering each program without any guideline whatever to point out what is the congressional intent 110 cong rec 5612 see also remarks of representative abernethy
id
 at 1619 representative dowdy
id
 at 1632 senator talmadge
id
 at 5251 senator sparkman
id
 at 6052 despite these criticisms the legislation s supporters refused to include in the statute or even provide in debate a more explicit definition of what title vi prohibited
the explanation for this failure is clear specific definitions were undesirable in the views of the legislation s principal backers because title vi s standard was that of the constitution and one that could and should be administratively and judicially applied see remarks of senator humphrey
id
 at 5253 6553 senator ribicoff
id
 at 7057 13333 senator pastore
id
 at 7057 senator javits
id
 at 5606 5607 6050
 indeed there was a strong emphasis throughout
 339
congress consideration of title vi on providing the executive branch with considerable flexibility in interpreting and applying the prohibition against racial discrimination attorney general robert kennedy testified that regulations had not been written into the legislation itself because the rules and regulations defining discrimination might differ from one program to another so that the term would assume different meanings in different contexts
 this determination to preserve flexibility in the administration of title vi was shared by the legislation s supporters when senator johnston offered an amendment that would have expressly authorized federal grantees to take race into account in placing children in adoptive and foster homes senator pastore opposed the amendment which was ultimately defeated by a 56 29 vote on the ground that federal administrators could be trusted to act reasonably and that there was no danger that they would prohibit the use of racial criteria under such circumstances
id
 at 13695
congress resolve not to incorporate a static definition of discrimination into title vi is not surprising in 1963 and 1964 when title vi was drafted and debated the courts had only recently applied the equal protection clause to strike down public racial discrimination in america and the scope of that clause s nondiscrimination principle was in a state of flux and rapid evolution many questions such as whether the fourteenth amendment barred only
de jure
discrimination or in at least some circumstances reached
de facto
discrimination had not yet received an authoritative judicial resolution the congressional debate reflects an awareness of the evolutionary
 340
change that constitutional law in the area of racial discrimination was undergoing in 1964
in sum congress equating of title vi s prohibition with the commands of the fifth and fourteenth amendments its refusal precisely to define that racial discrimination which it intended to prohibit and its expectation that the statute would be administered in a flexible manner compel the conclusion that congress intended the meaning of the statute s prohibition to evolve with the interpretation of the commands of the constitution thus any claim that the use of racial criteria is barred by the plain language of the statute must fail in light of the remedial purpose of title vi and its legislative history the cryptic nature of the language employed in title vi merely reflects congress concern with the then prevalent use of racial standards as a means of excluding or disadvantaging negroes and its determination to prohibit absolutely such discrimination we have recently held that hen aid to construction of the meaning of words as used in the statute is available there certainly can be no rule of law which forbids its use however clear the words may appear on superficial examination
train
v
colorado public interest research group
 426 u s 1 10 quoting
united states
v
american trucking assns
 310 u s 534 543 544 this is especially so when as is the case here the literal application of what is believed to be the plain language of the statute assuming that it is so plain would lead to results in direct conflict with congress unequivocally expressed legislative purpose
b 341
section 602 of title vi 42 u s c 2000d 1 instructs federal agencies to promulgate regulations interpreting title
 342
vi these regulations which under the terms of the statute require presidential approval are entitled to considerable deference in construing title vi see
e g
lau
v
nichols

 343
414 u s 563
mourning
v
family publications service inc
 411 u s 356 369
red lion broadcasting co
 v
fcc
 395 u s 367 381 consequently it is most significant that the department of health education and welfare which provides much of the federal assistance to institutions of higher education has adopted regulations
requiring
affirmative measures designed to enable racial minorities which have been previously discriminated against by a federally funded institution or program to overcome the effects of such actions and
authorizing
the voluntary undertaking of affirmative action programs by federally funded institutions that have not been guilty of prior discrimination in order to overcome the effects of conditions which have adversely affected the degree of participation by persons of a particular race
title 45 cfr 80 3 provides in administering a program regarding which the recipient has previously discriminated against persons on the ground of race color or national origin the recipient must take affirmative action to overcome the effects of prior discrimination title 45 cfr 80 5 elaborates upon this requirement in some situations even though past discriminatory practices attributable to a recipient or applicant have been abandoned the consequences of such practices continue to impede the full availability of a benefit if the efforts required of the applicant or recipient under 80 6 to provide information as to the availability of the program or activity and the rights of beneficiaries under this regulation have failed to overcome these consequences it will become necessary under the requirement stated in of 80 3 for such applicant or recipient to take additional steps to make the benefits
 344
fully available to racial and nationality groups previously subject to discrimination this action might take the form for example of special arrangements for obtaining referrals or making selections which will insure that groups previously subjected to discrimination are adequately served these regulations clearly establish that where there is a need to overcome the effects of past racially discriminatory or exclusionary practices engaged in by a federally funded institution race conscious action is not only permitted but required to accomplish the remedial objectives of title vi
 of course there is no evidence that the medical school has been guilty of past discrimination and consequently these regulations would not compel it to employ a program of preferential admissions in behalf of racial minorities it would be difficult to explain from the language of title vi however much less from its legislative history why the statute
compels
race conscious remedies where a recipient institution has engaged in past discrimination but
prohibits
such remedial action where racial minorities as a result of the effects of past discrimination imposed by entities other than the recipient are excluded from the benefits of federally funded programs hew was fully aware of the incongruous nature of such an interpretation of title vi
title 45 cfr 80 3 provides even in the absence of such prior discrimination a recipient in administering a program may take affirmative action to overcome the effects of conditions which resulted
 345
in limiting participation by persons of a particular race color or national origin an explanatory regulation explicitly states that the affirmative action which 80 3 contemplates includes the use of racial preferences even though an applicant or recipient has never used discriminatory policies the services and benefits of the program or activity it administers may not in fact be equally available to some racial or nationality groups in such circumstances an applicant or recipient may properly give special consideration to race color or national origin to make the benefits of its program more widely available to such groups not then being adequately served for example where a university is not adequately serving members of a particular racial or nationality group it may establish special recruitment policies to make its program better known and more readily available to such group and take other steps to provide that group with more adequate service 45 cfr 80 5 this interpretation of title vi is fully consistent with the statute s emphasis upon voluntary remedial action and reflects the views of an agency
responsible for achieving its objectives
 346
the court has recognized that the construction of a statute by those charged with its execution is particularly deserving of respect where congress has directed its attention to the administrative construction and left it unaltered cf
red lion broadcasting co
 v
fcc
 395 u s at 381
zemel
v
rusk
 381 u s 1 11 12 congress recently took just this kind of action when it considered an amendment to the departments of labor and health education and welfare appropriation bill for 1978 which would have restricted significantly the remedial use of race in programs funded by the appropriation the amendment as originally submitted by representative ashbrook provided that one of the funds appropriated in this act may be used to initiate carry out or enforce any program of affirmative action or any other system of quotas or goals in regard to admission policies or employment practices which encourage or require any discrimination on the basis of race creed religion sex or age 123 cong
 347
rec 19715 in support of the measure representative ashbrook argued that the 1964 civil rights act never authorized the imposition of affirmative action and that this was a creation of the bureaucracy
id
 at 19722 he explicitly stated however that he favored permitting universities to adopt affirmative action programs giving consideration to racial identity but opposed the imposition of such programs by the government
id
 at 19715 his amendment was itself amended to reflect this position by only barring the
imposition
of race conscious remedies by hew none of the funds appropriated in this act may be obligated or expended in connection with the issuance implementation or enforcement of any rule regulation standard guideline recommendation or order issued by the secretary of health education and welfare which for purposes of compliance with any ratio quota or other numerical requirement related to race creed color national origin or sex requires any individual or entity to take any action with respect to the hiring or promotion policies or practices of such individual or entity or the admissions policies or practices of such individual or entity
id
 at 19722 this amendment was adopted by the house
ibid
 the senate bill however contained no such restriction upon hew s authority to impose race conscious remedies and the conference committee upon the urging of the secretary of hew deleted the house provision from the bill
 more significant for present purposes however is the fact that even the proponents of imposing limitations upon hew s implementation of title vi did not challenge the right of federally funded educational institutions voluntarily to extend preferences to racial minorities
 348
finally congressional action subsequent to the passage of title vi eliminates any possible doubt about congress views concerning the permissibility of racial preferences for the purpose of assisting disadvantaged racial minorities it confirms that congress did not intend to prohibit and does not now believe that title vi prohibits the consideration of race as part of a remedy for societal discrimination even where there is no showing that the institution extending the preference has been guilty of past discrimination nor any judicial finding that the particular beneficiaries of the racial preference have been adversely affected by societal discrimination
just last year congress enacted legislation
explicitly requiring that no grants shall be made for any local public works project unless the applicant gives satisfactory assurance to the secretary that at least 10 per centum of the amount of each grant shall be expended for minority business enterprises the statute defines the term minority business enterprise as a business at least 50 per centum of which is owned by minority group members or in case of a publicly owned business at least 51 per centum of the stock of which is owned by minority group members the term minority group members is defined in explicitly racial terms citizens of the united states who are negroes spanish speaking orientals indians eskimos and aleuts although the statute contains an exemption from this requirement to the extent that the secretary determines otherwise this escape clause was provided only to deal with the possibility that certain areas of the country might not contain sufficient qualified minority business enterprises to permit compliance with the quota provisions of the legislation
the legislative history of this race conscious legislation reveals that it represents a deliberate attempt to deal with
 349
the excessive rate of unemployment among minority citizens and to encourage the development of viable minority controlled enterprises
 it was believed that such a set aside was required in order to enable minorities still new on the scene and relatively small to compete with larger and more established companies which would always be successful in underbidding minority enterprises 123 cong rec 5327 what is most significant about the congressional consideration of the measure is that although the use of a racial quota or set aside by a recipient of federal funds would constitute a direct violation of title vi if that statute were read to prohibit race conscious action no mention was made during the debates in either the house or the senate of even the possibility that the quota provisions for minority contractors might in any way conflict with or modify title vi it is inconceivable that such a purported conflict would have escaped congressional attention through an inadvertent failure to recognize the relevance of title vi indeed the act of which this affirmative action provision is a part also contains a provision barring discrimination on the basis of sex which states that this prohibition will be enforced through agency provisions and rules similar to those already established with respect to racial and other discrimination under title vi of the civil rights act of 1964 42 u s c 6709 thus congress was fully aware of the applicability of title vi to the funding of public works projects under these circumstances the enactment of the 10 set aside for minority enterprises reflects a congressional judgment that the remedial use of race is permissible under title vi we have repeatedly recognized that subsequent legislation reflecting an interpretation of an earlier act is entitled to great weight in determining the meaning of the earlier statute
red lion broadcasting co
 v
fcc
 395 u s at 380 381
 350

erlenbaugh
v
united states
 409 u s 239 243 244 see also
united states
v
stewart
 311 u s 60 64 65
cprior decisions of this court also strongly suggest that title vi does not prohibit the remedial use of race where such action is constitutionally permissible in
lau
v
nichols
 414 u s 563 the court held that the failure of the san
 351
francisco school system to provide english language instruction to students of chinese ancestry who do not speak english or to provide them with instruction in chinese constituted a violation of title vi the court relied upon an hew regulation which stipulates that a recipient of federal funds may not utilize criteria or methods of administration which have the effect of subjecting individuals to discrimination or have the effect of defeating or substantially impairing accomplishment of the objectives of the program as respect individuals of a particular race color or national origin 45 cfr 80 3 it interpreted this regulation as requiring san francisco to extend the same educational benefits to chinese speaking students as to english speaking students even though there was no finding or allegation that the city s failure to do so was a result of a purposeful design to discriminate on the basis of race
lau
is significant in two related respects first it indicates that in at least some circumstances agencies responsible for the administration of title vi may require recipients who have not been guilty of any constitutional violations to depart from a policy of color blindness and to be cognizant of the impact of their actions upon racial minorities secondly
lau
clearly requires that institutions receiving federal funds be accorded considerable latitude in voluntarily undertaking race conscious action designed to remedy the exclusion of significant numbers
 352
of minorities from the benefits of federally funded programs although this court has not yet considered the question presumably by analogy to our decisions construing title vii a medical school would not be in violation of title vi under
lau
because of the serious under representation of racial minorities in its student body as long as it could demonstrate that its entrance requirements correlated sufficiently with the performance of minority students in medical school and the medical profession
 it would be inconsistent with
lau
and the emphasis of title vi and the hew regulations on voluntary action however to require that an institution wait to be adjudicated to be in violation of the law before being permitted to voluntarily undertake corrective action based upon a good faith and reasonable belief that the failure of certain racial minorities to satisfy entrance requirements is not a measure of their ultimate performance as doctors but a result of the lingering effects of past societal discrimination
we recognize that
lau
 especially when read in light of our subsequent decision in
washington
v
davis
 426 u s 229 which rejected the general proposition that governmental action is unconstitutional solely because it has a racially disproportionate impact may be read as being predicated upon the view that at least under some circumstances title vi proscribes conduct which might not be prohibited by the constitution since we are now of the opinion for the reasons set forth above that title vi s standard applicable alike to public and private recipients of federal funds is no broader than the constitution s we have serious doubts concerning the correctness of what appears to be the premise of that decision however even accepting
lau
s implication that impact alone is in some contexts sufficient to establish a prima facie violation of title vi contrary to our view that title vi s definition of racial discrimination is absolutely coextensive with the constitution s this would not assist the respondent
 353
in the least first for the reasons discussed
supra
 at 336 350 regardless of whether title vi s prohibitions extend beyond the constitution s the evidence fails to establish and indeed compels the rejection of the proposition that congress intended to prohibit recipients of federal funds from voluntarily employing race conscious measures to eliminate the effects of past societal discrimination against racial minorities such as negroes secondly
lau
itself for the reasons set forth in the immediately preceding paragraph strongly supports the view that voluntary race conscious remedial action is permissible under title vi if discriminatory racial impact alone is enough to demonstrate at least a prima facie title vi violation it is difficult to believe that the title would forbid the medical school from attempting to correct the racially exclusionary effects of its initial admissions policy during the first two years of the school s operation
the court has also declined to adopt a colorblind interpretation of other statutes containing nondiscrimination provisions similar to that contained in title vi we have held under title vii that where employment requirements have a disproportionate impact upon racial minorities they constitute a statutory violation even in the absence of discriminatory intent unless the employer is able to demonstrate that the requirements are sufficiently related to the needs of the job
 more significantly the court has required that preferences be given by employers to members of racial minorities as a remedy for past violations of title vii even where there has been no finding that the employer has acted with a discriminatory intent
 finally we have construed the voting
 354
rights act of 1965 42 u s c 1973
et seq
 which contains a provision barring any voting procedure or qualification that denies or abridges the right of
 355
any citizen of the united states to vote on account of race or color as permitting states to voluntarily take race into account in a way that fairly represents the voting strengths of different racial groups in order to comply with the commands of the statute even where the result is a gain for one racial group at the expense of others
these prior decisions are indicative of the court s unwillingness to construe remedial statutes designed to eliminate discrimination against racial minorities in a manner which would impede efforts to attain this objective there is no justification for departing from this course in the case of title vi and frustrating the clear judgment of congress that race conscious remedial action is permissible
we turn therefore to our analysis of the equal protection clause of the fourteenth amendment iiiathe assertion of human equality is closely associated with the proposition that differences in color or creed birth or status are neither significant nor relevant to the way in which persons should be treated nonetheless the position that such factors must be constitutionally an irrelevance
edwards
v
california
 314 u s 160 185 summed up by the shorthand phrase ur constitution is color blind
plessy
v
ferguson
 163 u s 537 559 has never been adopted by this court as the proper meaning of the equal protection clause indeed
 356
we have expressly rejected this proposition on a number of occasions
our cases have always implied that an overriding statutory purpose
mclaughlin
v
florida
 379 u s 184 192 could be found that would justify racial classifications see
e g ibid
loving
v
virginia
 388 u s 1 11
korematsu
v
united states
 323 u s 214 216
hirabayashi
v
united states
 320 u s 81 100 101 more recently in
mcdaniel
v
barresi
 402 u s 39 this court unanimously reversed the georgia supreme court which had held that a desegregation plan voluntarily adopted by a local school board which assigned students on the basis of race was
per se
invalid because it was not colorblind and in
north carolina board of education
v
swann
we held again unanimously that a statute mandating colorblind school assignment plans could not stand against the background of segregation since such a limit on remedies would render illusory the promise of
brown

i
402 u s at 45 46
we conclude therefore that racial classifications are not
per se
invalid under the fourteenth amendment accordingly we turn to the problem of articulating what our role should be in reviewing state action that expressly classifies by race brespondent argues that racial classifications are always suspect and consequently that this court should weigh the importance of the objectives served by davis special admissions program to see if they are compelling in addition he asserts that this court must inquire whether in its judgment there are alternatives to racial classifications which would suit davis purposes petitioner on the other hand states that our proper role is simply to accept petitioner s determination that the racial classifications used by its program are reasonably related to what it tells us are its benign
 357
purposes we reject petitioner s view but because our prior cases are in many respects in apposite to that before us now we find it necessary to define with precision the meaning of that inexact term strict scrutiny
unquestionably we have held that a government practice or statute which restricts fundamental rights or which contains suspect classifications is to be subjected to strict scrutiny and can be justified only if it furthers a compelling government purpose and even then only if no less restrictive alternative is available
 see
e g
san antonio independent school district
v
rodriguez
 411 u s 1 16 17
dunn
v
blumstein
 405 u s 330 but no fundamental right is involved here see
san antonio supra
 at 29 36 nor do whites as a class have any of the traditional indicia of suspectness the class is not saddled with such disabilities or subjected to such a history of purposeful unequal treatment or relegated to such a position of political powerlessness as to command extraordinary protection from the majoritarian political process
id
 at 28 see
united states
v
carolene products co
 304 u s 144 152 n 4
moreover if the university s representations are credited this is not a case where racial classifications are irrelevant and therefore prohibited
hirabayashi supra
 at 100 nor has anyone suggested that the university s purposes contravene the cardinal principle that racial classifications that stigmatize because they are drawn on the presumption that one race is inferior to another or because they put the weight of government
 358
behind racial hatred and separatismare invalid without more see
yick wo
v
hopkins
 118 u s 356 374
 accord
strauder
v
west virginia
 100 u s 303 308
korematsu
v
united states supra
 at 223
oyama
v
california
 332 u s 633 663
brown i
 347 u s 483
mclaughlin
v
florida supra
 at 191 192
loving
v
virginia supra
 at 11 12
reitman
v
mulkey
 387 u s 369 375 376
united jewish organizations
v
carey
 430 u s 144 165
ujo

id
 at 169
on the other hand the fact that this case does not fit neatly into our prior analytic framework for race cases does not mean that it should be analyzed by applying the very loose rational basis standard of review that is the very least that is always applied in equal protection cases
 he mere recitation of a benign compensatory purpose is not an automatic shield
 359
which protects against any inquiry into the actual purposes underlying a statutory scheme
califano
v
webster
 430 u s 313 317 quoting
weinberger
v
wiesenfeld
 420 u s 636 648 instead a number of considerations developed in gender discrimination cases but which carry even more force when applied to racial classificationslead us to conclude that racial classifications designed to further remedial purposes must serve important governmental objectives and must be substantially related to achievement of those objectives
califano
v
webster supra
 at 317 quoting
craig
v
boren
 429 u s 190 197
 360
first race like gender based classifications too often been inexcusably utilized to stereotype and stigmatize politically powerless segments of society
kahn
v
shevin
 416 u s 351 357 while a carefully tailored statute designed to remedy past discrimination could avoid these vices see
califano
v
webster supra

schlesinger
v
ballard
 419 u s 498
kahn
v
shevin supra

we nonetheless have recognized that the line between honest and thoughtful appraisal of the effects of past discrimination and paternalistic stereotyping is not so clear and that a statute based on the latter is patently capable of stigmatizing all women with a badge of inferiority cf
schlesinger
v
ballard supra
 at 508
ujo supra
 at 174 and n 3
califano
v
goldfarb
 430 u s 199 223 see also
stanton
v
stanton
 421 u s 7 14 15 state programs designed ostensibly to ameliorate the effects of past racial discrimination obviously create the same hazard of stigma since they may promote racial separatism and reinforce the views of those who believe that members of racial minorities are inherently incapable of succeeding on their own see
ujo supra
 at 172
ante
 at 298
second race like gender and illegitimacy see
weber
v
aetna casualty surety co
 406 u s 164 is an immutable characteristic which its possessors are powerless to escape or set aside while a classification is not
per se
invalid because it divides classes on the basis of an immutable characteristic see
supra
 at 355 356 it is nevertheless true that such divisions are contrary to our deep belief that legal burdens should bear some relationship to individual responsibility or
 361
wrongdoing
weber supra
 at 175
frontiero
v
richardson
 411 u s 677 686 and that advancement sanctioned sponsored or approved by the state should ideally be based on individual merit or achievement or at the least on factors within the control of an individual see
ujo
 430 u s at 173
kotch
v
board of river port pilot comm rs
 330 u s 552 566
because this principle is so deeply rooted it might be supposed that it would be considered in the legislative process and weighed against the benefits of programs preferring individuals because of their race but this is not necessarily so the natural consequence of our governing processes that the most discrete and insular of whites will be called upon to bear the immediate direct costs of benign discrimination
ujo supra
 at 174 moreover it is clear from our cases that there are limits beyond which majorities may not go when they classify on the basis of immutable characteristics see
e g
weber supra

thus even if the concern for individualism is weighed by the political process that weighing cannot waive the personal rights of individuals under the fourteenth amendment see
lucas
v
colorado general assembly
 377 u s 713 736
in sum because of the significant risk that racial classifications established for ostensibly benign purposes can be misused causing effects not unlike those created by invidious classifications it is inappropriate to inquire only whether there is any conceivable basis that might sustain such a classification instead to justify such a classification an important and articulated purpose for its use must be shown in addition any statute must be stricken that stigmatizes any group or that singles out those least well represented in the political process to bear the brunt of a benign program thus our review under the fourteenth amendment should be
 362
strictnot strict in theory and fatal in fact
 because it is stigma that causes fatalitybut strict and searching nonetheless ivdavis articulated purpose of remedying the effects of past societal discrimination is under our cases sufficiently important to justify the use of race conscious admissions programs where there is a sound basis for concluding that minority underrepresentation is substantial and chronic and that the handicap of past discrimination is impeding access of minorities to the medical school aat least since
green
v
county school board
 391 u s 430 it has been clear that a public body which has itself been adjudged to have engaged in racial discrimination cannot bring itself into compliance with the equal protection clause simply by ending its unlawful acts and adopting a neutral stance three years later
swann
v
charlotte mecklenburg board of education
 402 u s 1 and its companion cases
davis
v
school comm rs of mobile county
 402 u s 33
mcdaniel
v
barresi
 402 u s 39 and
north carolina board of education
v
swann
 402 u s 43 reiterated that racially neutral remedies for past discrimination were inadequate where consequences of past discriminatory acts influence or control present decisions see
e g
charlotte mecklenburg supra
 at 28 and the court further held both that courts could enter desegregation orders which assigned students and faculty by reference to race
charlotte mecklenburg supra
davis supra
united states
v
montgomery county board of ed
 395 u s 225 and that local school boards could
voluntarily
adopt desegregation
 363
plans which made express reference to race if this was necessary to remedy the effects of past discrimination
mcdaniel
v
barresi supra

moreover we stated that school boards even in the absence of a judicial finding of past discrimination could voluntarily adopt plans which assigned students with the end of creating racial pluralism by establishing fixed ratios of black and white students in each school
charlotte mecklenburg supra
 at 16 in each instance the creation of unitary school systems in which the effects of past discrimination had been eliminated root and branch
green supra
 at 438 was recognized as a compelling social goal justifying the overt use of race
finally the conclusion that state educational institutions may constitutionally adopt admissions programs designed to avoid exclusion of historically disadvantaged minorities even when such programs explicitly take race into account finds direct support in our cases construing congressional legislation designed to overcome the present effects of past discrimination congress can and has outlawed actions which have a disproportionately adverse and unjustified impact upon members of racial minorities and has required or authorized race conscious action to put individuals disadvantaged by such impact in the position they otherwise might have enjoyed see
franks
v
bowman transportation co
 424 u s 747
teamsters
v
united states
 431 u s 324 such relief does not require as a predicate proof that recipients of preferential advancement have been individually discriminated against it is enough that each recipient is within a general class of persons likely to have been the victims of discrimination see
id
 at 357 362 nor is it an objection to such relief that preference for minorities will upset the settled expectations of nonminorities see
franks supra

in addition we have held that congress to remove barriers to equal opportunity can and has required employers to use test criteria that fairly reflect the qualifications of minority applicants
 364
vis vis nonminority applicants even if this means interpreting the qualifications of an applicant in light of his race see
albemarle paper co
 v
moody
 422 u s 405 435
these cases cannot be distinguished simply by the presence of judicial findings of discrimination for race conscious remedies have been approved where such findings have not been made
mcdaniel
v
barresi supra
ujo
 see
califano
v
webster
 430 u s 313
schlesinger
v
ballard
 419 u s 498
kahn
v
shevin
 416 u s 351 see also
katzenbach
v
morgan
 384 u s 641 indeed the requirement of a judicial determination of a constitutional or statutory violation as a predicate for race conscious remedial actions would be self defeating such a requirement would severely undermine efforts to achieve voluntary compliance with the requirements of law and our society and jurisprudence have always stressed the value of voluntary efforts to further the objectives of the law judicial intervention is a last resort to achieve cessation of illegal conduct or the remedying of its effects rather than a prerequisite to action
 365
nor can our cases be distinguished on the ground that the entity using explicit racial classifications itself had violated 1 of the fourteenth amendment or an antidiscrimination regulation for again race conscious remedies have been approved where this is not the case see
ujo
 430 u s at 157
id
 at 167
 cf
califano
v
webster supra
 at 317
kahn
v
shevin supra

moreover the presence or absence of past discrimination by universities or employers is largely irrelevant to resolving respondent s constitutional claims the claims of those burdened by the race conscious actions of a university or employer who has never been adjudged in violation of an antidiscrimination law are not any more or less entitled to deference than the claims of the burdened nonminority workers in
franks
v
bowman transportation co supra

in which the employer had violated title vii for in each case the employees are innocent of past discrimination and although it might be argued that where an employer has violated an antidiscrimination law the expectations of nonminority workers are themselves products of discrimination and hence tainted see
franks supra
 at 776 and therefore more easily upset the same argument can be made with respect to respondent if it was reasonable to concludeas we hold that it wasthat the failure of minorities to qualify for admission at davis under regular procedures was due principally to the effects of past discrimination than there is a reasonable likelihood that but for pervasive racial discrimination
 366
respondent would have failed to qualify for admission even in the absence of davis special admissions program
thus our cases under title vii of the civil rights act have held that in order to achieve minority participation in previously segregated areas of public life congress may require or authorize preferential treatment for those likely disadvantaged by societal racial discrimination such legislation has been sustained even without a requirement of findings of intentional racial discrimination by those required or authorized to accord preferential treatment or a case by case determination that those to be benefited suffered from racial discrimination these decisions compel the conclusion that states also may adopt race conscious programs designed to overcome substantial chronic minority under representation where there is reason to believe that the evil addressed is a product of past racial discrimination
 367
title vii was enacted pursuant to congress power under the commerce clause and 5 of the fourteenth amendment to the extent that congress acted under the commerce clause power it was restricted in the use of race in governmental decisionmaking by the equal protection component of the due process clause of the fifth amendment precisely to the same extent as are the states by 1 of the fourteenth amendment
 therefore to the extent that title vii rests on the commerce clause power our decisions such as
franks
and
 368

teamsters
v
united states
 431 u s 324 implicitly recognize that the affirmative use of race is consistent with the equal protection component of the fifth amendment and therefore with the fourteenth amendment to the extent that congress acted pursuant to 5 of the fourteenth amendment those cases impliedly recognize that congress was empowered under that provision to accord preferential treatment to victims of past discrimination in order to overcome the effects of segregation and we see no reason to conclude that the states cannot voluntarily accomplish under 1 of the fourteenth amendment what congress under 5 of the fourteenth amendment validly may authorize or compel either the states or private persons to do a contrary position would conflict with the traditional understanding recognizing the competence of the states to initiate measures consistent with federal policy in the absence of congressional pre emption of the subject matter nothing whatever in the legislative history of either the fourteenth amendment or the civil rights acts even remotely suggests that the states are foreclosed from furthering the fundamental purpose of equal opportunity to which the amendment and those acts are addressed indeed voluntary initiatives by the states to achieve the national goal of equal opportunity have been recognized to be essential to its attainment to use the fourteenth amendment as a sword against such state power would stultify that amendment
railway mail assn
 v
corsi
 326 u s 88 98
 we therefore
 369
conclude that davis goal of admitting minority students disadvantaged by the effects of past discrimination is sufficiently important to justify use of race conscious admissions criteria bproperly construed therefore our prior cases unequivocally show that a state government may adopt race conscious programs if the purpose of such programs is to remove the disparate racial impact its actions might otherwise have and if there is reason to believe that the disparate impact is itself the product of past discrimination whether its own or that of society at large there is no question that davis program is valid under this test
certainly on the basis of the undisputed factual submissions before this court davis had a sound basis for believing that the problem of under representation of minorities was substantial and chronic and that the problem was attributable to handicaps imposed on minority applicants by past and present racial discrimination until at least 1973 the practice of medicine in this country was in fact if not in law largely the prerogative of whites
 in 1950 for example while negroes
 370
constituted 10 of the total population negro physicians constituted only 2 2 of the total number of physicians
 the overwhelming majority of these moreover were educated in two predominantly negro medical schools howard and meharry
 by 1970 the gap between the proportion of negroes in medicine and their proportion in the population had widened the number of negroes employed in medicine remained frozen at 2 2
 while the negro population had increased to 11 1
 the number of negro admittees to predominantly white medical schools moreover had declined in absolute numbers during the years 1955 to 1964 odegaard 19
moreover davis had very good reason to believe that the national pattern of underrepresentation of minorities in medicine would be perpetuated if it retained a single admissions standard for example the entering classes in 1968 and 1969 the years in which such a standard was used included only 1 chicano and 2 negroes out of the 50 admittees for each year nor is there any relief from this pattern of underrepresentation in the statistics for the regular admissions program in later years
davis clearly could conclude that the serious and persistent underrepresentation of minorities in medicine depicted by these statistics is the result of handicaps under which minority applicants labor as a consequence of a background of deliberate purposeful discrimination against minorities in education
 371
and in society generally as well as in the medical profession from the inception of our national life negroes have been subjected to unique legal disabilities impairing access to equal educational opportunity under slavery penal sanctions were imposed upon anyone attempting to educate negroes
 after enactment of the fourteenth amendment the states continued to deny negroes equal educational opportunity enforcing a strict policy of segregation that itself stamped negroes as inferior
brown i
 347 u s 483 that relegated minorities to inferior educational institutions
 and that denied them intercourse in the mainstream of professional life necessary to advancement see
sweatt
v
painter
 339 u s 629 segregation was not limited to public facilities moreover but was enforced by criminal penalties against private action as well thus as late as 1908 this court enforced a state criminal conviction against a private college for teaching negroes together with whites
berea college
v
kentucky
 211 u s 45 see also
plessy
v
ferguson
 163 u s 537
green
v
county school board
 391 u s 430 gave explicit recognition to the fact that the habit of discrimination and the cultural tradition of race prejudice cultivated by centuries of legal slavery and segregation were not immediately dissipated when
brown i supra
 announced the constitutional principle that equal educational opportunity and participation in all aspects of american life could not be denied on the basis of race rather massive official and private resistance prevented and to a lesser extent still prevents attainment of equal opportunity in education at all levels and in the professions the generation of minority students applying to davis medical school since it opened in 1968most of whom
 372
were born before or about the time
brown i
was decided clearly have been victims of this discrimination judicial decrees recognizing discrimination in public education in california testify to the fact of widespread discrimination suffered by california born minority applicants
 many minority group members living in california moreover were born and reared in school districts in southern states segregated by law
 since separation of schoolchildren by race generates a feeling of inferiority as to their status in the community that may affect their hearts and minds in a way unlikely ever to be undone
brown i supra
 at 494 the conclusion is inescapable that applicants to medical school must be few indeed who endured the effects of
de jure
segregation the resistance to
brown i
 or the equally debilitating pervasive private discrimination fostered by our long history of official discrimination cf
reitman
v
mulkey
 387 u s 369 and yet come to the starting line with an education equal to whites
moreover we need not rest solely on our own conclusion that davis had sound reason to believe that the effects of past discrimination were handicapping minority applicants to the medical school because the department of health education and welfare the expert agency charged by congress with promulgating regulations enforcing title vi of the civil rights act of 1964 see
supra
 at 341 343 has also reached the conclusion that race may be taken into account in situations
 373
where a failure to do so would limit participation by minorities in federally funded programs and regulations promulgated by the department expressly contemplate that appropriate race conscious programs may be adopted by universities to remedy unequal access to university programs caused by their own or by past societal discrimination see
supra
 at 344 345 discussing 45 cfr 80 3 and 80 5 it cannot be questioned that in the absence of the special admissions program access of minority students to the medical school would be severely limited and accordingly race conscious admissions would be deemed an appropriate response under these federal regulations moreover the department s regulatory policy is not one that has gone unnoticed by congress see
supra
 at 346 347 indeed although an amendment to an appropriations bill was introduced just last year that would have prevented the secretary of health education and welfare from mandating race conscious programs in university admissions proponents of this measure significantly did not question the validity of voluntary implementation of race conscious admissions criteria see
ibid
 in these circumstances the conclusion implicit in the regulationsthat the lingering effects of past discrimination continue to make race conscious remedial programs appropriate means for ensuring equal educational opportunity in universitiesdeserves considerable judicial deference see
e g
katzenbach
v
morgan
 384 u s 641
ujo
 430 u s at 175 178
cthe second prong of our testwhether the davis program stigmatizes any discrete group or individual and whether race
 374
is reasonably used in light of the program s objectivesis clearly satisfied by the davis program
it is not even claimed that davis program in any way operates to stigmatize or single out any discrete and insular or even any identifiable nonminority group nor will harm comparable to that imposed upon racial minorities by exclusion or separation on grounds of race be the likely result of the program it does not for example establish an exclusive preserve for minority students apart from and exclusive of whites rather its purpose is to overcome the effects of segregation by bringing the races together true whites are excluded from participation in the special admissions program but this fact only operates to reduce the number of whites to be admitted in the regular admissions program in order to permit admission of a reasonable percentageless than their proportion of the california population
of otherwise underrepresented qualified minority applicants
 375
nor was bakke in any sense stamped as inferior by the medical school s rejection of him indeed it is conceded by all that he satisfied those criteria regarded by the school as generally relevant to academic performance better than most of the minority members who were admitted moreover there is absolutely no basis for concluding that bakke s rejection as a result of davis use of racial preference will affect him throughout his life in the same way as the segregation of the negro school children in
brown i
would have affected them unlike discrimination against racial minorities the use of racial preferences for remedial purposes does not inflict a pervasive injury upon individual whites in the sense that wherever they go or whatever they do there is a significant likelihood that they will be treated as second class citizens because of their color this distinction does not mean that the exclusion of a white resulting from the preferential use of race is not sufficiently serious to require justification but it does mean that the injury inflicted by such a policy is not distinguishable from disadvantages caused by a wide range of government actions none of which has ever been thought impermissible for that reason alone
in addition there is simply no evidence that the davis program discriminates intentionally or unintentionally against any minority group which it purports to benefit the program does not establish a quota in the invidious sense of a ceiling on the number of minority applicants to be admitted nor can the program reasonably be regarded as stigmatizing the program s beneficiaries or their race as inferior the davis program does not simply advance less qualified applicants rather it compensates applicants who it is uncontested are fully qualified to study medicine for educational disadvantages which it was reasonable to conclude were a product of
 376
state fostered discrimination once admitted these students must satisfy the same degree requirements as regularly admitted students they are taught by the same faculty in the same classes and their performance is evaluated by the same standards by which regularly admitted students are judged under these circumstances their performance and degrees must be regarded equally with the regularly admitted students with whom they compete for standing since minority graduates cannot justifiably be regarded as less well qualified than nonminority graduates by virtue of the special admissions program there is no reasonable basis to conclude that minority graduates at schools using such programs would be stigmatized as inferior by the existence of such programs dwe disagree with the lower courts conclusion that the davis program s use of race was unreasonable in light of its objectives first as petitioner argues there are no practical means by which it could achieve its ends in the foreseeable future without the use of race conscious measures with respect to any factor that may be used as a substitute for race as an indicator of past discrimination whites greatly outnumber racial minorities simply because whites make up a far larger percentage of the total population and therefore far outnumber minorities in absolute terms at every socio economic level
 for example of a class of recent medical school applicants from families with less than 10 000 income at least 71 were white
 of all 1970 families headed by a
 377
person
not
a high school graduate which included related children under 18 80 were white and 20 were racial minorities
 moreover while race is positively correlated with differences in gpa and mcat scores economic disadvantage is not thus it appears that economically disadvantaged whites do not score less well than economically advantaged whites while economically advantaged blacks score less well than do disadvantaged whites
 these statistics graphically illustrate that the university s purpose to integrate its classes by compensating for past discrimination could not be achieved by a general preference for the economically disadvantaged or the children of parents of limited education unless such groups were to make up the entire class
second the davis admissions program does not simply equate minority status with disadvantage rather davis considers on an individual basis each applicant s personal history to determine whether he or she has likely been disadvantaged by racial discrimination the record makes clear that only minority applicants likely to have been isolated from the mainstream of american life are considered in the special program other minority applicants are eligible only through the regular admissions program true the procedure by which disadvantage is detected is informal but we have never insisted that educators conduct their affairs through adjudicatory proceedings and such insistence here is misplaced a case by case inquiry into the extent to which each individual applicant has been affected either directly or indirectly by racial discrimination would seem to be as a practical matter virtually impossible despite the fact that there are excellent reasons for concluding that such effects generally exist when individual measurement is impossible or extremely impractical there is nothing to prevent a state
 378
from using categorical means to achieve its ends at least where the category is closely related to the goal cf
gaston county
v
united states
 395 u s 285 295 296
katzenbach
v
morgan
 384 u s 641 and it is clear from our cases that specific proof that a person has been victimized by discrimination is not a necessary predicate to offering him relief where the probability of victimization is great see
teamsters
v
united states
 431 u s 324 efinally davis special admissions program cannot be said to violate the constitution simply because it has set aside a predetermined number of places for qualified minority applicants rather than using minority status as a positive factor to be considered in evaluating the applications of disadvantaged minority applicants for purposes of constitutional adjudication there is no difference between the two approaches in any admissions program which accords special consideration to disadvantaged racial minorities a determination of the degree of preference to be given is unavoidable and any given preference that results in the exclusion of a white candidate is no more or less constitutionally acceptable than a program such as that at davis furthermore the extent of the preference inevitably depends on how many minority applicants the particular school is seeking to admit in any particular year so long as the number of qualified minority applicants exceeds that number there is no sensible and certainly no constitutional distinction between for example adding a set number of points to the admissions rating of disadvantaged minority applicants as an expression of the preference with the expectation that this will result in the admission of an approximately determined number of qualified minority applicants and setting a fixed number of places for such applicants as was done here
 379
the harvard program see
ante
 at 316 318 as those employing it readily concede openly and successfully employs a racial criterion for the purpose of ensuring that some of the scarce places in institutions of higher education are allocated to disadvantaged minority students that the harvard approach does not also make public the extent of the preference and the precise workings of the system while the davis program employs a specific openly stated number does not condemn the latter plan for purposes of fourteenth amendment adjudication it may be that the harvard plan is more acceptable to the public than is the davis quota if it is any state including california is free to adopt it in preference to a less acceptable alternative just as it is generally free as far as the constitution is concerned to abjure granting any racial preferences in its admissions program but there is no basis for preferring a particular preference program simply because in achieving the same goals that the davis medical school is pursuing it proceeds in a manner that is not immediately apparent to the public vaccordingly we would reverse the judgment of the supreme court of california holding the medical school s special admissions program unconstitutional and directing respondent s admission as well as that portion of the judgment enjoining the medical school from according any consideration to race in the admissions process mr justice white i write separately concerning the question of whether title vi of the civil rights act of 1964 42 u s c 2000d
et seq
 provides for a private cause of action four justices are apparently of the view that such a private cause of action
 380
exists and four justices assume it for purposes of this case i am unwilling merely to assume an affirmative answer if in fact no private cause of action exists this court and the lower courts as well are without jurisdiction to consider respondent s title vi claim as i see it if we are not obliged to do so it is at least advisable to address this threshold jurisdictional issue see
united states
v
griffin
 303 u s 226 229
 furthermore just as it is inappropriate to address constitutional issues without determining whether statutory grounds urged before us are dispositive it is at least questionable practice to adjudicate a novel and difficult statutory issue without first considering whether we have jurisdiction to decide it consequently i address the question of whether respondent may bring suit under title vi
a private cause of action under title vi in terms both of
 381
the civil rights act as a whole and that title would not be consistent with the underlying purposes of the legislative scheme and would be contrary to the legislative intent
cort
v
ash
 422 u s 66 78 title ii 42 u s c 2000a
et seq
 dealing with public accommodations and title vii 42 u s c 2000e
et seq
 dealing with employment proscribe private discriminatory conduct that as of 1964 neither the constitution nor other federal statutes had been construed to forbid both titles carefully provided for private actions as well as for official participation in enforcement title iii 42 u s c 2000b
et seq
 and title iv 42 u s c 2000c
et seq
 dealing with public facilities and public education respectively authorize suits by the attorney general to eliminate racial discrimination in these areas because suits to end discrimination in public facilities and public education were already available under 42 u s c 1983 it was of course unnecessary to provide for private actions under titles iii and iv but each title carefully provided that its provisions for public actions would not adversely affect pre existing private remedies 2000b 2 and 2000c 8
the role of title vi was to terminate federal financial support for public and private institutions or programs that discriminated on the basis of race section 601 42 u s c 2000d imposed the proscription that no person on the grounds of race color or national origin was to be excluded from or discriminated against under any program or activity receiving federal financial assistance but there is no express provision for private actions to enforce title vi and it would be quite incredible if congress after so carefully attending to the matter of private actions in other titles of the act intended silently to create a private cause of action to enforce title vi
it is also evident from the face of 602 42 u s c 2000d 1 that congress intended the departments and agencies
 382
to define and to refine by rule or regulation the general proscription of 601 subject only to judicial review of agency action in accordance with established procedures section 602 provides for enforcement every federal department or agency furnishing financial support is to implement the proscription by appropriate rule or regulation each of which requires approval by the president termination of funding as a sanction for noncompliance is authorized but
only
after a hearing and after the failure of voluntary means to secure compliance moreover termination may not take place until the department or agency involved files with the appropriate committees of the house and senate a full written report of the circumstances and the grounds for such action and 30 days have elapsed thereafter judicial review was provided at least for actions terminating financial assistance
termination of funding was regarded by congress as a serious enforcement step and the legislative history is replete with assurances that it would not occur until every possibility for conciliation had been exhausted
 to allow a private
 383
individual to sue to cut off funds under title vi would compromise these assurances and short circuit the procedural preconditions provided in title vi if the federal government may not cut off funds except pursuant to an agency rule approved by the president and presented to the appropriate committee of congress for a layover period and after voluntary means to achieve compliance have failed it is inconceivable that congress intended to permit individuals to circumvent these administrative prerequisites themselves
furthermore although congress intended title vi to end federal financial support for racially discriminatory policies of not only public but also private institutions and programs it is extremely unlikely that congress without a word indicating that it intended to do so contemplated creating an independent private statutory cause of action against all private as well as public agencies that might be in violation of the section there is no doubt that congress regarded private litigation as an important tool to attack discriminatory practices it does not at all follow however that congress anticipated new private actions under title vi itself wherever a discriminatory program was a public undertaking such as a public school private remedies were already available under other statutes and a private remedy under title vi was
 384
unnecessary congress was well aware of this fact significantly there was frequent reference to
simkins
v
moses h cone memorial hospital
 323 f 2d 959 cert denied 376 u s 938 throughout the congressional deliberations see
e g
 110 cong rec 6544
simkins
held that under appropriate circumstances the operation of a private hospital with massive use of public funds and extensive state federal sharing in the common plan constituted state action for the purposes of the fourteenth amendment 323 f 2d at 967 it was unnecessary of course to create a title vi private action against private discriminators where they were already within the reach of existing private remedies but when they were notand
simkins
carefully disclaimed holding that every subvention by the federal or state government automatically involves the beneficiary in state action
ibid
it is difficult
 385
to believe that congress
silently
created a
private
remedy to terminate conduct that previously had been entirely beyond the reach of federal law
for those who believe contrary to my views that title vi was intended to create a stricter standard of color blindness than the constitution itself requires the result of no private cause of action follows even more readily in that case congress must be seen to have banned degrees of discrimination as well as types of discriminators not previously reached by law a congress careful enough to provide that existing private causes of action would be preserved would not leave for inference a vast new extension of private enforcement power and a congress so exceptionally concerned with the satisfaction of procedural preliminaries before confronting fund recipients with the choice of a cutoff or of stopping discriminating would not permit private parties to pose precisely that same dilemma in a greatly widened category of cases with no procedural requirements whatsoever
significantly in at least three instances legislators who played a major role in the passage of title vi explicitly stated that a private right of action under title vi does not exist
 386
as an indication of legislative intent explicit or implicit either to create such a remedy or to deny one
cort
v
ash
 422 u s at 78 clearer statements cannot be imagined and under
cort
 an explicit purpose to
deny
such cause of action controlling
id
 at 82 senator keating for example proposed a private right to sue for the person suffering from discrimination but the department of justice refused to include it and the senator acquiesced
 these are not neutral ambiguous statements they indicate the absence of a legislative intent to create a private remedy nor do any of these statements make nice distinctions between a private cause of action to enjoin discrimination and one to cut off funds as mr justice stevens and the three justices who join his opinion apparently would see
post
 at 419 420 n 26 indeed it would be odd if they did since the practical effect of either type of private cause of action would be identical if private suits to enjoin conduct allegedly violative of 601 were permitted recipients of federal funds would be presented with the choice of either ending what the court rather than the agency determined to be a discriminatory practice within the meaning of title vi or refusing federal funds and thereby escaping from the statute s jurisdictional predicate
 this is precisely the same choice as would confront recipients if suit were brought to cut off funds both types of actions would equally jeopardize the administrative processes so carefully structured into the law
 387
this court has always required that the inference of such a private cause of action not otherwise authorized by the statute must be consistent with the evident legislative intent and of course with the effectuation of the purposes intended to be served by the act
national railroad passenger corp
 v
national association of railroad passengers
 414 u s 453 458 see also
securities investor protection corp
 v
barbour
 421 u s 412 418 420 a private cause of action under title vi is unable to satisfy either prong of this test
because each of my colleagues either has a different view or assumes a private cause of action however the merits of the title vi issue must be addressed my views in that regard as well as my views with respect to the equal protection issue are included in the joint opinion that my brothers brennan marshall and blackmun and i have filed
mr justice marshall i agree with the judgment of the court only insofar as it permits a university to consider the race of an applicant in making admissions decisions i do not agree that petitioner s admissions program violates the constitution for it must be remembered that during most of the past 200 years the constitution as interpreted by this court did not prohibit the most ingenious and pervasive forms of discrimination against the negro now when a state acts to remedy the effects of that legacy of discrimination i cannot believe that this same constitution stands as a barrier iathree hundred and fifty years ago the negro was dragged to this country in chains to be sold into slavery uprooted from his homeland and thrust into bondage for forced labor
 388
the slave was deprived of all legal rights it was unlawful to teach him to read he could be sold away from his family and friends at the whim of his master and killing or maiming him was not a crime the system of slavery brutalized and dehumanized both master and slave
the denial of human rights was etched into the american colonies first attempts at establishing self government when the colonists determined to seek their independence from england they drafted a unique document cataloguing their grievances against the king and proclaiming as self evident that all men are created equal and are endowed with certain unalienable rights including those to life liberty and the pursuit of happiness the self evident truths and the unalienable rights were intended however to apply only to white men an earlier draft of the declaration of independence submitted by thomas jefferson to the continental congress had included among the charges against the king that e has waged cruel war against human nature itself violating its most sacred rights of life and liberty in the persons of a distant people who never offended him captivating and carrying them into slavery in another hemisphere or to incur miserable death in their transportation thither franklin 88 the southern delegation insisted that the charge be deleted the colonists themselves were implicated in the slave trade and inclusion of this claim might have made it more difficult to justify the continuation of slavery once the ties to england were severed thus even as the colonists embarked on a
 389
course to secure their own freedom and equality they ensured perpetuation of the system that deprived a whole race of those rights
the implicit protection of slavery embodied in the declaration of independence was made explicit in the constitution which treated a slave as being equivalent to three fifths of a person for purposes of apportioning representatives and taxes among the states art i 2 the constitution also contained a clause ensuring that the migration or importation of slaves into the existing states would be legal until at least 1808 art i 9 and a fugitive slave clause requiring that when a slave escaped to another state he must be returned on the claim of the master art iv 2 in their declaration of the principles that were to provide the cornerstone of the new nation therefore the framers made it plain that we the people for whose protection the constitution was designed did not include those whose skins were the wrong color as professor john hope franklin has observed americans proudly accepted the challenge and responsibility of their new political freedom by establishing the machinery and safeguards that insured the continued enslavement of blacks franklin 100
the individual states likewise established the machinery to protect the system of slavery through the promulgation of the slave codes which were designed primarily to defend the property interest of the owner in his slave the position of the negro slave as mere property was confirmed by this court in
dred scott
v
sandford

19 how 393
holding that the missouri compromisewhich prohibited slavery in the portion of the louisiana purchase territory north of missouri was unconstitutional because it deprived slave owners of their property without due process the court declared that under the constitution a slave was property and he right to traffic in it like an ordinary article of merchandise and property was guarantied to the citizens of the united
 390
states
id
 at 451 the court further concluded that negroes were not intended to be included as citizens under the constitution but were regarded as beings of an inferior order altogether unfit to associate with the white race either in social or political relations and so far inferior that they had no rights which the white man was bound to respect
id
 at 407 bthe status of the negro as property was officially erased by his emancipation at the end of the civil war but the long awaited emancipation while freeing the negro from slavery did not bring him citizenship or equality in any meaningful way slavery was replaced by a system of laws which imposed upon the colored race onerous disabilities and burdens and curtailed their rights in the pursuit of life liberty and property to such an extent that their freedom was of little value
slaughter house cases

16 wall 36
70 despite the passage of the thirteenth fourteenth and fifteenth amendments the negro was systematically denied the rights those amendments were supposed to secure the combined actions and inactions of the state and federal governments maintained negroes in a position of legal inferiority for another century after the civil war
the southern states took the first steps to re enslave the negroes immediately following the end of the civil war many of the provisional legislatures passed black codes similar to the slave codes which among other things limited the rights of negroes to own or rent property and permitted imprisonment for breach of employment contracts over the next several decades the south managed to disenfranchise the negroes in spite of the fifteenth amendment by various techniques including poll taxes deliberately complicated balloting processes property and literacy qualifications and finally the white primary
congress responded to the legal disabilities being imposed
 391
in the southern states by passing the reconstruction acts and the civil rights acts congress also responded to the needs of the negroes at the end of the civil war by establishing the bureau of refugees freedmen and abandoned lands better known as the freedmen s bureau to supply food hospitals land and education to the newly freed slaves thus for a time it seemed as if the negro might be protected from the continued denial of his civil rights and might be relieved of the disabilities that prevented him from taking his place as a free and equal citizen
that time however was short lived reconstruction came to a close and with the assistance of this court the negro was rapidly stripped of his new civil rights in the words of c vann woodward by narrow and ingenious interpretation decisions over a period of years had whittled away a great part of the authority presumably given the government for protection of civil rights woodward 139
the court began by interpreting the civil war amendments in a manner that sharply curtailed their substantive protections see
e g
slaughter house cases supra

united states
v
reese
 92 u s 214
united states
v
cruikshank
 92 u s 542 then in the notorious
civil rights cases
 109 u s 3 the court strangled congress efforts to use its power to promote racial equality in those cases the court invalidated sections of the civil rights act of 1875 that made it a crime to deny equal access to inns public conveyances theaters and other places of public amusement
id
 at 10 according to the court the fourteenth amendment gave congress the power to proscribe only discriminatory action by the state the court ruled that the negroes who were excluded from public places suffered only an invasion of their social rights at the hands of private individuals and congress had no power to remedy that
id
 at 24 25 when a man has emerged from slavery and by the aid of beneficent legislation has shaken off the inseparable concomitants of that
 392
state the court concluded there must be some stage in the progress of his elevation when he takes the rank of a mere citizen and ceases to be the special favorite of the laws
id
 at 25 as mr justice harlan noted in dissent however the civil war amendments and civil rights acts did not make the negroes the special favorite of the laws but instead sought to accomplish in reference to that race what had already been done in every state of the union for the white raceto secure and protect rights belonging to them as freemen and citizens nothing more
id
 at 61
the court s ultimate blow to the civil war amendments and to the equality of negroes came in
plessy
v
ferguson
 163 u s 537 in upholding a louisiana law that required railway companies to provide equal but separate accommodations for whites and negroes the court held that the fourteenth amendment was not intended to abolish distinctions based upon color or to enforce social as distinguished from political equality or a commingling of the two races upon terms unsatisfactory to either
id
 at 544 ignoring totally the realities of the positions of the two races the court remarked we consider the underlying fallacy of the plaintiff s argument to consist in the assumption that the enforced separation of the two races stamps the colored race with a badge of inferiority if this be so it is not by reason of anything found in the act but solely because the colored race chooses to put that construction upon it
id
 at 551 mr justice harlan s dissenting opinion recognized the bankruptcy of the court s reasoning he noted that the real meaning of the legislation was that colored citizens are so inferior and degraded that they cannot be allowed to sit in public coaches occupied by white citizens
id
 at 560 he expressed his fear that if like laws were enacted in other
 393
states the effect would be in the highest degree mischievous
id
 at 563 although slavery would have disappeared the states would retain the power to interfere with the full enjoyment of the blessings of freedom to regulate civil rights common to all citizens upon the basis of race and to place in a condition of legal inferiority a large body of american citizens
ibid
the fears of mr justice harlan were soon to be realized in the wake of
plessy
 many states expanded their jim crow laws which had up until that time been limited primarily to passenger trains and schools the segregation of the races was extended to residential areas parks hospitals theaters waiting rooms and bathrooms there were even statutes and ordinances which authorized separate phone booths for negroes and whites which required that textbooks used by children of one race be kept separate from those used by the other and which required that negro and white prostitutes be kept in separate districts in 1898 after
plessy
 the charlestown news and courier printed a parody of jim crow laws if there must be jim crow cars on the railroads there should be jim crow cars on the street railways also on all passenger boats if there are to be jim crow cars moreover there should be jim crow waiting saloons at all stations and jim crow eating houses there should be jim crow sections of the jury box and a separate jim crow dock and witness stand in every court and a jim crow bible for colored witnesses to kiss woodward 68 the irony is that before many years had passed with the exception of the jim crow witness stand all the improbable applications of the principle suggested by the editor in derision had been put into practicedown to and including the jim crow bible
id
 at 69
nor were the laws restricting the rights of negroes limited
 394
solely to the southern states in many of the northern states the negro was denied the right to vote prevented from serving on juries and excluded from theaters restaurants hotels and inns under president wilson the federal government began to require segregation in government buildings desks of negro employees were curtained off separate bathrooms and separate tables in the cafeterias were provided and even the galleries of the congress were segregated when his segregationist policies were attacked president wilson responded that segregation was not humiliating but a benefit and that he was rendering more safe in their possession of office and less likely to be discriminated against kluger 91
the enforced segregation of the races continued into the middle of the 20th century in both world wars negroes were for the most part confined to separate military units it was not until 1948 that an end to segregation in the military was ordered by president truman and the history of the exclusion of negro children from white public schools is too well known and recent to require repeating here that negroes were deliberately excluded from public graduate and professional schoolsand thereby denied the opportunity to become doctors lawyers engineers and the likeis also well established it is of course true that some of the jim crow laws were struck down by this court in a series of decisions leading up to
brown
v
board of education
 347 u s 483 see
e g
morgan
v
virginia
 328 u s 373
sweatt
v
painter
 339 u s 629
mclaurin
v
oklahoma state regents
 339 u s 637 those decisions however did not automatically end segregation nor did they move negroes from a position of legal inferiority to one of equality the legacy of years of slavery and of years of second class citizenship in the wake of emancipation could not be so easily eliminated ii 395
the position of the negro today in america is the tragic but inevitable consequence of centuries of unequal treatment measured by any benchmark of comfort or achievement meaningful equality remains a distant dream for the negro
a negro child today has a life expectancy which is shorter by more than five years than that of a white child
 the negro child s mother is over three times more likely to die of complications in childbirth
 and the infant mortality rate for negroes is nearly twice that for whites
 the median income of the negro family is only 60 that of the median of a white family
 and the percentage of negroes who live in families with incomes below the poverty line is nearly four times greater than that of whites
when the negro child reaches working age he finds that america offers him significantly less than it offers his white counterpart for negro adults the unemployment rate is twice that of whites
 and the unemployment rate for negro teenagers is nearly three times that of white teenagers
 a negro male who completes four years of college can expect a median annual income of merely 110 more than a white male who has only a high school diploma
 although negroes
 396
represent 11 5 of the population
 they are only 1 2 of the lawyers and judges 2 of the physicians 2 3 of the dentists 1 1 of the engineers and 2 6 of the college and university professors
the relationship between those figures and the history of unequal treatment afforded to the negro cannot be denied at every point from birth to death the impact of the past is reflected in the still disfavored position of the negro
in light of the sorry history of discrimination and its devastating impact on the lives of negroes bringing the negro into the mainstream of american life should be a state interest of the highest order to fail to do so is to ensure that america will forever remain a divided society iiii do not believe that the fourteenth amendment requires us to accept that fate neither its history nor our past cases lend any support to the conclusion that a university may not remedy the cumulative effects of society s discrimination by giving consideration to race in an effort to increase the number and percentage of negro doctors athis court long ago remarked that in any fair and just construction of any section or phrase of these amendments it is necessary to look to the purpose which we have said was the pervading spirit of them all the evil which they were designed to remedy
slaughter house cases
 16 wall at 72 it is plain that the fourteenth amendment was not intended to prohibit measures designed to remedy the effects of the
 397
nation s past treatment of negroes the congress that passed the fourteenth amendment is the same congress that passed the 1866 freedmen s bureau act an act that provided many of its benefits only to negroes act of july 16 1866 ch 200 14 stat 173 see
supra
 at 391 although the freedmen s bureau legislation provided aid for refugees thereby including white persons within some of the relief measures 14 stat 174 see also act of mar 3 1865 ch 90 13 stat 507 the bill was regarded to the dismay of many congressmen as solely and entirely for the freedmen and to the exclusion of all other persons cong globe 39th cong 1st sess 544 see also
id
 at 634 635
id
 at app 78 80 81 indeed the bill was bitterly opposed on the ground that it undertakes to make the negro in some respects superior and gives them favors that the poor white boy in the north cannot get
id
 at 401 see also
id
 at 319
id
 at 362
id
 at 397
id
 at 544 the bill s supporters defended itnot by rebutting the claim of special treatmentbut by pointing to the need for such treatment the very discrimination it makes between destitute and suffering negroes and destitute and suffering white paupers proceeds upon the distinction that in the omitted case civil rights and immunities are already sufficiently protected by the possession of political power the absence of which in the case provided for necessitates governmental protection
id
 at app 75 despite the objection to the special treatment the bill would provide for negroes it was passed by congress
id
 at 421 688 president johnson vetoed this bill and also a subsequent bill that contained some modifications one of his principal
 398
objections to both bills was that they gave special benefits to negroes 8 messages and papers of the presidents 3596 3599 3620 3623 rejecting the concerns of the president and the bill s opponents congress overrode the president s second veto cong globe 39th cong 1st sess 3842 3850
since the congress that considered and rejected the objections to the 1866 freedmen s bureau act concerning special relief to negroes also proposed the fourteenth amendment it is inconceivable that the fourteenth amendment was intended to prohibit all race conscious relief measures it would be a distortion of the policy manifested in that amendment which was adopted to prevent state legislation designed to perpetuate discrimination on the basis of race or color
railway mail assn
 v
corsi
 326 u s 88 94 to hold that it barred state action to remedy the effects of that discrimination such a result would pervert the intent of the framers by substituting abstract equality for the genuine equality the amendment was intended to achieve bas has been demonstrated in our joint opinion this court s past cases establish the constitutionality of race conscious remedial measures beginning with the school desegregation cases we recognized that even absent a judicial or legislative finding of constitutional violation a school board constitutionally could consider the race of students in making school assignment decisions see
swann
v
charlotte mecklenburg board of education
 402 u s 1 16
mcdaniel
v
barresi
 402 u s 39 41 we noted moreover that a flat prohibition against assignment of students for the purpose of creating a racial balance must inevitably conflict with the duty of school authorities to disestablish dual school systems as we have held in
swann
 the constitution does not compel any particular degree of
 399
racial balance or mixing but when past and continuing constitutional violations are found some ratios are likely to be useful as starting points in shaping a remedy an absolute prohibition against use of such a deviceeven as a starting pointcontravenes the implicit command of
green
v
country school board
 391 u s 430 that all reasonable methods be available to formulate an effective remedy
board of education
v
swann
 402 u s 43 46 as we have observed ny other approach would freeze the status quo that is the very target of all desegregation processes
mcdaniel
v
barresi supra
 at 41
only last term in
united jewish organizations
v
carey
 430 u s 144 we upheld a new york reapportionment plan that was deliberately drawn on the basis of race to enhance the electoral power of negroes and puerto ricans the plan had the effect of diluting the electoral strength of the hasidic jewish community we were willing in
ujo
to sanction the remedial use of a racial classification even though it disadvantaged otherwise innocent individuals in another case last term
califano
v
webster
 430 u s 313 the court upheld a provision in the social security laws that discriminated against men because its purpose was the permissible one of redressing our society s longstanding disparate treatment of women
id
 at 317 quoting
califano
v
goldfarb
 430 u s 199 209 n 8 we thus recognized the permissibility of remedying past societal discrimination through the use of otherwise disfavored classifications
nothing in those cases suggests that a university cannot similarly act to remedy past discrimination
 it is true that
 400
in both
ujo
and
webster
the use of the disfavored classification was predicated on legislative or administrative action but in neither case had those bodies made findings that there had been constitutional violations or that the specific individuals to be benefited had actually been the victims of discrimination rather the classification in each of those cases was based on a determination that the group was in need of the remedy because of some type of past discrimination there is thus ample support for the conclusion that a university can employ race conscious measures to remedy past societal discrimination without the need for a finding that those benefited were actually victims of that discrimination ivwhile i applaud the judgment of the court that a university may consider race in its admissions process it is more than a little ironic that after several hundred years of class based discrimination against negroes the court is unwilling to hold that a class based remedy for that discrimination is permissible in declining to so hold today s judgment ignores the fact that for several hundred years negroes have been discriminated against not as individuals but rather solely because of the color of their skins it is unnecessary in 20th century america to have individual negroes demonstrate that they have been victims of racial discrimination the racism of our society has been so pervasive that none regardless of wealth or position has managed to escape its impact the experience of negroes in america has been different in kind not just in degree from that of other ethnic groups it is not merely the history of slavery alone but also that a whole people were marked as inferior by the law and that mark has endured the dream of america as the great melting pot has
 401
not been realized for the negro because of his skin color he never even made it into the pot
these differences in the experience of the negro make it difficult for me to accept that negroes cannot be afforded greater protection under the fourteenth amendment where it is necessary to remedy the effects of past discrimination in the
civil rights cases supra

the court wrote that the negro emerging from slavery must cease to be the special favorite of the laws 109 u s at 25 see
supra
 at 392 we cannot in light of the history of the last century yield to that view had the court in that decision and others been willing to do for human liberty and the fundamental rights of american citizenship what it did for the protection of slavery and the rights of the masters of fugitive slaves 109 u s at 53 we would not need now to permit the recognition of any special wards
most importantly had the court been willing in 1896 in
plessy
v
ferguson

to hold that the equal protection clause forbids differences in treatment based on race we would not be faced with this dilemma in 1978 we must remember however that the principle that the constitution is color blind appeared only in the opinion of the lone dissenter 163 u s at 559 the majority of the court rejected the principle of color blindness and for the next 60 years from
plessy
to
brown
v
board of education

ours was a nation where
by law
 an individual could be given special treatment based on the color of his skin
it is because of a legacy of unequal treatment that we now must permit the institutions of this society to give consideration to race in making decisions about who will hold the positions of influence affluence and prestige in america for far too long the doors to those positions have been shut to negroes if we are ever to become a fully integrated society one in which the color of a person s skin will not determine the opportunities available to him or her we must be willing
 402
to take steps to open those doors i do not believe that anyone can truly look into america s past and still find that a remedy for the effects of that past is impermissible
it has been said that this case involves only the individual bakke and this university i doubt however that there is a computer capable of determining the number of persons and institutions that may be affected by the decision in this case for example we are told by the attorney general of the united states that at least 27 federal agencies have adopted regulations requiring recipients of federal funds to take
affirmative action
to overcome the effects of conditions which resulted in limiting participation by persons of a particular race color or national origin supplemental brief for united states as
amicus curiae
16 i cannot even guess the number of state and local governments that have set up affirmative action programs which may be affected by today s decision
i fear that we have come full circle after the civil war our government started several affirmative action programs this court in the
civil rights cases
and
plessy
v
ferguson
destroyed the movement toward complete equality for almost a century no action was taken and this nonaction was with the tacit approval of the courts then we had
brown
v
board of education
and the civil rights acts of congress followed by numerous affirmative action programs
now
 we have this court again stepping in this time to stop affirmative action programs of the type used by the university of california mr justice blackmun i participate fully of course in the opinion
ante
 p 324 that bears the names of my brothers brennan white marshall and myself i add only some general observations that hold particular significance for me and then a few comments on equal protection i 403
at least until the early 1970 s apparently only a very small number less than 2 of the physicians attorneys and medical and law students in the united states were members of what we now refer to as minority groups in addition approximately three fourths of our negro physicians were trained at only two medical schools if ways are not found to remedy that situation the country can never achieve its professed goal of a society that is not race conscious
i yield to no one in my earnest hope that the time will come when an affirmative action program is unnecessary and is in truth only a relic of the past i would hope that we could reach this stage within a decade at the most but the story of
brown
v
board of education
 347 u s 483 decided almost a quarter of a century ago suggests that that hope is a slim one at some time however beyond any period of what some would claim is only transitional inequality the united states must and will reach a stage of maturity where action along this line is no longer necessary then persons will be regarded as persons and discrimination of the type we address today will be an ugly feature of history that is instructive but that is behind us
the number of qualified indeed highly qualified applicants for admission to existing medical schools in the united states far exceeds the number of places available wholly apart from racial and ethnic considerations therefore the selection process inevitably results in the denial of admission to many
qualified
persons indeed to far more than the number of those who are granted admission obviously it is a denial to the deserving this inescapable fact is brought into sharp focus here because allan bakke is not himself charged with discrimination and yet is the one who is disadvantaged and because the medical school of the university of california at davis itself is not charged with historical discrimination
one theoretical solution to the need for more minority
 404
members in higher education would be to enlarge our graduate schools then all who desired and were qualified could enter and talk of discrimination would vanish unfortunately this is neither feasible nor realistic the vast resources that apparently would be required simply are not available and the need for more professional graduates in the strict numerical sense perhaps has not been demonstrated at all
there is no particular or real significance in the 84 16 division at davis the same theoretical philosophical social legal and constitutional considerations would necessarily apply to the case if davis special admissions program had focused on any lesser number that is on 12 or 8 or 4 places or indeed on only 1
it is somewhat ironic to have us so deeply disturbed over a program where race is an element of consciousness and yet to be aware of the fact as we are that institutions of higher learning albeit more on the undergraduate than the graduate level have given conceded preferences up to a point to those possessed of athletic skills to the children of alumni to the affluent who may bestow their largess on the institutions and to those having connections with celebrities the famous and the powerful
programs of admission to institutions of higher learning are basically a responsibility for academicians and for administrators and the specialists they employ the judiciary in contrast is ill equipped and poorly trained for this the administration and management of educational institutions are beyond the competence of judges and are within the special competence of educators provided always that the educators perform within legal and constitutional bounds for me therefore interference by the judiciary must be the rare exception and not the rule iii of course accept the propositions that fourteenth amendment rights are personal racial and ethnic distinctions
 405
where they are stereotypes are inherently suspect and call for exacting judicial scrutiny academic freedom is a special concern of the first amendment and the fourteenth amendment has expanded beyond its original 1868 concept and now is recognized to have reached a point where as mr justice powell states
ante
 at 293 quoting from the court s opinion in
mcdonald
v
santa fe trail transp co
 427 u s 273 296 it embraces a broader principle
this enlargement does not mean for me however that the fourteenth amendment has broken away from its moorings and its original intended purposes those original aims persist and that in a distinct sense is what affirmative action in the face of proper facts is all about if this conflicts with idealistic equality that tension is original fourteenth amendment tension constitutionally conceived and constitutionally imposed and it is part of the amendment s very nature until complete equality is achieved in the area in this sense constitutional equal protection is a shield
i emphasize in particular that the decided cases are not easily to be brushed aside many of course are not precisely on point but neither are they off point racial factors have been given consideration in the school desegregation cases in the employment cases in
lau
v
nichols
 414 u s 563 and in
united jewish organizations
v
carey
 430 u s 144 to be sure some of these may be distinguished on the ground that victimization was directly present but who is to say that victimization is not present for some members of today s minority groups although it is of a lesser and perhaps different degree the petitioners in
united jewish organizations
certainly complained bitterly of their reapportionment treatment and i rather doubt that they regard the remedy there imposed as one that was to improve the group s ability to participate as mr justice powell describes it
ante
 at 305 and surely in
lau
v
nichols
we looked to ethnicity
 406
i am not convinced as mr justice powell seems to be that the difference between the davis program and the one employed by harvard is very profound or constitutionally significant the line between the two is a thin and indistinct one in each subjective application is at work because of my conviction that admission programs are primarily for the educators i am willing to accept the representation that the harvard program is one where good faith in its administration is practiced as well as professed i agree that such a program where race or ethnic background is only one of many factors is a program better formulated than davis two track system the cynical of course may say that under a program such as harvard s one may accomplish covertly what davis concedes it does openly i need not go that far for despite its two track aspect the davis program for me is within constitutional bounds though perhaps barely so it is surely free of stigma and as in
united jewish organizations
 i am not willing to infer a constitutional violation
it is worth noting perhaps that governmental preference has not been a stranger to our legal life we see it in veterans preferences we see it in the aid to the handicapped programs we see it in the progressive income tax we see it in the indian programs we may excuse some of these on the ground that they have specific constitutional protection or as with indians that those benefited are wards of the government nevertheless these preferences exist and may not be ignored and in the admissions field as i have indicated educational institutions have always used geography athletic ability anticipated financial largess alumni pressure and other factors of that kind
i add these only as additional components on the edges of the central question as to which i join my brothers brennan white and marshall in our more general approach it is gratifying to know that the court at least finds it constitutional for an academic institution to take race and ethnic background into consideration as one factor among many in
 407
the administration of its admissions program i presume that that factor always has been there though perhaps not conceded or even admitted it is a fact of life however and a part of the real world of which we are all a part the sooner we get down the road toward accepting and being a part of the real world and not shutting it out and away from us the sooner will these difficulties vanish from the scene
i suspect that it would be impossible to arrange an affirmative action program in a racially neutral way and have it successful to ask that this be so is to demand the impossible in order to get beyond racism we must first take account of race there is no other way and in order to treat some persons equally we must treat them differently we cannotwe dare notlet the equal protection clause perpetuate racial supremacy
so the ultimate question as it was at the beginning of this litigation is among the qualified how does one choose?
a long time ago as time is measured for this nation a chief justice both wise and farsighted said in considering this question then we must never forget that it is a
constitution
we are expounding
mcculloch
v
maryland

4 wheat 316
407 in the same opinion the great chief justice further observed let the end be legitimate let it be within the scope of the constitution and all means which are appropriate which are plainly adapted to that end which are not prohibited but consist with the letter and spirit of the constitution are constitutional
id
 at 421 more recently one destined to become a justice of this court observed the great generalities of the constitution have a content and a significance that vary from age to age b cardozo the nature of the judicial process 17 408
and an educator who became a president of the united states said but the constitution of the united states is not a mere lawyers document it is a vehicle of life and its spirit is always the spirit of the age w wilson constitutional government in the united states 69 these percepts of breadth and flexibility and ever present modernity are basic to our constitutional law today again we are expounding a
constitution
 the same principles that governed mcculloch s case in 1819 govern bakke s case in 1978 there can be no other answer
mr justice stevens with whom the chief justice mr justice stewart and mr justice rehnquist join concurring in the judgment in part and dissenting in part
it is always important at the outset to focus precisely on the controversy before the court
 it is particularly important to do so in this case because correct identification of the issues will determine whether it is necessary or appropriate to express any opinion about the legal status of any admissions program other than petitioner s ithis is not a class action the controversy is between two specific litigants allan bakke challenged petitioner s special admissions program claiming that it denied him a place in medical school because of his race in violation of the federal and california constitutions and of title vi of the civil rights act of 1964 42 u s c 2000d
et seq
 the california supreme court upheld his challenge and ordered him admitted if the
 409
state court was correct in its view that the university s special program was illegal and that bakke was therefore unlawfully excluded from the medical school because of his race we should affirm its judgment regardless of our views about the legality of admissions programs that are not now before the court
the judgment as originally entered by the trial court contained four separate paragraphs two of which are of critical importance
 paragraph 3 declared that the university s special admissions program violated the fourteenth amendment the state constitution and title vi the trial court did not order the university to admit bakke because it concluded that bakke had not shown that he would have been admitted if there had been no special program instead in paragraph 2 of its judgment it ordered the university to consider bakke s application for admission without regard to his race or the race of any other applicant the order did not include any broad
 410
prohibition against any use of race in the admissions process its terms were clearly limited to the university s consideration of
bakke s
application
 because the university has since been ordered to admit bakke paragraph 2 of the trial court s order no longer has any significance
the california supreme court in a holding that is not challenged ruled that the trial court incorrectly placed the burden on bakke of showing that he would have been admitted in the absence of discrimination the university then conceded that it not meet the burden of proving that the special admissions program did not result in mr bakke s failure to be admitted
 accordingly the california supreme court directed the trial court to enter judgment ordering bakke s admission
 since that order superseded paragraph
 411
2 of the trial court s judgment there is no outstanding injunction forbidding any consideration of racial criteria in processing applications
it is therefore perfectly clear that the question whether race can ever be used as a factor in an admissions decision is not an issue in this case and that discussion of that issue is inappropriate
iiboth petitioner and respondent have asked us to determine the legality of the university s special admissions program by reference to the constitution our settled practice however is to avoid the decision of a constitutional issue if a case can be fairly decided on a statutory ground if there is one doctrine more deeply rooted than any other in the process of constitutional adjudication it is that we ought not to pass on questions of constitutionality unless such adjudication is unavoidable
spector motor co
 v
mclaughlin
 323 u s 101 105
 the more important the issue the more force
 412
there is to this doctrine
 in this case we are presented with a constitutional question of undoubted and unusual importance since however a dispositive statutory claim was raised at the very inception of this case and squarely decided in the portion of the trial court judgment affirmed by the california supreme court it is our plain duty to confront it only if petitioner should prevail on the statutory issue would it be necessary to decide whether the university s admissions program violated the equal protection clause of the fourteenth amendment iiisection 601 of the civil rights act of 1964 78 stat 252 42 u s c 2000d provides no person in the united states shall on the ground of race color or national origin be excluded from participation in be denied the benefits of or be subjected to discrimination under any program or activity receiving federal financial assistance the university through its special admissions policy excluded bakke from participation in its program of medical education because of his race the university also acknowledges that it was and still is receiving federal financial assistance
 the plain language of the statute therefore requires affirmance of the judgment below a different result
 413
cannot be justified unless that language misstates the actual intent of the congress that enacted the statute or the statute is not enforceable in a private action neither conclusion is warranted
title vi is an integral part of the far reaching civil rights act of 1964 no doubt when this legislation was being debated congress was not directly concerned with the legality of reverse discrimination or affirmative action programs its attention was focused on the problem at hand the glaring discrimination against negroes which exists throughout our nation
 and with respect to title vi the federal funding of segregated facilities
 the genesis of the legislation however did not limit the breadth of the solution adopted just as congress responded to the problem of employment discrimination by enacting a provision that protects all races see
mcdonald
v
santa fe trail transp co
 427 u s 273 279
 so too its answer to the problem of federally funding of segregated facilities stands as a broad prohibition against the exclusion of
any
individual from a federally funded program on the ground of race in the words of the house report title vi stands for the general principle that
no person
be excluded from participation on the ground of race color or national origin under any program or activity receiving federal financial assistance h r rep no 914 88th
 414
cong 1st sess pt 1 p 25 this same broad view of title vi and 601 was echoed throughout the congressional debate and was stressed by every one of the major spokesmen for the act
petitioner contends however that exclusion of applicants on the basis of race does not violate title vi if the exclusion carries with it no racial stigma no such qualification or limitation of 601 s categorical prohibition of exclusion is justified by the statute or its history the language of the entire section is perfectly clear the words that follow excluded from do not modify or qualify the explicit outlawing of any exclusion on the stated grounds
the legislative history reinforces this reading the only suggestion that 601 would allow exclusion of non minority applicants came from opponents of the legislation and then only by way of a discussion of the meaning of the word discrimination
 the opponents feared that the term discrimination
 415
would be read as mandating racial quotas and racially balanced colleges and universities and they pressed for a specific definition of the term in order to avoid this possibility
 in response the proponents of the legislation gave repeated assurances that the act would be colorblind in its application
 senator humphrey the senate floor manager for the act expressed this position as follows he word discrimination has been used in many a court case what it really means in the bill is a distinction in treatment given to different individuals because of their different race religion or national origin the answer to this question is that if race is not a factor we do not have to worry about discrimination because of race the internal revenue code does not provide that colored people do not have to pay taxes or that they can pay their taxes 6 months later than everyone else 110 cong rec 5864 f we started to treat americans as americans not as fat ones thin ones short ones tall ones brown ones green ones yellow ones or white ones but as americans if we did that we would not need to worry about discrimination
id
 at 5866 416
in giving answers such as these it seems clear that the proponents of title vi assumed that the constitution itself required a colorblind standard on the part of government
 but that does not mean that the legislation only codifies an existing constitutional prohibition the statutory prohibition against discrimination in federally funded projects contained in 601 is more than a simple paraphrasing of what the fifth or fourteenth amendment would require the act s proponents plainly considered title vi consistent with their view of the constitution and they sought to provide an effective weapon to implement that view
 as a distillation of what the supporters of the act believed the constitution demanded of state and federal governments 601 has independent force with language and emphasis in addition to that found in the constitution
 417
as with other provisions of the civil rights act congress expression of its policy to end racial discrimination may independently proscribe conduct that the constitution does not
 however we need not decide the congruenceor lack of congruenceof the controlling statute and the constitution
 418
since the meaning of the title vi ban on exclusion is crystal clear race cannot be the basis of excluding anyone from participation in a federally funded program
in short nothing in the legislative history justifies the conclusion that the broad language of 601 should not be given its natural meaning we are dealing with a distinct statutory prohibition enacted at a particular time with particular concerns in mind neither its language nor any prior interpretation suggests that its place in the civil rights act won after long debate is simply that of a constitutional appendage
 in unmistakable terms the act prohibits the exclusion of individuals from federally funded programs because of their race
 as succinctly phrased during the senate debate under title vi it is not permissible to say yes to one person but to say no to another person only because of the color of his skin
belatedly however petitioner argues that title vi cannot be enforced by a private litigant the claim is unpersuasive in the context of this case bakke requested injunctive and declaratory relief under title vi petitioner itself then joined
 419
issue on the question of the legality of its program under title vi by asking for a declaratory judgment that it was in compliance with the statue
 its view during state court litigation was that a private cause of action does exist under title vi because petitioner questions the availability of a private cause of action for the first time in this court the question is not properly before us see
mcgoldrick
v
compagnie generale transatlantique
 309 u s 430 434 even if it were petitioner s original assumption is in accord with the federal courts consistent interpretation of the act to date the courts including this court have unanimously concluded or assumed that a private action may be maintained under title vi
 the united states has taken the same position in its
amicus curiae
brief directed to this specific issue it concluded that such a remedy is clearly available
 420
and congress has repeatedly enacted legislation predicated on the assumption that title vi may be enforced in a private action
 the conclusion that an individual may maintain a private cause of action is amply supported in the legislative history of title vi itself
 in short a fair consideration of
 421
petitioner s tardy attack on the propriety of bakke s suit under title vi requires that it be rejected
the university s special admissions program violated title vi of the civil rights act of 1964 by excluding bakke from the medical school because of his race it is therefore our duty to affirm the judgment ordering bakke admitted to the university
accordingly i concur in the court s judgment insofar as it affirms the judgment of the supreme court of california to the extent that it purports to do anything else i respectfully dissent notes mr justice stevens views the judgment of the california court as limited to prohibiting the consideration of race only in passing upon bakke s application
post
 at 408 411 it must be remembered however that petitioner here cross complained in the trial court for a declaratory judgment that its special program was constitutional and it lost the trial court s judgment that the special program was unlawful was affirmed by the california supreme court in an opinion which left no doubt that the reason for its holding was petitioner s use of race in consideration of
any candidate s
application moreover in explaining the scope of its holding the court quite clearly stated that petitioner was prohibited from taking race into account in any way in making admissions decisions in addition the university may properly as it in fact does consider other factors in evaluating an applicant such as the personal interview recommendations character and matters relating to the needs of the profession and society such as an applicant s professional goals in short the standards for admission employed by the university are not constitutionally infirm except to the extent that they are utilized in a racially discriminatory manner disadvantaged applicants of all races must be eligible for sympathetic consideration and no applicant may be rejected because of his race in favor of another who is less qualified as measured by standards applied without regard to race we reiterate in view of the dissent s misinterpretation that we do not compel the university to utilize only the highest objective academic credentials as the criterion for admission
18 cal 3d 34
54 55 553 p 2d 1152 1166 this explicit statement makes it unreasonable to assume that the reach of the california court s judgment can be limited in the manner suggested by mr justice stevens
 mr justice brennan mr justice white mr justice marshall and mr justice blackmun join parts i and v c of this opinion mr justice white also joins part iii a of this opinion
 material distributed to applicants for the class entering in 1973 described the special admissions program as follows a special subcommittee of the admissions committee made up of faculty and medical students from minority groups evaluates applications from economically and or educationally disadvantaged backgrounds the applicant may designate on the application form that he or she requests such an evaluation ethnic minorities are not categorically considered under the task force program unless they are from disadvantaged backgrounds our goals are 1 a short range goal in the identification and recruitment of potential candidates for admission to medical school in the near future and 2 our long range goal is to stimulate career interest in health professions among junior high and high school students
 after receiving all pertinent information selected applicants will receive a letter inviting them to our school of medicine in davis for an interview the interviews are conducted by at least one faculty member and one student member of the task force committee recommendations are then made to the admissions committee of the medical school some of the task force faculty are also members of the admissions committee
 long range goals will be approached by meeting with counselors and students of schools with large minority populations as well as with local youth and adult community groups
 applications for financial aid are available only
after
the applicant has been accepted and can only be awarded after registration financial aid is available to students in the form of scholarships and loans in addition to the regents scholarships and president s scholarship programs the medical school participates in the health professions scholarship program which makes funds available to students who otherwise might not be able to pursue a medical education other scholarships and awards are available to students who meet special eligibility qualifications medical students are also eligible to participate in the federally insured student loan program and the american medical association education and research foundation loan program
 applications for admission are available from
 admissions officeschool of medicine
university of california
davis california 95616
record 195 the letter distributed the following year was virtually identical except that the third paragraph was omitted
 for the 1973 entering class of 100 seats the davis medical school received 2 464 applications
id
 at 117 for the 1974 entering class 3 737 applications were submitted
id
 at 289
 that is applications were considered and acted upon as they were received so that the process of filling the class took place over a period of months with later applications being considered against those still on file from earlier in the year
id
 at 64
 the chairman normally checked to see if among other things the applicant had been granted a waiver of the school s application fee which required a means test whether the applicant had worked during college or interrupted his education to support himself or his family and whether the applicant was a member of a minority group
id
 at 65 66
 for the class entering in 1973 the total number of special applicants was 297 of whom 73 were white in 1974 628 persons applied to the special committee of whom 172 were white
id
 at 133 134
 the following table provides a year by year comparison of minority admissions at the davis medical school
special admissions program

blacks
chicanos
asians
total
1970
5
3
0
8
1971
4
9
2
15
1972
5
6
5
16
1973
6
8
2
16
1974
6
7
3
16general admissions

blacks
chicanos
asians
total
1970
0
0
4
4
1971
1
0
8
9
1972
0
0
11
11
1973
0
2
13
15
31
1974
0
4
5
9total1970
12
1971
24
1972
27
1973
31
1974
25id
 at 216 218 sixteen persons were admitted under the special program in 1974
ibid
 but one asian withdrew before the start of classes and the vacancy was filled by a candidate from the general admissions waiting list brief for petitioner 4 n 5
 the following table compares bakke s science grade point average overall grade point average and mcat scores with the average scores of regular admittees and of special admittees in both 1973 and 1974 record 210 223 231 234
class entering in 1973
mcat
sgpa
ogpa
verbal
quantitative
science
gen infor
bakke
3 44
3 46
96
94
97
72
av reg admittees
3 51
3 49
81
76
83
69
avg special admittees
2 62
2 88
46
24
35
33class entering in 1974
mcat
sgpa
ogpa
verbal
quantitative
science
gen infor
bakke
3 44
3 46
96
94
97
72
av reg admittees
3 36
3 29
69
67
82
72
av special admittees
2 42
2 62
64
60
67
18applicants admitted under the special program also had benchmark scores significantly lower than many students including bakke rejected under the general admissions program even though the special rating system apparently gave credit for overcoming disadvantage
id
 at 181 388
 prior to the actual filing of the suit bakke discussed his intentions with peter c storandt assistant to the dean of admissions at the davis medical school
id
 at 259 269 storandt expressed sympathy for bakke s position and offered advice on litigation strategy several
amici
imply that these discussions render bakke s suit collusive there is no indication however that storandt s views were those of the medical school or that anyone else at the school even was aware of storandt s correspondence and conversations with bakke storandt is no longer with the university
 or shall any state deny to any person within its jurisdiction the equal protection of the laws
 no special privileges or immunities shall ever be granted which may not be altered revoked or repealed by the legislature nor shall any citizen or class of citizens be granted privileges or immunities which upon the same terms shall not be granted to all citizens
this section was recently repealed and its provisions added to art i 7 of the state constitution
 section 601 of title vi 78 stat 252 provides as follows
no person in the united states shall on the ground of race color or national origin be excluded from participation in be denied the benefits of or be subjected to discrimination under any program or activity receiving federal financial assistance
 indeed the university did not challenge the finding that applicants who were not members of a minority group were excluded from consideration in the special admissions process 18 cal 3d at 44 553 p 2d at 1159
 petitioner has not challenged this aspect of the decision the issue of the proper placement of the burden of proof then is not before us
 several
amici
suggest that bakke lacks standing arguing that he never showed that his injuryexclusion from the medical schoolwill be redressed by a favorable decision and that the petitioner fabricated jurisdiction by conceding its inability to meet its burden of proof petitioner does not object to bakke s standing but inasmuch as this charge concerns our jurisdiction under art iii it must be considered and rejected first there appears to be no reason to question the petitioner s concession it was not an attempt to stipulate to a conclusion of law or to disguise actual facts of record cf
swift co
 v
hocking valley r co
 243 u s 281
second even if bakke had been unable to prove that he would have been admitted in the absence of the special program it would not follow that he lacked standing the constitutional element of standing is plaintiff s demonstration of any injury to himself that is likely to be redressed by favorable decision of his claim
warth
v
seldin
 422 u s 490 498 the trial court found such an injury apart from failure to be admitted in the university s decision not to permit bakke to compete for all 100 places in the class simply because of his race record 323 hence the constitutional requirements of art iii were met the question of bakke s admission
vel non
is merely one of relief
nor is it fatal to bakke s standing that he was not a disadvantaged applicant despite the program s purported emphasis on disadvantage it was a minority enrollment program with a secondary disadvantage element white disadvantaged students were never considered under the special program and the university acknowledges that its goal in devising the program was to increase minority enrollment
 see
e g
 110 cong rec 5255

e g
bossier parish school board
v
lemon
 370 f 2d 847 851 852 cert denied 388 u s 911
natonabah
v
board of education

355 f supp 716
724 cf
lloyd
v
regional transportation authority
 548 f 2d 1277 1284 1287 title v of rehabilitation act of 1973 29 u s c 790
et seq

piascik
v
cleveland museum of art

426 f supp 779
780 n 1 title ix of education amendments of 1972 20 u s c 1681
et seq

 section 602 as set forth in 42 u s c 2000d 1 reads as follows
 each federal department and agency which is empowered to extend federal financial assistance to any program or activity by way of grant loan or contract other than a contract of insurance or guaranty is authorized and directed to effectuate the provisions of section 2000d of this title with respect to such program or activity by issuing rules regulations or orders of general applicability which shall be consistent with achievement of the objectives of the statute authorizing the financial assistance in connection with which the action is taken no such rule regulation or order shall become effective unless and until approved by the president compliance with any requirement adopted pursuant to this section may be effected by the termination of or refusal to grant or to continue assistance under such program or activity to any recipient as to whom there has been an express finding on the record after opportunity for hearing of a failure to comply with such requirement but such termination or refusal shall be limited to the particular political entity or part thereof or other recipient as to whom such a finding has been made and shall be limited in its effect to the particular program or part thereof in which such noncompliance has been so found or by any other means authorized by law
provided however
 that no such action shall be taken until the department or agency concerned has advised the appropriate person or persons of the failure to comply with the requirement and has determined that compliance cannot be secured by voluntary means in the case of any action terminating or refusing to grant or continue assistance because of failure to comply with a requirement imposed pursuant to this section the head of the federal department or agency shall file with the committees of the house and senate having legislative jurisdiction over the program or activity involved a full written report of the circumstances and the grounds for such action no such action shall become effective until thirty days have elapsed after the filing of such report
 several comments in the debates cast doubt on the existence of any intent to create a private right of action for example representative gill stated that no private right of action was contemplated
 nowhere in this section do you find a comparable right of legal action for a person who feels he has been denied his rights to participate in the benefits of federal funds nowhere only those who have been cut off can go to court and present their claim 110 cong rec 2467
accord
id
 at 7065 6562
 for example senator humphrey stated as follows
 racial discrimination or segregation in the administration of disaster relief is particularly shocking and offensive to our sense of justice and fair play human suffering draws no color lines and the administration of help to the sufferers should not
id
 at 6547
see also
id
 at 12675 6561 2494 6047 but see
id
 at 15893 13821 10920 5266 5807
 see
e g id
 at 7064 7065 7054 7055 6543 6544 2595 2467 2468 1643 2481 2482 h r rep no 914 88th cong 1st sess pt 2 pp 24 25
 see
e g
 at 110 cong rec 2467 see also
id
 at 2766 2731 2732 2595 1527 1528
 see
e g id
 at 12675 12677 7064 7057 7062 7064 5243
 see
e g id
 at 6052 5863 5612 5251 1632 1619
 see also
id
 at 7057 13333 7057 5606 5607 5253 5863 5864 13442
 that issue has generated a considerable amount of scholarly controversy see
e g
 ely the constitutionality of reverse racial discrimination 41 u chi l rev 723 greenawalt judicial scrutiny of benign racial preference in law school admissions 75 colum l rev 559 kaplan equal justice in an unequal world equality for the negro 61 nw u l rev 363 karst horowitz affirmative action and equal protection 60 va l rev 955 o neil racial preference and higher education the larger context 60 va l rev 925 posner the defunis case and the constitutionality of preferential treatment of racial minorities 1974 sup ct rev 1 redish preferential law school admissions and the equal protection clause an analysis of the competing arguments 22 ucla l rev 343 sandalow racial preferences in higher education political responsibility and the judicial role 42 u chi l rev 653 sedler racial preference reality and the constitution bakke v regents of the university of california 17 santa clara l rev 329 seeburger a heuristic argument against preferential admissions 39 u pitt l rev 285
 petitioner defines quota as a requirement which must be met but can never be exceeded regardless of the quality of the minority applicants petitioner declares that there is no floor under the total number of minority students admitted completely unqualified students will not be admitted simply to meet a quota neither is there a ceiling since an unlimited number could be admitted through the general admissions process on this basis the special admissions program does not meet petitioner s definition of a quota
the court below foundand petitioner does not denythat white applicants could not compete for the 16 places reserved solely for the special admissions program 18 cal 3d at 44 553 p 2d at 1159 both courts below characterized this as a quota system
 moreover the university s special admissions program involves a purposeful acknowledged use of racial criteria this is not a situation in which the classification on its face is racially neutral but has a disproportionate racial impact in that situation plaintiff must establish an intent to discriminate
arlington heights
v
metropolitan housing dev corp
 429 u s 252 264 265
washington
v
davis
 426 u s 229 242 see
yick wo
v
hopkins
 118 u s 356
 after
carolene products
 the first specific reference in our decisions to the elements of discreteness and insularity appears in
minersville school district
v
gobitis
 310 u s 586 606 the next does not appear until 1970
oregon
v
mitchell
 400 u s 112 295 n 14 these elements have been relied upon in recognizing a suspect class in only one group of cases those involving aliens
e g
graham
v
richardson
 403 u s 365 372
 tussman tenbroek the equal protection of the laws 37 calif l rev 341 381
 m jones american immigration 177 246
 j higham strangers in the land g abbott the immigrant and the community p roberts the new immigration 66 73 86 91 248 261 see also e fenton immigrants and unions a case study 561 562
 members of various religious and ethnic groups primarily but not exclusively of eastern middle and southern european ancestry such as jews catholics italians greeks and slavic groups continue to be excluded from executive middle management and other job levels because of discrimination based upon their religion and or national origin 41 cfr 60 50 1

e g
 p roberts
supra
n 31 at 75 g abbott
supra
n 31 at 270 271 see generally n 31
supra
 in the view of mr justice brennan mr justice white mr justice marshall and mr justice blackmun the pliable notion of stigma is the crucial element in analyzing racial classifications see
e g post
 at 361 362 the equal protection clause is not framed in terms of stigma certainly the word has no clearly defined constitutional meaning it reflects a subjective judgment that is standardless
all
state imposed classifications that rearrange burdens and benefits on the basis of race are likely to be viewed with deep resentment by the individuals burdened the denial to innocent persons of equal rights and opportunities may outrage those so deprived and therefore may be perceived as invidious these individuals are likely to find little comfort in the notion that the deprivation they are asked to endure is merely the price of membership in the dominant majority and that its imposition is inspired by the supposedly benign purpose of aiding others one should not lightly dismiss the inherent unfairness of and the perception of mistreatment that accompanies a system of allocating benefits and privileges on the basis of skin color and ethnic origin moreover mr justice brennan mr justice white mr justice marshall and mr justice blackmun offer no principle for deciding whether preferential classifications reflect a benign remedial purpose or a malevolent stigmatic classification since they are willing in this case to accept mere
post hoc
declarations by an isolated state entitya medical school facultyunadorned by particularized findings of past discrimination to establish such a remedial purpose
 professor bickel noted the self contradiction of that view
 the lesson of the great decisions of the supreme court and the lesson of contemporary history have been the same for at least a generation discrimination on the basis of race is illegal immoral unconstitutional inherently wrong and destructive of democratic society now this is to be unlearned and we are told that this is not a matter of fundamental principle but only a matter of whose ox is gored those for whom racial equality was demanded are to be more equal than others having found support in the constitution for equality they now claim support for inequality under the same constitution a bickel the morality of consent 133
 as i am in agreement with the view that race may be taken into account as a factor in an admissions program i agree with my brothers brennan white marshall and blackmun that the portion of the judgment that would proscribe all consideration of race must be reversed see part v
infra
 but i disagree with much that is said in their opinion
they would require as a justification for a program such as petitioner s only two findings that there has been some form of discrimination against the preferred minority groups by society at large
post
 at 369 and that there is reason to believe that the disparate impact sought to be rectified by the program is the product of such discrimination
 if it was reasonable to concludeas we hold that it wasthat the failure of minorities to qualify for admission at davis under regular procedures was due principally to the effects of past discrimination then there is a reasonable likelihood that but for pervasive racial discrimination respondent would have failed to qualify for admission even in the absence of davis special admissions program
post
 at 365 366
the breadth of this hypothesis is unprecedented in our constitutional system the first step is easily taken no one denies the regrettable fact that there has been societal discrimination in this country against various racial and ethnic groups the second step however involves a speculative leap but for this discrimination by society at large bakke would have failed to qualify for admission because negro applicantsnothing is said about asians cf
e g post
 at 374 n 57would have made better scores not one word in the record supports this conclusion and the authors of the opinion offer no standard for courts to use in applying such a presumption of causation to other racial or ethnic classifications this failure is a grave one since if it may be concluded
on this record
that each of the minority groups preferred by the petitioner s special program is entitled to the benefit of the presumption it would seem difficult to determine that any of the dozens of minority groups that have suffered societal discrimination cannot also claim it in any area of social intercourse see part iv b
infra
 mr justice douglas has noted the problems associated with such inquiries
 the reservation of a proportion of the law school class for members of selected minority groups is fraught with dangers for one must immediately determine which groups are to receive such favored treatment and which are to be excluded the proportions of the class that are to be allocated to each and even the criteria by which to determine whether an individual is a member of a favored group cf
plessy
v
ferguson
 163 u s 537 549 552 there is no assurance that a common agreement can be reached and first the schools and then the courts will be buffeted with the competing claims the university of washington included filipinos but excluded chinese and japanese another school may limit its program to blacks or to blacks and chicanos once the court sanctioned racial preferences such as these it could not then wash its hands of the matter leaving it entirely in the discretion of the school for then we would have effectively overruled
sweatt
v
painter
 339 u s 629 and allowed imposition of a zero allocation but what standard is the court to apply when a rejected applicant of japanese ancestry brings suit to require the university of washington to extend the same privileges to his group? the committee might conclude that the population of washington is now 2 japanese and that japanese also constitute 2 of the bar but that had they not been handicapped by a history of discrimination japanese would now constitute 5 of the bar or 20 or alternatively the court could attempt to assess how grievously each group has suffered from discrimination and allocate proportions accordingly if that were the standard the current university of washington policy would almost surely fall for there is no western state which can claim that it has always treated japanese and chinese in a fair and evenhanded manner see
e g
yick wo
v
hopkins
 118 u s 356
terrace
v
thompson
 263 u s 197
oyama
v
california
 332 u s 633 this court has not sustained a racial classification since the wartime cases of
korematsu
v
united states
 323 u s 214 and
hirabayashi
v
united states
 320 u s 81 involving curfews and relocations imposed upon japanese americans
 nor obviously will the problem be solved if next year the law school included only japanese and chinese for then norwegians and swedes poles and italians puerto ricans and hungarians and all other groups which form this diverse nation would have just complaints
defunis
v
odegaard
 416 u s 312 337 340
 r dahl a preface to democratic theory posner
supra
n 25 at 27
 petitioner cites three lower court decisions allegedly deviating from this general rule in school desegregation cases
offermann
v
nitkowski
 378 f 2d 22
wanner
v
county school board
 357 f 2d 452
springfield school committee
v
barksdale
 348 f 2d 261 of these
wanner
involved a school system held to have been
de jure
segregated and enjoined from maintaining segregation racial districting was deemed necessary 357 f 2d at 454 cf
united jewish organizations
v
carey
 430 u s 144 in
barksdale
and
offermann
 courts did approve voluntary districting designed to eliminate discriminatory attendance patterns in neither however was there any showing that the school board planned extensive pupil transportation that might threaten liberty or privacy interests see
keyes
v
school district no 1
 413 u s 189 240 250 nor were white students deprived of an equal opportunity for education
respondent s position is wholly dissimilar to that of a pupil bused from his neighborhood school to a comparable school in another neighborhood in compliance with a desegregation decree petitioner did not arrange for respondent to attend a different medical school in order to desegregate davis medical school instead it denied him admission and may have deprived him altogether of a medical education
 every decision upholding the requirement of preferential hiring under the authority of exec order no 11246 3 cfr 339 has emphasized the existence of previous discrimination as a predicate for the imposition of a preferential remedy
contractors association of eastern pennsylvania
southern illinois builders assn
 v
ogilvie
 471 f 2d 680
joyce
v
mccrane

320 f supp 1284

weiner
v
cuyahoga community college district

19 ohio st 2d 35
249 n e 2d 907 cert denied 396 u s 1004 see also
rosetti contracting co
 v
brennan
 508 f 2d 1039 1041
associated general contractors of massachusetts inc
 v
altshuler
 490 f 2d 9 cert denied 416 u s 957
northeast constr co
 v
romney
 157 u s app d c 381 383 390 485 f 2d 752 754 761
 this case does not call into question congressionally authorized administrative actions such as consent decrees under title vii or approval of reapportionment plans under 5 of the voting rights act of 1965 42 u s c 1973c in such cases there has been detailed legislative consideration of the various indicia of previous constitutional or statutory violations
e g
south carolina
v
katzenbach
 383 u s 301 308 310 and particular administrative bodies have been charged with monitoring various activities in order to detect such violations and formulate appropriate remedies see
hampton
v
mow sun wong
 426 u s 88 103
furthermore we are not here presented with an occasion to review legislation by congress pursuant to its powers under 2 of the thirteenth amendment and 5 of the fourteenth amendment to remedy the effects of prior discrimination
katzenbach
v
morgan
 384 u s 641
jones
v
alfred h mayer co
 392 u s 409 we have previously recognized the special competence of congress to make findings with respect to the effects of identified past discrimination and its discretionary authority to take appropriate remedial measures
 petitioner also cites our decision in
morton
v
mancari
 417 u s 535 for the proposition that the state may prefer members of traditionally disadvantaged groups in
mancari
 we approved a hiring preference for qualified indians in the bureau of indian affairs of the department of the interior we observed in that case however that the legal status of the bia is
sui generis id
 at 554 indeed we found that the preference was not racial at all but an employment criterion reasonably designed to further the cause of indian self government and to make the bia more responsive to groups whose lives and activities are governed by the bia in a unique fashion
ibid
 a number of distinct subgoals have been advanced as falling under the rubric of compensation for past discrimination for example it is said that preferences for negro applicants may compensate for harm done them personally or serve to place them at economic levels they might have attained but for discrimination against their forebears greenawalt
supra
n 25 at 581 586 another view of the compensation goal is that it serves as a form of reparation by the majority to a victimized group as a whole b bittker the case for black reparations that justification for racial or ethnic preference has been subjected to much criticism
e g
 greenawalt
supra
n 25 at 581 posner
supra
n 25 at 16 17 and n 33 finally it has been argued that ethnic preferences compensate the group by providing examples of success whom other members of the group will emulate thereby advancing the group s interest and society s interest in encouraging new generations to overcome the barriers and frustrations of the past redish
supra
n 25 at 391 for purposes of analysis these subgoals need not be considered separately
racial classifications in admissions conceivably could serve a fifth purpose one which petitioner does not articulate fair appraisal of each individual s academic promise in the light of some cultural bias in grading or testing procedures to the extent that race and ethnic background were considered only to the extent of curing established inaccuracies in predicting academic performance it might be argued that there is no preference at all nothing in this record however suggests either that any of the quantitative factors considered by the medical school were culturally biased or that petitioner s special admissions program was formulated to correct for any such biases furthermore if race or ethnic background were used solely to arrive at an unbiased prediction of academic success the reservation of fixed numbers of seats would be inexplicable
 mr justice brennan mr justice white mr justice marshall and mr justice blackmun misconceive the scope of this court s holdings under title vii when they suggest that disparate impact alone is sufficient to establish a violation of that statute and by analogy other civil rights measures see
post
 at 363 366 and n 42 that this was not the meaning of title vii was made quite clear in the seminal decision in this area
griggs
v
duke power co
 401 u s 424

discriminatory preference
for any group minority or majority is precisely and only what congress has proscribed what is required by congress is the removal of
artificial arbitrary and unnecessary barriers
to employment when the barriers operate invidiously to discriminate on the basis of racial or other impermissible classification
id
 at 431
thus disparate impact is a basis for relief under title vii only if the practice in question is not founded on business necessity
ibid
 or lacks a manifest relationship to the employment in question
id
 at 432 see also
mcdonnell douglas corp
 v
green
 411 u s 792 802 803 805 806 nothing
in this record
as opposed to some of the general literature cited by mr justice brennan mr justice white mr justice marshall and mr justice blackmuneven remotely suggests that the disparate impact of the general admissions program at davis medical school resulting primarily from the sort of disparate test scores and grades set forth in n 7
supra
 is without educational justification
moreover the presumption in
griggs
that disparate impact without any showing of business justification established the existence of discrimination in violation of the statutewas based on legislative determinations wholly absent here that past discrimination had handicapped various minority groups to such an extent that disparate impact could be traced to identifiable instances of past discrimination
 to achieve equality of employment opportunities and remove barriers that have operated in the past to favor an identifiable group of white employees over other employees under the act practices procedures or tests neutral on their face and even neutral in terms of intent cannot be maintained if they operate to freeze the status quo of prior discriminatory employment practices
griggs supra
 at 429 430 see
e g
 h r rep no 914 88th cong 1st sess pt 2 p 26 see generally vaas title vii the legislative history 7 b c ind com l rev 431 the court emphasized that the act does not command that any person be hired simply because he was formerly the subject of discrimination or because he is a member of a minority group 401 u s at 430 431 indeed 703 of the act makes it clear that preferential treatment for an individual or minority group to correct an existing imbalance may not be required under title vii 42 u s c 2000e 2 thus title vii principles support the proposition that findings of identified discrimination must precede the fashioning of remedial measures embodying racial classifications
 for example the university is unable to explain its selection of only the four favored groupsnegroes mexican americans american indians and asiansfor preferential treatment the inclusion of the last group is especially curious in light of the substantial numbers of asians admitted through the regular admissions process see also n 37
supra
 the only evidence in the record with respect to such underservice is a newspaper article record 473
 it is not clear that petitioner s two track system even if adopted throughout the country would substantially increase representation of blacks in the medical profession that is the finding of a recent study by sleeth mishell black under representation in united states medical schools 297 new england j of med 1146 those authors maintain that the cause of black underrepresentation lies in the small size of the national pool of qualified black applicants in their view this problem is traceable to the poor premedical experiences of black under graduates and can be remedied effectively only by developing remedial programs for black students before they enter college
 the president of princeton university has described some of the benefits derived from a diverse student body
 great deal of learning occurs informally it occurs through interactions among students of both sexes of different races religions and backgrounds who come from cities and rural areas from various states and countries who have a wide variety of interests talents and perspectives and who are able directly or indirectly to learn from their differences and to stimulate one another to reexamine even their most deeply held assumptions about themselves and their world as a wise graduate of ours observed in commenting on this aspect of the educational process people do not learn very much when they are surrounded only by the likes of themselves

 in the nature of things it is hard to know how and when and even if this informal learning through diversity actually occurs it does not occur for everyone for many however the unplanned casual encounters with roommates fellow sufferers in an organic chemistry class student workers in the library teammates on a basketball squad or other participants in class affairs or student government can be subtle and yet powerful sources of improved understanding and personal growth bowen admissions and the relevance of race princeton alumni weekly 7 9
 graduate admissions decisions like those at the undergraduate level are concerned with assessing the potential contributions to the society of each individual candidate following his or her graduationcontributions defined in the broadest way to include the doctor and the poet the most active participant in business or government affairs and the keenest critic of all things organized the solitary scholar and the concerned parent
id
 at 10
 see manning the pursuit of fairness in admissions to higher education in carnegie council on policy studies in higher education selective admissions in higher education 19 57 59
 the admissions program at princeton has been described in similar terms
 while race is not in and of itself a consideration in determining basic qualifications and while there are obviously significant differences in background and experience among applicants of every race in some situations race can be helpful information in enabling the admission officer to understand more fully what a particular candidate has accomplishedand against what odds similarly such factors as family circumstances and previous educational opportunities may be relevant either in conjunction with race or ethnic background or on their own bowen
supra
n 48 at 8 9
for an illuminating discussion of such flexible admissions systems see manning
supra
n 50 at 57 59
 the denial to respondent of this right to individualized consideration without regard to his race is the principal evil of petitioner s special admissions program nowhere in the opinion of mr justice brennan mr justice white mr justice marshall and mr justice blackmun is this denial even addressed
 universities like the prosecutor in
swain
 may make individualized decisions in which ethnic background plays a part under a presumption of legality and legitimate educational purpose so long as the university proceeds on an individualized case by case basis there is no warrant for judicial interference in the academic process if an applicant can establish that the institution does not adhere to a policy of individual comparisons or can show that a systematic exclusion of certain groups results the presumption of legality might be overcome creating the necessity of proving legitimate educational purpose
there also are strong policy reasons that correspond to the constitutional distinction between petitioner s preference program and one that assures a measure of competition among all applicants petitioner s program will be viewed as inherently unfair by the public generally as well as by applicants for admission to state universities fairness in individual competition for opportunities especially those provided by the state is a widely cherished american ethic indeed in a broader sense an underlying assumption of the rule of law is the worthiness of a system of justice based on fairness to the individual as mr justice frankfurter declared in another connection ustice must satisfy the appearance of justice
offutt
v
united states
 348 u s 11 14
 there is no occasion for remanding the case to permit petitioner to reconstruct what might have happened if it had been operating the type of program described as legitimate in part v
supra
 cf
mt healthy city board of ed
 v
doyle
 429 u s 274 284 287 in
mt healthy
 there was considerable doubt whether protected first amendment activity had been the but for cause of doyle s protested discharge here in contrast there is no question as to the sole reason for respondent s rejectionpurposeful racial discrimination in the form of the special admissions program having injured respondent solely on the basis of an unlawful classification petitioner cannot now hypothesize that it might have
employed lawful means of achieving the same result see
arlington heights
v
metropolitan housing dev corp
 429 u s at 265 266 no one can say howor even ifpetitioner would have operated its admissions process if it had known that legitimate alternatives were available nor is there a record revealing that legitimate alternative grounds for the decision existed as there was in
mt healthy
 in sum a remand would result in fictitious recasting of past conduct
 this statement appears in the appendix to the brief for columbia university harvard university stanford university and the university of pennsylvania as
amici curiae brennan concurrence dissent footnotes we also agree with mr justice powell that a plan like the harvard plan see
ante
 at 316 318 is constitutional under our approach at least so long as the use of race to achieve an integrated student body is necessitated by the lingering effects of past discrimination
 see
plessy
v
ferguson
 163 u s 537

new orleans city park improvement assn
 v
detiege
 358 u s 54
muir
v
louisville park theatrical assn
 347 u s 971
mayor of baltimore
v
dawson
 350 u s 877
holmes
v
atlanta
 350 u s 879
gayle
v
browder
 352 u s 903
 see
green
v
county school board
 391 u s 430
 see
swann
v
charlotte mecklenburg board of education
 402 u s 1
davis
v
school comm rs of mobile county
 402 u s 33
north carolina board of education
v
swann
 402 u s 43
 see
e g
 cases collected in
monell
v
new york city dept of social services
 436 u s 658 663 n 5
 section 601 of title vi provides
 no person in the united states shall on the ground of race color or national origin be excluded from participation in be denied the benefits of or be subjected to discrimination under any program or activity receiving federal financial assistance 42 u s c 2000d
 mr justice white believes we should address the private right of action issue accordingly he has filed a separate opinion stating his view that there is no private right of action under title vi see
post
 p 379
 simple justice requires that public funds to which all taxpayers of all races contribute not be spent in any fashion which encourages entrenches subsidizes or results in racial discrimination direct discrimination by federal state or local governments is prohibited by the constitution but indirect discrimination through the use of federal funds is just as invidious and it should not be necessary to resort to the courts to prevent each individual violation congress and the executive have their responsibilities to uphold the constitution also
 many statutes providing federal financial assistance however define with such precision both the administrator s role and the conditions upon which specified amounts shall be given to designated recipients that the amount of administrative discretion remainingwhich might be used to withhold funds if discrimination were not endedis at best questionable no administrator has the unlimited authority to invoke the constitution in opposition to the mandate of the congress nor would it always be helpful to require unconditionallyas is often proposedthe withdrawal of all federal funds from programs urgently needed by negroes as well as whites for this may only penalize those who least deserve it without ending discrimination
 instead of permitting this issue to become a political device often exploited by those opposed to social or economic progress it would be better at this time to pass a single comprehensive provision making it clear that the federal government is not required under any statute to furnish any kind of financial assistanceby way of grant loan contract guaranty insurance or otherwiseto any program or activity in which racial discrimination occurs this would not permit the federal government to cut off all federal aid of all kinds as a means of punishing an area for the discrimination occurring thereinbut it would clarify the authority of any administrator with respect to federal funds or financial assistance and discriminatory practices 109 cong rec 11161
 see
e g
 110 cong rec 2732
id
 at 2481 2482
id
 at 2766
id
 at 2595
 there is also language in 42 u s c 2000d 5 enacted in 1966 which supports the conclusion that title vi s standard is that of the constitution section 2000d 5 provides that for the purpose of determining whether a local educational agency is in compliance with compliance by such agency with a final order or judgment of a federal court for the desegregation of the school or school system operated by such agency shall be deemed to be compliance with insofar as the matters covered in the order or judgment are concerned this provision was clearly intended to avoid subjecting local educational agencies simultaneously to the jurisdiction of the federal courts and the federal administrative agencies in connection with the imposition of remedial measures designed to end school segregation its inclusion reflects the congressional judgment that the requirements imposed by title vi are identical to those imposed by the constitution as interpreted by the federal courts
 as has already been seen the proponents of title vi in the house were motivated by the identical concern see remarks of representative celler representative ryan
id
 at 1643 2481 2482 h r rep no 914 88th cong 1st sess pt 2 additional views of seven representatives 24 25
 see separate opinion of mr justice white
post
 at 382 383 n 2
 these remarks also reflect the expectations of title vi s proponents that the application of the constitution to the conduct at the core of their concernthe segregation of negroes in federally funded programs and their exclusion from the full benefits of such programswas clear see
supra
 at 333 336
infra
 at 340 342 n 17
 testimony of attorney general kennedy in hearings before the senate committee on the judiciary on s 1731 and s 1750 88th cong 1st sess 398 399
 see
e g
 110 cong rec 6544 13820
id
 at 6050
id
 at 12677
 our brother stevens finds support for a colorblind theory of title vi in its legislative history but his interpretation gives undue weight to a few isolated passages from among the thousands of pages of the legislative history of title vi see
id
 at 6547
id
 at 6047 7055
id
 at 12675
id
 at 6561 these fragmentary comments fall far short of supporting a congressional intent to prohibit a racially conscious admissions program designed to assist those who are likely to have suffered injuries from the effects of past discrimination in the first place these statements must be read in the context in which they were made the concern of the speakers was far removed from the incidental injuries which may be inflicted upon non minorities by the use of racial preferences it was rather with the evil of the segregation of negroes in federally financed programs and in some cases their arbitrary exclusion on account of race from the benefits of such programs indeed in this context there can be no doubt that the fourteenth amendment does command color blindness and forbids the use of racial criteria no consideration was given by these legislators however to the permissibility of racial preference designed to redress the effects of injuries suffered as a result of one s color significantly one of the legislators senator pastore and perhaps also senator kuchel who described title vi as proscribing decisionmaking based upon skin color also made it clear that title vi does not outlaw the use of racial criteria in all circumstances see
supra
 at 339 340 110 cong rec 6562 see also
id
 at 2494 moreover there are many statements in the legislative history explicitly indicating that congress intended neither to require nor to prohibit the remedial use of racial preferences where not otherwise required or prohibited by the constitution representative macgregor addressed directly the problem of preferential treatment
 your mail and mine your contacts and mine with our constituents indicates a great degree of misunderstanding about this bill people complain about racial balancing in the public schools about open occupancy in housing about preferential treatment or quotas in employment there is a mistaken belief that congress is legislating in these areas in this bill when we drafted this bill we excluded these issues largely because the problems raised by these controversial questions are more properly handled at a governmental level close to the american people and by communities and individuals themselves the senate has spelled out our intentions more specifically
id
 at 15893
other legislators explained that the achievement of racial balance in elementary and secondary schools where there had been no segregation by law was not compelled by title vi but was rather left to the judgment of state and local communities see
e g id
 at 10920
id
 at 5807 5266
id
 at 13821 see also
id
 at 6562
id
 at 13695
much the same can be said of the scattered remarks to be found in the legislative history of title vii of the civil rights act of 1964 42 u s c 2000e
et seq
 which prohibits employment discrimination on the basis of race in terms somewhat similar to those contained in title vi see 42 u s c 2000e 2 to the effect that any deliberate attempt by an employer to maintain a racial balance is not required by the statute and might in fact violate it see
e g
 110 cong rec 7214
id
 at 6549
id
 at 2560 once again there is no indication that congress intended to bar the voluntary use of racial preferences to assist minorities to surmount the obstacles imposed by the remnants of past discrimination even assuming that title vii prohibits employers from deliberately maintaining a particular racial composition in their work force as an end in itself this does not imply in the absence of any consideration of the question that congress intended to bar the use of racial preferences as a tool for achieving the objective of remedying past discrimination or other compelling ends the former may well be contrary to the requirements of
the fourteenth amendment while the latter presents very different constitutional considerations indeed as discussed
infra
 at 353 this court has construed title vii as requiring the use of racial preferences for the purpose of hiring and advancing those who have been adversely affected by past discriminatory employment practices even at the expense of other employees innocent of discrimination
franks
v
bowman transportation co
 424 u s 747 767 768 although title vii clearly does not require employers to take action to remedy the disadvantages imposed upon racial minorities by hands other than their own such an objective is perfectly consistent with the remedial goals of the statute see
id
 at 762 770
albemarle paper co
 v
moody
 422 u s 405 418 there is no more indication in the legislative history of title vii than in that of title vi that congress desired to prohibit such affirmative action to the extent that it is permitted by the constitution yet judicial decisions as well as subsequent executive and congressional action clearly establish that title vii does not forbid race conscious remedial action see
infra
 at 353 355 and n 28
 hew has stated that the purpose of these regulations is to specify that affirmative steps to make services more equitably available are not prohibited and that such steps are required when necessary to overcome the consequences of prior discrimination 36 fed reg 23494 other federal agencies which provide financial assistance pursuant to title vi have adopted similar regulations see supplemental brief for united states as
amicus curiae
16 n 14
 moreover the president has delegated to the attorney general responsibility for coordinating the enforcement of title vi by federal departments and agencies and has directed him to assist the departments and agencies in accomplishing effective implementation exec order no 11764 3 cfr 849 accordingly the views of the solicitor general as well as those of hew that the use of racial preferences for remedial purposes is consistent with title vi are entitled to considerable respect
 hew administers at least two explicitly race conscious programs details concerning them may be found in the office of management and budget 1977 catalogue of federal domestic assistance 205 206 401 402 the first program no 13 375 minority biomedical support has as its objectives
 to increase the number of ethnic minority faculty students and investigators engaged in biomedical research to broaden the opportunities for participation in biomedical research of ethnic minority faculty students and investigators by providing support for biomedical research programs at eligible institutions
eligibility for grants under this program is limited to four year colleges universities and health professional schools with over 50 minority enrollments four year institutions with significant but not necessarily over 50 minority enrollment provided they have a history of encouragement and assistance to minorities two year colleges with 50 minority enrollment and american indian tribal councils grants made pursuant to this program are estimated to total 9 711 000 for 1977
the second program no 13 880 entitled minority access to research careers has as its objective to assist minority institutions to train greater numbers of scientists and teachers in health related fields grants under this program are made directly to individuals and to institutions for the purpose of enabling them to make grants to individuals
 h r conf rep no 95 538 p 22 123 cong rec 26188 see h j res 662 95th cong 1st sess pub l 95 205 91 stat 1460
 91 stat 117 42 u s c 6705
 123 cong rec 7156
id
 at 5327 5330
 see
id
 at 7156
 in addition to the enactment of the 10 quota provision discussed
supra
 congress has also passed other acts mandating race conscious measures to overcome disadvantages experienced by racial minorities although these statutes have less direct bearing upon the meaning of title vi they do demonstrate that congress believes race conscious remedial measures to be both permissible and desirable under at least some circumstances this in turn undercuts the likelihood that congress intended to limit voluntary efforts to implement similar measures for example 7 of the national science foundation authorization act 1977 provides
 the director of the national science foundation shall initiate an intensive search for qualified women members of minority groups and handicapped individuals to fill executive level positions in the national science foundation in carrying out the requirement of this subsection the director shall work closely with organizations which have been active in seeking greater recognition and utilization of the scientific and technical capabilities of minorities women and handicapped individuals the director shall improve the representation of minorities women and handicapped individuals on advisory committees review panels and all other mechanisms by which the scientific community provides assistance to the foundation 90 stat 2056 note following 42 u s c 1873 perhaps more importantly the act also authorizes the funding of minority centers for graduate education section 7 of the act 90 stat 2056 requires that these centers
 have substantial minority student enrollment
 are geographically located near minority population centers
 demonstrate a commitment to encouraging and assisting minority students researchers and faculty

 will serve as a regional resource in science and engineering for the minority community which the center is designed to serve and
will develop joint educational programs with nearby undergraduate institutions of higher education which have a substantial minority student enrollment
once again there is no indication in the legislative history of this act or elsewhere that congress saw any inconsistency between the race conscious nature of such legislation and the meaning of title vi and once again it is unlikely in the extreme that a congress which believed that it had commanded recipients of federal funds to be absolutely colorblind would itself expend federal funds in such a race conscious manner see also the railroad revitalization and regulatory reform act of 1976 45 u s c 801
et seq
 49 u s c 1657a
et seq
 the emergency school aid act 20 u s c 1601
et seq

 cf
griggs
v
duke power co
 401 u s 424

ibid
albemarle paper co
 v
moody
 422 u s 405

franks
v
bowman transportation co
 424 u s 747
teamsters
v
united states
 431 u s 324 executive judicial and congressional action subsequent to the passage of title vii conclusively established that the title did not bar the remedial use of race prior to the 1972 amendments to title vii a number of courts of appeals approved race conscious action to remedy the effects of employment discrimination see
e g
heat frost insulators asbestos workers
v
vogler
 407 f 2d 1047
united states
v
electrical workers
 428 f 2d 144 149 150 cert denied 400 u s 943
united states
v
sheetmetal workers
 416 f 2d 123 in 1965 the president issued exec order no 11246 3 cfr 339 which as amended by exec order no 11375 3 cfr 684 required federal contractors to take affirmative action to remedy the disproportionately low employment of racial minorities in the construction industry the attorney general issued an opinion concluding that the race consciousness required by exec order no 11246 did not conflict with title vii
 it is not correct to say that title vii prohibits employers from making race or national origin a factor for consideration at any stage in the process of obtaining employees the legal definition of discrimination is an evolving one but it is now well recognized in judicial opinions that the obligation of nondiscrimination whether imposed by statute or by the constitution does not require and in some circumstances may not permit obliviousness or indifference to the racial consequences of alternative courses of action which involve the application of outwardly neutral criteria 42 op atty gen 405 411
the federal courts agreed see
e g
contractors assn of eastern
 v
secretary of labor
 442 f 2d 159 cert denied 404 u s 854
southern illinois builders assn
 v
ogilvie
 471 f 2d 680 moreover congress in enacting the 1972 amendments to title vii explicitly considered and rejected proposals to alter exec order no 11246 and the prevailing judicial interpretations of title vii as permitting and in some circumstances requiring race conscious action see comment the philadelphia plan a study in the dynamics of executive power 39 u chi l rev 723 747 757 the section by section analysis of the 1972 amendments to title vii undertaken by the conference committee report on h r 1746 reveals a resolve to accept the then prevailing judicial interpretations of the scope of title vii
 in any area where the new law does not address itself or in any areas where a specific contrary intent is not indicated it was assumed that the present case law as developed by the courts would continue to govern the applicability and construction of title vii legislative history of the equal employment opportunity act of 1972 p 1844

united jewish organizations
v
carey
 430 u s 144 see also
id
 at 167 168
 we do not pause to debate whether our cases establish a two tier analysis a sliding scale analysis or something else altogether it is enough for present purposes that strict scrutiny is applied at least in some cases
 of course the fact that whites constitute a political majority in our nation does not necessarily mean that active judicial scrutiny of racial classifications that disadvantage whites is inappropriate cf
castaneda
v
partida
 430 u s 482 499 500
id
 at 501
 he conclusion cannot be resisted that no reason for exists except hostility to the race and nationality to which the petitioners belong the discrimination is therefore illegal
 indeed even in
plessy
v
ferguson
the court recognized that a classification by race that presumed one race to be inferior to another would have to be condemned see 163 u s at 544 551
 paradoxically petitioner s argument is supported by the cases generally thought to establish the strict scrutiny standard in race cases
hirabayashi
v
united states
 320 u s 81 and
korematsu
v
united states
 323 u s 214 in
hirabayashi
 for example the court responding to a claim that a racial classification was rational sustained a racial classification solely on the basis of a conclusion in the double negative that it could not say that facts which might have been available could afford no ground for differentiating citizens of japanese ancestry from other groups in the united states 320 u s at 101 a similar mode of analysis was followed in
korematsu
 see 323 u s at 224 even though the court stated there that racial classifications were immediately suspect and should be subject to the most rigid scrutiny
id
 at 216
 we disagree with our brother powell s suggestion
ante
 at 303 that the presence of rival groups which can claim that they too are entitled to preferential treatment distinguishes the gender cases or is relevant to the question of scope of judicial review of race classifications we are not asked to determine whether groups other than those favored by the davis program should similarly be favored all we are asked to do is to pronounce the constitutionality of what davis has done
but were we asked to decide whether any given rival groupgerman americans for examplemust constitutionally be accorded preferential treatment we do have a principled basis
ante
 at 296 for deciding this question one that is well established in our cases the davis program expressly sets out four classes which receive preferred status
ante
 at 274 the program clearly distinguishes whites but one cannot reason from this a conclusion that german americans as a national group are singled out for invidious treatment and even if the davis program had a differential impact on german americans they would have no constitutional claim unless they could prove that davis intended invidiously to discriminate against german americans see
arlington heights
v
metropolitan housing dev corp
 429 u s 252 264 265
washington
v
davis
 426 u s 229 238 241 if this could not be shown then the principle that calls for the closest scrutiny of distinctions in laws
denying
fundamental rights is inapplicable
katzenbach
v
morgan
 384 u s 641 657 and the only question is whether it was rational for davis to conclude that the groups it preferred had a greater claim to compensation than the groups it excluded see
ibid
san antonio independent school district
v
rodriguez
 411 u s 1 38 39 applying
katzenbach
test to state action intended to remove discrimination in educational opportunity thus claims of rival groups although they may create thorny political problems create relatively simple problems for the courts
 gunther the supreme court 1971 termforeword in search of evolving doctrine on a changing court a model for a newer equal protection 86 harv l rev 1 8
 in
albemarle
 we approved differential validation of employment tests see 422 u s at 435 that procedure requires that an employer must ensure that a test score of for example 50 for a minority job applicant means the same thing as a score of 50 for a nonminority applicant by implication were it determined that a test score of 50 for a minority corresponded in potential for employment to a 60 for whites the test could not be used consistently with title vii unless the employer hired minorities with scores of 50 even though he might not hire nonminority applicants with scores above 50 but below 60 thus it is clear that employers to ensure equal opportunity may have to adopt race conscious hiring practices
 indeed titles vi and vii of the civil rights act of 1964 put great emphasis on voluntarism in remedial action see
supra
 at 336 338 and significantly the equal employment opportunity commission has recently proposed guidelines authorizing employers to adopt racial preferences as a remedial measure where they have a reasonable basis for believing that they might otherwise be held in violation of title vii see 42 fed reg 64826
 he act s prohibition is not dependent upon proving past unconstitutional apportionments
 he state is powerless to minimize the consequences of racial discrimination by voters when it is regularly practiced at the polls
 our cases cannot be distinguished by suggesting as our brother powell does that in none of them was anyone deprived of the relevant benefit
ante
 at 304 our school cases have deprived whites of the neighborhood school of their choice our title vii cases have deprived nondiscriminating employees of their settled seniority expectations and
ujo
deprived the hassidim of bloc voting strength each of these injuries was constitutionally cognizable as is respondent s here
 we do not understand mr justice powell to disagree that providing a remedy for past racial prejudice can constitute a compelling purpose sufficient to meet strict scrutiny see
ante
 at 305 yet because petitioner is a corporation administering a university he would not allow it to exercise such power in the absence of judicial legislative or administrative findings of constitutional or statutory violations
ante
 at 307 while we agree that reversal in this case would follow a
fortiori
had davis been guilty of invidious racial discrimination or if a federal statute mandated that universities refrain from applying any admissions policy that had a disparate and unjustified racial impact see
e g
mcdaniel
v
barresi
 402 u s 39
franks
v
bowman transportation co
 424 u s 747 we do not think it of constitutional significance that davis has not been so adjudged
generally the manner in which a state chooses to delegate governmental functions is for it to decide cf
sweezy
v
new hampshire
 354 u s 234 256 california by constitutional provision has chosen to place authority over the operation of the university of california in the board of regents see cal const art 9 9 control over the university is to be found not in the legislature but rather in the regents who have been vested with full legislative administrative and adjudicative powers by the citizens of california see
ibid
ishimatsu
v
regents

266 cal app 2d 854
863 864
72 cal rptr 756
762 763
goldberg
v
regents

248 cal app 2d 867
874
57 cal rptr 463
468 30 op cal atty gen 162 166 this is certainly a permissible choice see
sweezy supra
 and we unlike our brother powell find nothing in the equal protection clause that requires us to depart from established principle by limiting the scope of power the regents may exercise more narrowly than the powers that may constitutionally be wielded by the assembly
because the regents can exercise plenary legislative and administrative power it elevates form over substance to insist that davis could not use race conscious remedial programs until it had been adjudged in violation of the constitution or an antidiscrimination statute for if the equal protection clause required such a violation as a predicate the regents could simply have promulgated a regulation prohibiting disparate treatment not justified by the need to admit only qualified students and could have declared davis to have been in violation of such a regulation on the basis of the exclusionary effect of the admissions policy applied during the first two years of its operation see
infra
 at 370
 equal protection analysis in the fifth amendment area is the same as that under the fourteenth amendment
buckley
v
valeo
 424 u s 1 93


 citing
weinberger
v
wiesenfeld
 420 u s 636 638 n 2

railway mail assn
 held that a state statute forbidding racial discrimination by certain labor organizations did not abridge the association s due process rights secured by the fourteenth amendment because that result would be a distortion of the policy manifested in that amendment which was adopted to prevent state legislation designed to perpetuate discrimination on the basis of race or color 326 u s at 94 that case thus established the principle that a state voluntarily could go beyond what the fourteenth amendment required in eliminating private racial discrimination
 according to 89 schools responding to a questionnaire sent to 112 medical schools substantial efforts to admit minority students did not begin until 1968 that year was the earliest year of involvement for 34 of the schools an additional 66 became involved during the years 1969 to 1973 see c odegaard minorities in medicine from receptive passivity to positive action 1966 1976 p 19 these efforts were reflected in a significant increase in the percentage of minority m d graduates the number of american negro graduates increased from 2 2 in 1970 to 3 3 in 1973 and 5 0 in 1975 significant percentage increases in the number of mexican american american indian and mainland puerto rican graduates were also recorded during those years
id
 at 40
the statistical information cited in this and the following notes was compiled by government officials or medical educators and has been brought to our attention in many of the briefs neither the parties nor the
amici
challenge the validity of the statistics alluded to in our discussion
 d reitzes negroes and medicine pp xxvii 3
 between 1955 and 1964 for example the percentage of negro physicians graduated in the united states who were trained at these schools ranged from 69 0 to 75 8 see odegaard 19
 u s dept of health education and welfare minorities and women in the health fields 7 75 22 may 1974
 u s dept of commerce bureau of the census 1970 census vol 1 pt 1 table 60
 see
ante
 at 276 n 6
 see
e g
 r wade slavery in the cities the south 1820 1860 pp 90 91
 for an example of unequal facilities in california schools see
soria
v
oxnard school dist board

386 f supp 539
542 see also r kluger simple justice
 see
e g
crawford
v
board of education

17 cal 3d 280
551 p 2d 28
soria
v
oxnard school dist board supra

spangler
v
pasadena city board of education

311 f supp 501
c wollenberg all deliberate speed segregation and exclusion in california schools 1855 1975 pp 136 177
 for example over 40 of american born negro males aged 20 to 24 residing in california in 1970 were born in the south and the statistic for females was over 48 these statistics were computed from data contained in census
supra
n 49 pt 6 california tables 139 140
 see
e g
 o neil preferential admissions equalizing the access of minority groups to higher education 80 yale l j 699 729 731
 congress and the executive have also adopted a series of race conscious programs each predicated on an understanding that equal opportunity cannot be achieved by neutrality because of the effects of past and present discrimination see
supra
 at 348 349
 negroes and chicanos alone constitute approximately 22 of california s population this percentage was computed from data contained in census
supra
n 49 pt 6 california sec 1 6 4 and table 139
 the constitutionality of the special admissions program is buttressed by its restriction to only 16 of the positions in the medical school a percentage less than that of the minority population in california see
ibid
 and to those minority applicants deemed qualified for admission and deemed likely to contribute to the medical school and the medical profession record 67 this is consistent with the goal of putting minority applicants in the position they would have been in if not for the evil of racial discrimination accordingly this case does not raise the question whether even a remedial use of race would be unconstitutional if it admitted unqualified minority applicants in preference to qualified applicants or admitted as a result of preferential consideration racial minorities in numbers significantly in excess of their proportional representation in the relevant population such programs might well be inadequately justified by the legitimate remedial objectives our allusion to the proportional percentage of minorities in the population of the state administering the program is not intended to establish either that figure or that population universe as a constitutional benchmark in this case even respondent as we understand him does not argue that if the special admissions program is otherwise constitutional the allotment of 16 places in each entering class for special admittees is unconstitutionally high
 see census
supra
n 49 sources and structure of family income pp 1 12
 this percentage was computed from data presented in b waldman economic and racial disadvantage as reflected in traditional medical school selection factors a study of 1976 applicants to u s medical schools 34 42
 this figure was computed from data contained in census
supra
n 49 pt 1 united states summary table 209
 see waldman
supra
n 60 at 10 14
 the excluded white applicant despite mr justice powell s contention to the contrary
ante
 at 318 n 52 receives no more or less individualized consideration under our approach than under his white concurrence footnotes it is also clear from
griffin
that lack of jurisdiction touching the subject matter of the litigation cannot be waived by the parties 303 u s at 229 see also
mount healthy city bd of ed
 v
doyle
 429 u s 274 278
louisville nashville r co
 v
mottley
 211 u s 149 152
mansfield c l m r co
 v
swan
 111 u s 379 382
in
lau
v
nichols
 414 u s 563 we did adjudicate a title vi claim brought by a class of individuals but the existence of a private cause of action was not at issue in addition the understanding of mr justice stewart s concurring opinion which observed that standing was not being contested was that the standing alleged by petitioners was as third party beneficiaries of the funding contract between the department of health education and welfare and the san francisco united school district a theory not alleged by the present respondent
id
 at 571 n 2 furthermore the plaintiffs in
lau
alleged jurisdiction under 42 u s c 1983 rather than directly under the provisions of title vi as does the plaintiff in this case although the court undoubtedly had an obligation to consider the jurisdictional question this is surely not the first instance in which the court has bypassed a jurisdictional problem not presented by the parties certainly the court s silence on the jurisdictional question when considered in the context of the indifference of the litigants to it and the fact that jurisdiction was alleged under 1983 does not foreclose a reasoned conclusion that title vi affords no private cause of action
 yet before that principle is implemented to the detriment of any person agency or state regulations giving notice of what conduct is required must be drawn up by the agency administering the program before such regulations become effective they must be submitted to and approved by the president
 once having become effective there is still a long road to travel before any sanction whatsoever is imposed formal action to compel compliance can only take place after the following has occurred first there must be an unsuccessful attempt to obtain voluntary compliance second there must be an administrative hearing third a written report of the circumstances and the grounds for such action must be filed with the appropriate committees of the house and senate and fourth 30 days must have elapsed between such filing and the action denying benefits under a federal program finally even that action is by no means final because it is subject to judicial review and can be further postponed by judicial action granting temporary relief pending review in order to avoid irreparable injury it would be difficult indeed to concoct any additional safeguards to incorporate in such a procedure 110 cong rec 6749
 he authority to cut off funds is hedged about with a number of procedural restrictions
 in short title vi is a reasonable moderate cautious carefully worked out solution to a situation that clearly calls for legislative action
id
 at 6544 actually
no action whatsoever
can be taken against anyone until the federal agency involved has advised the appropriate person of his failure to comply with nondiscrimination requirements and until voluntary efforts to secure compliance have failed
id
 at 1519 see also remarks of sen ribicoff
id
 at 7066 7067 sen proxmire
id
 at 8345 sen kuchel
id
 at 6562 these safeguards were incorporated into 42 u s c 2000d 1
 this court has never held that the mere receipt of federal or state funds is sufficient to make the recipient a federal or state actor in
norwood
v
harrison
 413 u s 455 private schools that received state aid were held subject to the fourteenth amendment s ban on discrimination but the court s test required tangible financial aid with a significant tendency to facilitate reinforce and support private discrimination
id
 at 466 the mandate of
burton
v
wilmington parking authority
 365 u s 715 722 to sift facts and weigh circumstances of governmental support in each case to determine whether private or state action was involved has not been abandoned for an automatic rule based on receipt of funds
contemporaneous with the congressional debates on the civil rights act was this court s decision in
griffin
v
school board
 377 u s 218 tuition grants and tax concessions were provided for parents of students in private schools which discriminated racially the court found sufficient state action but carefully limited its holding to the circumstances presented losing the prince edward schools and meanwhile contributing to the support of the private segregated white schools that took their place denied petitioners the equal protection of the laws
id
 at 232
hence neither at the time of the enactment of title vi nor at the present time to the extent this court has spoken has mere receipt of state funds created state action moreover
simkins
has not met with universal approval among the united states courts of appeals see cases cited in
greco
v
orange memorial hospital corp
 423 u s 1000 1004
 nowhere in this section do you find a comparable right of legal action for a person who feels he has been denied his rights to participate in the benefits of federal funds nowhere only those who have been cut off can go to court and present their claim 110 cong rec 2467
 good case could be made that a remedy is provided for the state or local official who is practicing discrimination but none is provided for the victim of the discrimination
id
 at 6562
 parenthetically while we favored the inclusion of the right to sue on the part of the agency the state or the facility which was deprived of federal funds we also favored the inclusion of a provision granting the right to sue to the person suffering from discrimination this was not included in the bill however both the senator from connecticut and i are grateful that our other suggestions were adopted by the justice department
id
 at 7065

ibid
 as senator ribicoff stated sometimes those eligible for federal assistance may elect to reject such aid unwilling to agree to a nondiscrimination requirement if they choose that course the responsibility is theirs
id
 at 7067
 i also join parts i iii a and v c of mr justice powell s opinion marshall concurrence dissent footnotes the history recounted here is perhaps too well known to require documentation but i must acknowledge the authorities on which i rely in retelling it j franklin from slavery to freedom r kluger simple justice c woodward the strange career of jim crow
 u s dept of commerce bureau of the census statistical abstract of the united states 65

id
 at 70

ibid
 u s dept of commerce bureau of the census current population reports series p 60 no 107 p 7
 id at 20
 u s dept of labor bureau of labor statistics employment and earnings january 1978 p 170

ibid
 u s dept of commerce bureau of the census current population reports series p 60 no 105 p 198
 u s dept of commerce bureau of the census statistical abstract
supra
 at 25

id
 at 407 408
 indeed the action of the university finds support in the regulations promulgated under title vi by the department of health education and welfare and approved by the president which authorize a federally funded institution to take affirmative steps to overcome past discrimination against groups even where the institution was not guilty of prior discrimination 45 cfr 80 3 stevens concurrence dissent footnotes four members of the court have undertaken to announce the legal and constitutional effect of this court s judgment see opinion of justices brennan white marshall and blackmun
ante
 at 324 325 it is hardly necessary to state that only a majority can speak for the court or determine what is the central meaning of any judgment of the court
 the judgment first entered by the trial court read in its entirety as follows
 it is hereby ordered adjudged and decreed
 1 defendant the regents of the university of california have judgment against plaintiff allan bakke denying the mandatory injunction requested by plaintiff ordering his admission to the university of california at davis medical school
 2 that plaintiff is entitled to have his application for admission to the medical school considered without regard to his race or the race of any other applicant and defendants are hereby restrained and enjoined from considering plaintiff s race or the race of any other applicant in passing upon his application for admission
 3 cross defendant allan bakke have judgment against cross complainant the regents of the university of california declaring that the special admissions program at the university of california at davis medical school violates the fourteenth amendment to the united states constitution article 1 section 21 of the california constitution and the federal civil rights act
 4 that plaintiff have and recover his court costs incurred herein in the sum of 217 35 app to pet for cert 120a
 in paragraph 2 the trial court ordered that plaintiff is entitled to have
his
application for admission to the medical school considered without regard to
his
race or the race of any other applicant and defendants are hereby restrained and enjoined from considering
plaintiff s
race or the race of any other applicant in passing upon
his
application for admission see n 2
supra
the only way in which this order can be broadly read as prohibiting any use of race in the admissions process apart from bakke s application is if the final his refers to any other applicant but the consistent use of the pronoun throughout the paragraph to refer to bakke makes such a reading entirely unpersuasive as does the failure of the trial court to suggest that it was issuing relief to applicants who were not parties to the suit
 appendix b to application for stay a19 a20

18 cal 3d 34
64 553 p 2d 1152 1172 the judgment of the supreme court of the state of california affirms only paragraph 3 of the trial court s judgment the supreme court s judgment reads as follows
 it is ordered adjudged and decreed by the court that the judgment of the superior court county of yolo in the above entitled cause is hereby affirmed insofar as it determines that the special admission program is invalid the judgment is reversed insofar as it denies bakke an injunction ordering that he be admitted to the university and the trial court is directed to enter judgment ordering bakke to be admitted
 bakke shall recover his costs on these appeals
 this court reviews judgments not statements in opinions
black
v
cutter laboratories
 351 u s 292 297
 from
hayburn s case
 2 dall 409 to
alma motor co
 v
timken detroit axle co
 and the hatch act case
united public workers
v
mitchell
 330 u s 75 decided this term this court has followed a policy of strict necessity in disposing of constitutional issues the earliest exemplifications too well known for repeating the history here arose in the court s refusal to render advisory opinions and in applications of the related jurisdictional policy drawn from the case and controversy limitation u s const art iii
 the policy however has not been limited to jurisdictional determinations for in addition the court developed for its own governance in the cases confessedly within its jurisdiction a series of rules under which it has avoided passing upon a large part of all the constitutional questions pressed upon it for decision thus as those rules were listed in support of the statement quoted constitutional issues affecting legislation will not be determined in friendly nonadversary proceedings in advance of the necessity of deciding them in broader terms than are required by the precise facts to which the ruling is to be applied if the record presents some other ground upon which the case may be disposed of at the instance of one who fails to show that he is injured by the statute s operation or who has availed himself of its benefits or if a construction of the statute is fairly possible by which the question may be avoided
rescue army
v
municipal court
 331 u s 549 568 569 see also
ashwander
v
tva
 297 u s 288 346 348
 the doctrine reflects both our respect for the constitution as an enduring set of principles and the deference we owe to the legislative and executive branches of government in developing solutions to complex social problems see a bickel the least dangerous branch 131
 record 29
 h r rep no 914 88th cong 1st sess pt 1 p 18
 it is apparent from the legislative history that the immediate object of title vi was to prevent federal funding of segregated facilities see
e g
 110 cong rec 1521
id
 at 6544
 in
mcdonald
v
santa fe trail transp co

the court held that title vii prohibits racial discrimination against white petitioners upon the same standards as would be applicable were they negroes 427 u s at 280 quoting from our earlier decision in
griggs
v
duke power co
 401 u s 424 431 the court reaffirmed the principle that the statute prohibit iscriminatory preference for
any
group
minority
or
majority
 427 u s at 279
 see
e g
 110 cong rec 1520
id
 at 5864
id
 at 6561
id
 at 7055
 representative abernethy s comments were typical
 title vi has been aptly described as the most harsh and unprecedented proposal contained in the bill
 it is aimed toward eliminating discrimination in federally assisted programs it contains no guideposts and no yardsticks as to what might constitute discrimination in carrying out federally aided programs and projects

 presumably the college would have to have a racially balanced staff from the dean s office to the cafeteria
 the effect of this title if enacted into law will interject race as a factor in every decision involving the selection of an individual the concept of racial imbalance would hover like a black cloud over every transaction
id
 at 1619 see also
e g id
 at 5611 5613
id
 at 9083

e g id
 at 5863 5874
 see
e g id
 at 8346
id
 at 7055 and
id
 at 6543
 see
e g
 110 cong rec 5253 and
id
 at 7102 the parallel between the prohibitions of title vi and those of the constitution was clearest with respect to the immediate goal of the actan end to federal funding of separate but equal facilities
 as in
monroe
v
pape
 365 u s 167 we have no occasion here to reach the constitutional question whether congress has the power to make municipalities liable for acts of its officers that violate the civil rights of individuals 365 u s at 191 for in interpreting the statute it is not our task to consider whether congress was mistaken in 1871 in its view of the limits of its power over municipalities rather we must construe the statute in light of the impressions under which congress did in fact act see
ries
v
lynskey
 452 f 2d at 175
moor
v
county of alameda
 411 u s 693 709
 both title vi and title vii express congress belief that in the long struggle to eliminate social prejudice and the effects of prejudice the principle of
individual
equality without regard to race or religion was one on which there could be a meeting of the minds among all races and a common national purpose see
los angeles dept of water power
v
manhart
 435 u s 702 709 this same principle of
individual
fairness is embodied in title vi
 the basic fairness of title vi is so clear that i find it difficult to understand why it should create any opposition

 private prejudices to be sure cannot be eliminated overnight however there is one area where no room at all exists for private prejudices that is the area of governmental conduct as the first mr justice harlan said in his prophetic dissenting opinion in
plessy
v
ferguson
 163 u s 537 559
 our constitution is color blind
 soi say to senatorsmust be our government
 title vi closes the gap between our purposes as a democracy and our prejudices as individuals the cuts of prejudice need healing the costs of prejudice need understanding we cannot have hostility between two great parts of our people without tragic loss in our human values
 title vi offers a place for the meeting of our minds as to federal money 110 cong rec 7063 7064
of course one of the reasons marshaled in support of the conclusion that title vi was noncontroversial was that its prohibition was already reflected in the law see
ibid

 for example private employers now under duties imposed by title vii were wholly free from the restraints imposed by the fifth and fourteenth amendments which are directed only to governmental action
in
lau
v
nichols
 414 u s 563 the government s brief stressed that the applicability of title vi does not depend upon the outcome of the equal protection analysis he statute independently proscribes the conduct challenged by petitioners and provides a discrete basis for injunctive relief brief for united states as
amicus curiae
 o t 1973 no 72 6520 p 15 the court in turn rested its decision on title vi mr justice powell takes pains to distinguish
lau
from the case at hand because the
lau
decision rested solely on the statute
ante
 at 304 see also
washington
v
davis
 426 u s 229 238 239
allen
v
state board of elections
 393 u s 544 588
 as explained by senator humphrey 601 expresses a principle imbedded in the constitutional
and
moral understanding of the times
 the purpose of title vi is to make sure that funds of the united states are not used to support racial discrimination
in many instances
the practices of segregation or discrimination which title vi seeks to end are unconstitutional
in all cases
 such discrimination is contrary to national policy and to the moral sense of the nation thus title vi is simply designed to insure that federal funds are spent in accordance with the constitution and the moral sense of the nation 110 cong rec 6544
 petitioner s attempt to rely on regulations issued by hew for a contrary reading of the statute is unpersuasive where no discriminatory policy was in effect hew s example of permissible affirmative action refers to special recruitment policies 45 cfr 80 5 this regulation which was adopted in 1973 sheds no light on the legality of the admissions program that excluded bakke in this case
 110 cong rec 6047
 record 30 31
 see
e g
lau
v
nichols supra

bossier parish school board
v
lemon
 370 f 2d 847 cert denied 388 u s 911
uzzell
v
friday
 547 f 2d 801 opinion on rehearing en bane 558 f 2d 727 cert pending no 77 635
serna
v
portales
 499 f 2d 1147 cf
chambers
v
omaha public school district
 536 f 2d 222 225 n 2 indicating doubt over whether a
money judgment
can be obtained under title vi indeed the government s brief in
lau
v
nichols supra

succinctly expressed this common assumption it is settled that petitioners have standing to enforce section 601 brief for united states as
amicus curiae
in
lau
v
nichols

o t 1973 no 72 6520 p 13 n 5
 supplemental brief for united states as
amicus curiae
24 34 the government s supplemental brief also suggests that there may be a difference between a private cause of action brought to end a particular discriminatory practice and such an action brought to cut off federal funds
id
 at 28 30 section 601 is specifically addressed to personal rights while 602the fund cutoff provisionestablishes an elaborate mechanism for
governmental
enforcement by federal agencies supplemental brief
supra
 at 28 arguably private enforcement of this elaborate mechanism would not fit within the congressional scheme see separate opinion of mr justice white
ante
 at 380 383 but bakke did not seek to cut off the university s federal funding he sought admission to medical school the difference between these two courses of action is clear and significant as the government itself states
 he grant of an injunction or a declaratory judgment in a private action would not be inconsistent with the administrative program established by section 602 a declaratory judgment or injunction against future discrimination would not raise the possibility that funds would be terminated and it would not involve bringing the forces of the executive branch to bear on state programs it therefore would not implicate the concern that led to the limitations contained in section 602 supplemental brief
supra
 at 30 n 25
the notion that a private action seeking injunctive or declaratory judgment relief is inconsistent with a federal statute that authorizes termination of funds has clearly been rejected by this court in prior cases see
rosado
v
wyman
 397 u s 397 420
 see 29 u s c 794 in particular the legislative history discussed in
lloyd
v
regional transportation authority
 548 f 2d 1277 1285 1286 20 u s c 1617 and 31 u s c 1244 of course none of these subsequent legislative enactments is necessarily reliable evidence of congress intent in 1964 in enacting title vi and the legislation was not intended to change the existing status of title vi
 framing the analysis in terms of the four part
cort
v
ash
test see 422 u s 66 78 it is clear that all four parts of the test are satisfied bakke s status as a potential beneficiary of a federally funded program definitely brings him within the class for whose
especial
benefit the statute was enacted
ibid
 a cause of action based on race discrimination has not been traditionally relegated to state law
ibid
 while a few excerpts from the voluminous legislative history suggest that congress did not intend to create a private cause of action see opinion of mr justice powell
ante
 at 283 n 18 an examination of the entire legislative history makes it clear that congress had no intention to foreclose a private right of action there is ample evidence that congress considered private causes of action to be consistent with if not essential to the legislative scheme see
e g
 remarks of senator ribicoff
 we come then to the crux of the disputehow this right should be protected and even this issue becomes clear upon the most elementary analysis if federal funds are to be dispensed on a nondiscriminatory basis the only possible remedies must fall into one of two categories first action to end discrimination or second action to end the payment of funds obviously action to end discrimination is preferable since that reaches the objective of extending the funds on a nondiscriminatory basis but if the discrimination persists and cannot be effectively terminated how else can the principle of nondiscrimination be vindicated except by nonpayment of funds? 110 cong rec 7065 see also
id
 at 5090 6543 6544
id
 at 7103 12719
id
 at 7062 7063
the congressional debates thus show a clear understanding that the principle embodied in 601 involves
personal
federal rights that administrative procedures would not for the most part be able to protect the analogy to the voting rights act of 1965 42 u s c 1973
et seq
 is clear both that act and title vi are broadly phrased in terms of personal rights both acts were drafted with broad remedial purposes in mind and the effectiveness of both acts would be severely hampered without the existence of a private remedy to supplement administrative procedures see
allen
v
state bd of elections
 393 u s 544 556 in
allen
 of course this court found a private right of action under the voting rights act",08caaf9d41b10cbf832a30238011fcc28e4d0c286093b93c72fbfc590b22bd56,50427,3216,es,genius,,2026-03-06 18:00:58.613052+00,2024
231,441,"why do you do this? when in the moment
couldn t see your behavior was toxic for me
eternal optimist i make the best of it
couldn t see your behavior was toxic for me
why do you do this? when in the moment
couldn t see your behavior was toxic for me
eternal optimist i make the best of it
couldn t see your behavior was toxic for me
why do you do this? when in the moment
couldn t see your behavior was toxic for me
eternal optimist i make the best of it
couldn t see your behavior was toxic for me",2992766f38538e4eff2fa6bb66768a3cdda32b28a6a9257095918f5e644a06ef,105,12,es,genius,,2026-03-06 09:07:15.020836+00,2023
235,446,"te gustara como nuestros cuerpos chocaran
bajo el agua nadie lo sabra
safado conmigo
que sean las olas las que escuchen mis gemidos
encima del jetski vo a rebolar pra tu

nessa onda sexy te dejo maluco

em cima do jetski vou rebolar pra tu

nessa onda sexy te deixo maluco

pe dro sam pai o ¡ !
es de vidigal fala en portugues
me subio al jetski fuerte lo agarre
el me pone mal lo hace tudo bem
hoy me voy a ahogar boca a boca salvame
dame un dame un besito brasilero exquisito
un videito material inedito
cuando todo me quito se desquito
te quiero todo mojado no se quito no se quito
tu gosta ne? de correr perigo
gosta ne? de sexo proibido
so quem vai ver sou eu e os golfinho
as onda batendo ai que delicia o barulhinho
encima del jetski vo a rebolar pra tu

nessa onda sexy te dejo maluco

e e e e e em cima do jetski vou rebolar pra tu

nessa onda sexy te deixo maluco

melody
pe dro sam io ¡ !

e o k voz
lo empiezo a rebolar
piensa que soy brasilera y vengo de argentina
nadie se compara con una latina
y quiero mas
encima del jetski
no paro de rebotar
no paro de rebotar
no paro de rebotar
encima del jetski
no paro de rebotar
no paro de rebotar
no paro de rebotar
en en encima del jetski
de jet no jet ela bota a boca e vem no mete
se tu nao vai ter match repete o que eu vou falar
vou colocar colocar colocar vou botar e tu vai tomar
vou colocar colocar colocar e e encima del jetski
vou colocar colocar colocar vou botar e tu vai tomar
vou colocar colocar colocar e e encima del jetski",b150a0f83b1b0e21ae37e4196ed7ea08476d55650bfab0a29110984a008a59ec,305,47,es,genius,,2026-03-06 09:07:38.533036+00,2026
236,447,"ando como quiero destapo botellas
tu ya andas con otro ni modo que pena
crei serias buena me voy te dejo huella
si estas bonita y todo pero mas culos que estrellas
me voy capi los plebes me esperan
saben si mucho verbo se hace lo que quiera
soy adicto a feria polvo que amanezca
hoy dejo tristeza gastando paquita gruesa
y mientras llega mi persona favorita
seguire con mi loquera los excesos las morritas
mami nunca he t nido prisa
porque ahorita vivo como artista
prendan luces camaras y accion
b llezas en cada rincon
fuerza regida viejo
como siempre viejo
por el quemacocos les vuela el pelo a las gueras
son muy sexy beliconas con corridos se alebrestan
estas barbies solo piden fiesta soy el papi que las calienta
mi lenguaje es pura seduccion aunque l amor no sirvo
y mientras llega mi persona favorita
seguire con mi loquera los excesos las morritas
mami nunca he tenido prisa
porque ahorita vivo como artista
prendan luces camaras y accion
bellezas en cada rincon
y mas culos que estrellas mija
acuerdense de",3a342060e8de057ba3631ccf31cb04e0c3278998b6525a2b997f26f86dc69248,182,28,es,genius,,2026-03-06 09:07:43.656058+00,2023
238,449,"boy
you said your phone was broken just forgot to charge it
whole outfit you re wearing god i hope it s ironic
did you just say you re finished? didn t know we started
it s all just so familiar baby what do you call it?
stupid
or is it slow?
maybe it s useless?
but there s a cuter word for it i know
man child
why you always come a running to me?
fuck my life
won t you let an innocent woman be?
never heard of self care
half your brain just ain t there
man child
why you always come a running taking all my loving from me?
why so sexy if so dumb?
and how survive the earth so long?
if i m not there it won t get done
i choose to blame your mom
man child
why you always come a running to me?
fuck my life
won t you let an innocent woman be?
never heard of self care
half your brain just ain t there
man child
why you always come a running taking all my loving from me?
i like my boys playing hard to get
and i like my men all incompetent
and i swear they choose me i m not choosing them
amen hey men
i like my boys playing hard to get
and i like my men all incompetent
and i swear they choose me i m not choosing them
amen hey men
man child
why you always come a running to me?
fuck my life
won t you let an innocent woman be?
 i like my boys playing hard to get
and i like my men all incompetent
and i swear they choose me i m not choosing them
amen hey men",6aaf71bbd55d12fc0fd996ce50b6b8a0b8a00cfee4b154d288fd97ca489d9985,297,45,es,genius,,2026-03-06 09:07:54.417163+00,2025
240,451,"quiero ganarle al tiempo contigo poderme perder
y por mas que pase y que tome distancia siempre va a volver
no quiero molestar mi amor solo llame saber
como usted se encuentra porque he buscado
y el dia esta solea o te quiero de mi o
tira o en las sabana gente no sabe
 mucho averigua o vamono otro o
en donde no camara llama no apagara
que estoy ready
ya me di par de shot y tu me pusiste debil
vamo a dejarno a media peli
que tu y somo adicto a lo mismo nos une
muchachos que me pasa? que ando feliz un lune ey
y llevo to el dia con ella mandandome sucieria ey
cuando llegue te hago mia
tu dame garantia ey
de que puedo confiar
el amor me ha hecho pasarlo mal
odias mi pasado baby normal
total tambien lo haria
baby si tu
 me disfrutaria el momento
que de ti si que no me arrepiento ey
mami
hoy el dia esta lindo
quedemono en casa baby
que el dia esta solea o te quiero de mi o
tirada en las sabana gente no sabe
 mucho averigua o vamono otro o
en donde no hayan camara llama no se apagara
ojala que lo nuestro siempre
bebe tu me tiene impaciente
vamono de aqui que muchas cosa que quiero hacerte
borro sus llamada reciente
tiempo me tomo convencerte
al estar a tu lado corro con suerte
me baila de espalda y de frente
te extrano cuando estas ausente
baby girl supe que era mia a que mire
puedo roncarle pero dire
me dio con seguir a que termine
primero boca arriba luego vire
ella fue que me ayudo a olvidar a mi ex
se que en tu corazon mi huella deje
como cuando en orilla contigo camine
el dia esta solea o te quiero de mi o
tira o en las sabana gente no sabe
 mucho averigua o vamono otro o
en donde no camara llama no apagara
y el dia esta solea o te quiero de mi o
tirada en las sabana gente no sabe
 mucho averigua o vamono otro o
en donde no hayan camara llama no se apagara
young kingz baby
te lo hice a ti en playa justo al frente de orilla
ella y no somo nada pero solo entre comilla",926f6603cf562e1b6341a78893754db39d893457e4d8986fcf0886a857f16523,389,56,es,genius,,2026-03-06 09:08:08.102081+00,2025
242,453,"ivonny tiene como 20
vive su vida como quiere
no anda buscando aprobacion ni tampoco una razon
para darse sus placeres
se soba todo el cuerpo con cremita de cereza
de lenceria solo se pone una pieza
pone salsita clasica y baila con destreza
le gusta que miren que admiren su belleza
ella es un escandalo ella te quita el oxigeno
es una obra de arte ella es punto y aparte lla es feliz con lo basico
y si vieras bailando l nto es un espectaculo
como piensa es brillante ella es impresionante todo en ella es romantico
fantastica magnifica etica exotica
magica mistica su mirada es hipnotica
unica esa mujer es iconica
te habla de sus suenos porque ella tiene metas
tambien tiene miedos pero no atormenta
es un alma libre quiere experimentar
no busca nada en nadie ella es una mujer completa
piensa que viene lo mejor aunque le han roto el corazon
ella no deja de querer aunque le duela el amor
ella es tan sensible tan discreta
tan caliente inteligente
tan sensual y aventurera
ivonny es bonita es casi perfecta
ella es un escandalo ella te quita el oxigeno
es una obra de arte ella es punto y aparte ella es feliz con lo basico
y si vieras bailando lento es un espectaculo
como piensa es brillante ella es impresionante todo en ella es romantico",d75951adc7ab1ad72667125bfeef38815ad2f8d26a8711ed4fdec4e0820556b2,229,29,es,genius,,2026-03-06 09:08:18.576+00,2025
243,454,"bellaquita
bellaquita

caliente cuando toco
cremita de vainilla con coco
quietecita como una foto
si le doy un beso quiere otro
y miro y le brillan los ojo
 te quiero comer como antojo
si no es contigo pues estoy solo
uah uah
tu va a ser mia tu vera
esa notita sube subela
cuando toco siento humedad en su cuerpo
uah uah
tu va a ser mia tu vera
esa notita sube subela
cuando toco siento humedad en su cuerpo
le hago el
 piel le rizo y le salen las ala
te ll ve a fumar al frente e playa
y sentia que sus ojo me hablaban
y nos metimo l agua
no somo surfer pero aqui estamos dando tabla
le tiro cuando estoy por el area
arena louis vuitton las sandalia
en una hamaca debajo e las palma
 tamos quemando en hojas de palma
le puse el bronceador en espalda
y las mano bajaron a las nalga
y miro y le brillan los ojo
 te quiero comer como antojo
si no es contigo pues estoy solo
uah uah
tu va a ser mia tu vera
esa notita sube subela
cuando toco siento humedad en su cuerpo
uah uah
tu va a ser mia tu vera
esa notita sube subela
cuando toco siento humedad en su cuerpo


mira ando con una amiga
dime papi
fui a casa a almorzar ahora ahora vente
cuando me va a invitar a playita?
botecito icaco palomino
y contesta por lo menos please
un like okey?
ando con una amiga que anda bellaquita
jajajaja
caliente cuando toco
cremita de vainilla con coco
quietecita como una foto
si le doy un beso quiere otro
y miro y le brillan los ojo
 te quiero comer como antojo
si no es contigo pues estoy solo
uah uah
tu va a ser mia tu vera
esa notita sube subela
cuando toco siento humedad en su cuerpo
uah uah
tu va a ser mia tu vera
esa notita sube subela
cuando toco siento humedad en su cuerpo",0266cab09d45ea61c12b647ed3bf5a8df8028147edc6a794cf080b135875ddb0,337,64,es,genius,,2026-03-06 09:08:25.338672+00,2026
245,456,"bear smash that shit
kreamly
dime como lo hace como tu me satisface
se siente muy distinto nena tu me llevas en un viaje
 me tiro contigo desde el cielo
a tu vertigo me atrevo
quiero sentir que perdi el miedo
a ver si por fin es que me entrego a amar
me tiene como un loco por besarte
sentir tu cuerpo nena a cada instante
te lo juro que e diferente
nunca antes senti tan fuerte
contigo quiero hasta muerte mami
e e e esa jevita esta enterita y tiene tremendo
culo

hey hey

esta tan linda esta tan rica y tiene tremendo
culo

hey hey

tiene cara tambien un culo
que si lo pienso me torturo
y cada ve que tu no estas cerca
quisiera tenerte al desnudo
una como tu manifeste
que me quiera y me ame como uste
una baddie y princess a ve
y sin duda
me tiro contigo desde el cielo
a tu vertigo me atrevo
quiero sentir que perdi el miedo
a ver si por fin es que me entrego a amar
me tiene como un loco por besarte
sentir tu cuerpo nena a cada instante
te lo juro que e diferente
nunca antes senti tan fuerte
contigo quiero hasta muerte mami
e e e esa jevita esta enterita y tiene tremendo
culo

hey hey

esta tan linda esta tan rica y tiene tremendo
culo

hey hey

mami no creo que como tu existan ma
a vece no puedo descifrarte es especial tu forma de amarme
manera en que me mira cuando te monta encima
por ti hasta moriria ojala siempre mia
quie quie quie quiero ese culo por eternida
tus ojitos curan mi herida
tu ere reina de ciudad
que bueno que estes en mi vida
no tiene tiempo lo dema
ellos saben que e toda mia
bobos solo miran
y el que le los bueno dia
 me tiro contigo desde el cielo
a tu vertigo me atrevo
quiero sentir que perdi el miedo
a ver si por fin es que me entrego a amar
a ver si por fin es que me entrego a amar
a ver si por fin es que me entrego",b707d7b6adc805e0621f0c276851f2317e610be5e9621d4dc773cf966878fdc8,363,60,es,genius,,2026-03-06 09:08:34.895484+00,2025
250,462,"te escribi lo que sentia y lo borre
te dije que no te amaba y lo arruine
sabiendo que
cuando te ibas solo queria besarte
me acuerdo cuando de tu casa me fui
dije que no queriendo decir que si
pero senti tu duda y me trajo duda
por estamos aqui
me dices que que y te digo que
si no somos nada entonces a que
estamos jugando? el tiempo volando
y tu sin mi no se si bien estas pasando
me dices que que y t digo que
que nos mentimos? si en l fondo se
te nota tanto que te esta matando
decir que ahora sin mi mejor estas pasando
fronteando me hice el fuerte y me apeche
tu queriendo ser mi amiga y te bese
sabes muy bien
que no podemos controlar los sentimientos
y llamo a otras olvidarme de ti
pero en mi mente te tengo en repeat
mas que una calentura baby tu disimulas
por estamos aqui
me dices que que y te digo que
si no somos nada entonces a que
estamos jugando? el tiempo volando
y tu sin mi no se si bien estas pasando
me dices que que y te digo que
que nos mentimos? si en el fondo se
te nota tanto que te esta matando
decir que ahora mejor sin mi estas pasando
rauw
como se llama este juego que estamos jugando los dos?
con hipocresia que llevamos careta nos pueden creer
tu supiste que te quiero
te digo dame banda pero me quemo por dentro
cuando estoy en romo feo
te llamo y me quedo en mudez
quedate
donde tu va ? ven donde tu va ?
que quedate
donde tu va ?
me dices que que y te digo que
que nos mentimos? si en el fondo se
te nota tanto que te esta matando
decir que ahora mejor sin mi estas pasando
me dices que que
y te digo que y te digo que que?
me dices que que
y tu sin mi no se si bien estas pasando
mami
es raul alejandro junto a the king romeo
y no se lo que tu y tenemo pero quiero que sepas que es especial
te escribi lo que sentia y lo borre
te dije que no te amaba y lo arruine
sabiendo que",4b925ebe0dbf39614a70a26c7744234f080cef336208df37a8b3ac8d1e5c8b43,385,57,es,genius,,2026-03-06 09:09:05.729878+00,2024
251,463,"como diablos vo a olvidarte si ya te vi sin ropa?
que obra de arte se que prometi que iba a alejarme
pero como quiere que me bien?
si tu no me saca de los close friends
me paso stalkeandote ver que hace
enchula o puede que se me pase
pero como quiere que me bien?
si tu no me saca de los close friends
me paso stalkeandote ver que hace
enchula o puede que se me pase
como diablo vo a olvidarte?
si cuando estoy solo y prendo lo que hago es pensarte
mami me dejaste hipnotiza o coloniza o
otra galla como tu todavia no ha pisa o
ese totito era bello precioso cute
me dejaste envicia o ey
pelinegra o blondie ma tu ere baby
dando vuelta por sanse escuchando a dei v y a ousi
to lo mio es tuyo si quiere te doy oc
quiero comerte esos labio glossy
si
esto no tiene que pasar
no
pero veo el circulito verde y me vuelvo a ilusionar
tu ere mala tu lo hace intencional
una player profesional
total esto no iba a funcionar
pero te veo y me vuelvo a ilusionar
tu ere mala tu lo hace intencional
a tu nombre me lo voy a lesionar
ta cabron que ti es normal
pero como quiere que me bien?
si tu no me saca de los close friends

dime que paso mi amor
que ya no me envia los bueno dia por manana
y en noche ante de acostarte ya no me llamas
sera que ya encontraste a alguien ma y me cambiaste?
esta cabron como de tu vida ya desapareci
que triste que termino asi que termino asi
 sera que a otro ahora le cuentas tu dia
y lo hace reir con los chiste que tu me hacia ?
no tengo stickers nuevo mami porque ya tu no me los envia
te fuiste cuando mas te queria
y ya nadie sabra lo que tu y pudo ser
que triste no conocera esa parte de mi que se que te iba a gustar
y nadie sabra lo que tu y pudo ser
que triste no conoceras esa parte de mi que a nadie le suelo mostrar",68eb2bdc4e5c71ddf80f05674c8d2fe73f20953a52b3f3d0cbf686932c6bb296,369,47,es,genius,,2026-03-06 09:09:10.629928+00,2025
252,464,"en mi vida fuiste turista
tu solo viste lo mejor de mi y no lo que sufria
te fuiste sin saber el porque el porque de mis herida
y no te tocaba a ti curarla viniste a pasarla bien
y pasamo bien
una foto bonita un atardecer hermoso
una bailaita tu cadenita de oro
estuvimo tan cerquita mirandono a los ojo
dime si viste pena de mi corazon roto
que lleva asi lleva asi mucho tiempo
que lleva asi lleva asi muchos ano
escondiendome los sentimiento
tengo miedo que me hagan mas dano
y lleva asi lleva asi mucho ti mpo
ya lleva asi lleva asi muchos ano
ey no se mi amor lo que vida t ndra
ti y mi si se pues se
y si no pues tambien vamo a disfrutar que
noche se puso bonita pero no tanto como tu
jamas y nunca como tu
en mi vida fuiste turista
tu solo viste lo mejor de mi y no lo que sufria
te fuiste sin saber el porque el porque de mis herida
y no te tocaba a ti curarla viniste a pasarla bien
y pasamo bien",0b43ab8652313e63e7eb8ec3edf87c7b021e06e95f0f91c41a84224dc6642601,190,25,es,genius,,2026-03-06 09:09:15.252277+00,2025
253,465,"rope tie a rope from the barn to the farmhouse
follow that rope through the blinding snow
rope tie a rope leave the bread by the road
or the dark dark stranger will be knocking at the door
rope tie a rope from the f to the c
d g rope tie a rope
rope tie a rope from the silent picture
to the organ player who is sitting in the dark
blackout dust bowl miles of nothing
brand new theatre armoury parlour
blackout memory children swimming
fields are flooding mother is singing
rope tie a rope from the youngest sibling
to the eldest living in the mother country
rope tie a rope they are weeks on a boat
god bless that ship the aquatania
rope tie a rope from the last word written
to the first word spoken on his safe return
rope tie a rope from yourself to your neighbour
streetlight s gone and the moon is waning
blackout bicycle midnight riders
your hands fixing halifax bombers
blackout telegram short hand lovers
stay indoors and stoke the home fires",2e1ab766c96311b84b5cf7dc60f288ee9fe155942a7cbf5e41567e51d8aa0197,181,24,es,genius,,2026-03-06 09:09:20.514136+00,2025
254,466,"zaga babe
and the real combination
kapo gangsta and ryan castro

hola como estas de guapa bebe
te luce playa te quiero mi
si no eres tu gyal dime quien
donde encuentro una asi mami donde
mala que con su belleza se esconde
que este puesta para darle fallabonden
por favor responde y dime donde
encuentro una asi donde
mala que con su belleza se esconde
que ste puesta para darle fallabonden
por favor r sponde
a mi me gustan las blonde
tiene el culo grande mami por que lo escondes ?
es de medallo y me llevo londres
dime donde estas mamacita dime donde
mami dime donde
me gustan morenas y me gustan las blonde
vamo a playita broncearno en el sunset
mami tu eres y te doy fallabonden
fallabonden
en playita con las ray ban botellita y algo fumar
dime donde esta te quiero ver bailar
mamacita ven a bailar ven a bailar
si llevo playa y se le cae toalla
si ella esta escuchando dancehall es de kapo y con ryan
tu tienes energia pura vitamina saiyan
y si te estoy gustando dime tu por que lo calla ?
donde encuentro una asi mami donde
mala que con su belleza se esconde
que este puesta para darle fallabonden
por favor responde y dime donde
encuentro una asi donde
mala que con su belleza se esconde
que este puesta para darle fallabonden
por favor responde
tu mi lady te luce cuando el sol te quema
blanquita pero te pone canela
dime si tu vas a entrar mami que quiero entrar
para verte aqui como en el tiktok
me dejaste un cuando te vi en to
mami dame un tip para hacer tan top
lanzan ryan and kapo pull up
para verte aqui como en el tiktok
me dejaste un cuando te vi en to
mami dame un tip para hacer tan top
lanzan ryan and kapo pull up
donde encuentro una asi mami donde
mala que con su belleza se esconde
que este puesta para darle fallabonden
por favor responde y dime donde
encuentro una asi donde
mala que con su belleza se esconde
que este puesta para darle fallabonden
por favor responde
mi amor si a usted gusta el dancehall o le gusta el party
tiene que llamar a kapo tiene que llamar a ryan
tiene que llamar a gangsta
que baile que mueva ese booty",eee49efd4081136a39154d1b3d8c0fdbe56fb512a74f56fa244e63688d31120d,399,61,es,genius,,2026-03-06 09:09:25.889225+00,2025
255,467,"aye bitch i ma good nigga
i can give you great dick
know you gotta nigga
we ain t gotta say shit
you ain t gotta talk
just do what i say bitch
bitches in my dm
really tryna taste this
i ain t got no time
put her on my wait list
suck a nigga gotta sibling
hey sis
i was finna fuck
but i really hate fish
i be fucking hoes on anniversary s
i ain t even mean it like that
don t take it personally
it started with bitch
tryna twerk on me
she like that vooda shit
i think she tryna put a curse on me
can i keep a secret
most certainly
block me from her gram
guess the fuck nigga heard of me
she need to use that brain at universities
b broke her shit off
she need surgery
i ain t got no heart
it ain t no hurting me
she love it when i say bitch
i do it perfectly
i got a hunnit mags
it ain t no burning me
i hit it for a good thirty
like a parking meter
ima drop the bitch off when i m done
you kissing on her lips
when my dick was on her tongue
i know it s going down
when her hair in a bun
you putting all trust in that bitch
boy you dumb
why fuck bitch?
ion know just because
you can take my number out her phone
she a buzz
million dollar nut so my dick gotta glove
say she love me
i say bitch is you on drugs
say you wanna kiss
nah bitch maybe a hug
i ain t playing house with a bitch
i do my thug
a bitch fuck with me
it s like fucking with the plug
if youn ride dick
you gone have to ride the bus
this a side nigga anthem
bitch gotta nigga
but she know i m mo handsome
this a side nigga anthem
one wrong move then a bitch getting cancelled
this a side nigga anthem
bitch gotta nigga
but she know i m mo handsome
this a side nigga anthem
one wrong move then a bitch getting cancelled
this a side nigga anthem
this a side nigga anthem
this a side nigga anthem
one wrong move then a bitch getting cancelled",3ee579c5bdad0150b7ed2fdcc00fd20375b62e1de853f31dc9249524cab03446,394,72,es,genius,,2026-03-06 09:09:31.201822+00,2023
256,468,"ae mandaram me chamar?
eta porra
vai caralho
pe pesado ne?
jeito que tu senta e gostoso demais
bebe eu quero replay
quando tu contrai tu acaba com pai
sem querer me enfeiticei
me enfeiticei me enfeiticei
me enfeiticei me enfeiticei
feiticeira faz feitico
feitic ira faz feitico
para e para e fica ponta do pe
engata marcha re
entao entao vai no chao bandida
ja que eu sou teu preferido
me enfeitica com essa bunda
que eu sei que ce gosta disso
entao vai no chao bandida
ja que eu sou teu preferido
me enfeitica com essa bunda
que eu sei que ce gosta disso
ae nunca deixe pra amanha o que tu pode fazer hoje
e agora vai vai
pedro sampaio
pe pesado ne?
jeito que tu senta e gostoso demais
bebe eu quero replay
quando tu contrai tu acaba com pai
sem querer me enfeiticei
me enfeiticei me enfeiticei
me enfeiticei me enfeiticei
feiticeira faz feitico
feiticeira faz feitico
para e para e fica ponta do pe
engata marcha re
sem querer me enfeiticei",82d05e1d32f45e5a8e041728b0009eb889be4ed4706556851b4a6c9f2a1a75e5,177,37,es,genius,,2026-03-06 09:09:35.534032+00,2025
257,469,"put her in chanel
put her in chanel
how you say you love me? you ain t put me in chanel
how you say you love me? you ain t put me in chanel
how you say you love me? you ain t put me in chanel
how you say you love me? you ain t put me in chanel
how you say you love me? you ain t put me in chanel
say you love me put me in chanel
turns out i had you turned out
what s my mood? try me come find out
one more time stop tryna read my mind
i m not her and she s not me and you re not mine
lil y ah with me
please don t both r me
flawless diamond piece

reasons that you gotta
put her in chanel
put her in chanel
how you say you love me? you ain t put me in chanel
how you say you love me? you ain t put me in chanel
how you say you love me? you ain t put me in chanel
how you say you love me? you ain t put me in chanel
how you say you love me? you ain t put me in chanel
say you love me put me in chanel
i m a big dog baby underdog baby
self made bitch you ain t upgrade me
waistline crazy mandem chase me
say you wan see me where you gon take me?
put her in chanel
put her in chanel
how you say you love me? you ain t put me in chanel
say you love me put me in chanel
walkin standing tall but still fall for me
you comin with baggage it s costin me
still don t have it all but give it all to me
come and turn me on boy go off on me
lil with me
please don t bother me
flawless diamond piece

reasons that you gotta
chorus tyla
dougie f


put her in chanel

put her in chanel
how you say you love me? you ain t put me in chanel
how you say you love me? you ain t put me in chanel
how you say you love me? you ain t put me in chanel
how you say you love me? you ain t put me in chanel
how you say you love me? you ain t put me in chanel
say you love me put me in chanel
i m a big dog baby underdog baby
self made bitch you ain t upgrade me
waistline crazy mandem chase me
say you wan see me where you gon take me?
put her in chanel
put her in chanel
how you say you love me? you ain t put me in chanel
say you love me put me in chanel
put her in chanel
put her in chanel
how you say you love me? you ain t put me in chanel
how you say you love me? you ain t put me in chanel
how you say you love me? you ain t put me in chanel
how you say you love me? you ain t put me in chanel
how you say you love me? you ain t put me in chanel
say you love me put me in chanel",98a828fadf07c80928cfcce2cb6409a3b774665e2ab473363388ae5cd3024c13,557,66,es,genius,,2026-03-06 09:09:41.984184+00,2025
387,508,"i caught you watching me under the light
can i realign?
they say it s easy to leave you behind
i don t wanna try
cut cover take that test hold courage to your chest
don t wanna wait for you don t wanna have to lose
all that i ve compromised to feel another high
i ve got to keep it down tonight
and
i was a king under your control
and
i wanna feel like you ve let me go so let me go
don t you remember how i used to like
being on the line?
i dreamed you dreamed of me calling out my name
is it worth the price?
cut cover take that test hold courage to your chest
don t wanna wait for you don t wanna have to lose
all that i ve compromised to feel another high
i ve got to keep it down tonight
and
i was a king under your control
and
i wanna feel like you ve let me go
i had to break myself to carry on
no love and no admission take this from me tonight
let s fight
let s fight
let s fight

and
i was a king under your control
and
i wanna feel like you ve let me go so let me go
let go let go let go of everything
let go let go let go of everything
let go let go let go of everything
let go let go let go of everything",ed9d7157f54d4b2ea3ba2133d3164e7f03c2dfa2fea0c638bce9ed7520a857df,252,37,es,genius,,2026-03-06 09:46:23.292311+00,2024
388,509,"i see what you re wearing there s nothing beneath it
forgive me for staring forgive me for breathing
we might not know why we might not know how
but baby tonight we re beautiful now
we re beautiful now
we re beautiful now
we might not know why we might not know how
but baby tonight we re beautiful now
we ll light up the sky we ll open the clouds
cause baby tonight we re beautiful now
we re beautiful
we re beautiful
we re beautiful
wherever it s going i m gonna chase it
what s left of this moment i m not gonna waste it
stranded together our worlds have collided
this won t be forever so why try to fight it?
we re beautiful now
we re beautiful now
we might not know why we might not know how
but baby tonight we re beautiful now
we ll light up the sky we ll open the clouds
cause baby tonight we re beautiful now
we re beautiful

we re beautiful
let s live tonight like fireflies
and one by one light up the sky
we disappear and pass the crown
you re beautiful you re beautiful
we re beautiful now
we re beautiful now
we re beautiful now
we re beautiful now
we re beautiful
we re beautiful we re beautiful now
we re beautiful now we re beautiful now
we re beautiful now we re beautiful now
we re beautiful",bddc0f6c18effe14fd5154cd0eb3a4a62f0c7dc44b0673b8e47f0ceb45a64d6a,246,38,es,genius,,2026-03-06 09:46:29.893269+00,2026
401,522,"i must be tough
i must behave i must keep fighting
don t give it up
i want to keep us compromising
open your arms and pray
to the truth that you re denying
give in to the game
to the sense that you ve been hiding
where are you taking me? i can t be blamed
i want you to want me again
is it desire
or is it love that i m feeling for you?
i want desire
cause your love only gets me abused


give me that rush
i want to show you what you ve been missing
am i enough
to keep your other lovers hidden?
where are you taking me? i can t be blamed
i want you to want me again
is it desire
or is it love that i m feeling for you?
i want desire
cause your love only gets me abused
is it desire
or is it love that i m feeling for you?
i want desire
i wanna see what you re willing to lose


you know that you ve got me you ve locked me down
you tell me you want me you need it now
you know that you ve got me you ve locked me down
you tell me you want me now
is it desire
or is it love that i m feeling for you?
i want desire
 cause your love only gets me abused
is it desire
or is it love that i m feeling for you?
i want desire
i wanna see what you re willing to lose",f8dd2a38e3f6156a3778be3e3c33b9d123750d4846092bef5f744d5c39b1b99a,264,40,es,genius,,2026-03-06 09:47:41.200137+00,2024
426,550,"hey!
hey!
hey!
hey!
hey!
hey!
hey!
hey!
hey!
hey!
hey!
hey!
hey!
hey!
hey!
hey!
i just wanna fre fre freak
i just wanna be a freak
i just wanna freak
i just wanna be a freak
i just wanna freeeaaaak
i hear you re freaky
i hear you re freaky
i hear you re freaky
and i wanna know a bit about it
i hear you re freaky
i hear you re freaky
i wanna know why you are
feeling
let s get freaky
i just wanna
i just wanna
i just wanna
i just wanna
i just wanna
i just wanna
i just wanna
i just wanna
i just wanna
i just wanna
i just wanna
i just wanna
i just wanna
i just wanna
i just wanna
i just wanna
i just wanna
i just wanna
i just wanna
i just wanna
i just wanna freak
i hear you re freaky
i hear you re freaky
just a little bit freaky
just a bit more freaky
i hear you re freaky
i hear you re freaky
just a little bit freaky
just a bit more freaky
let s get freaky
more freaky
more freaky
more freaky
more freaky
more freaky
more freaky
more freaky
more freaky
more freaky
freaky
freaky
freaky
freaky
freaky
freaky
freaky
freaky
freaky
freak
freak
freak
let s get freaky
just a little more freaky
let s get freaky
hey!
hey!
hey!
hey!
hey!
hey!
hey!
hey!
hey!
hey!
hey!
hey!
hey!
hey!
hey!",e40e5a559ecb5125e309902342b091a78bb3c9ce3321a407b22f13959b75c505,252,99,es,genius,,2026-03-06 09:50:06.75893+00,2026
427,551,"i go to loud places
to search for someone
to be quiet with
who will take me home
you go to loud places
to find someone who
will take you higher than
i took you
didn t i take you to
higher places you can t reach without me?
reach without me
i feel music in your eyes
i have never reached such heights
i go to those places
where we used to go
they seem so quiet now
i m here all alone
you go to new places
with i don t know who
and i don t know how
to follow you
higher
i take you higher and i ll take you
didn t i take you higher?
i take you higher
i take you higher and i take you
didn t i take you higher?
i take you
didn t i take you to
higher places you can t reach without me?
reach without me
i feel music in your eyes
i have never reached such heights
 i feel music in your eyes
i have never reached such heights
i feel music in your eyes
i have never reached such heights
you re in ecstasy without me
when you come down
i won t be around",a751ea13ec70c3508118984299a4f46340b42596d1538e1b02be1b4731879496,209,40,es,genius,,2026-03-06 09:50:11.086744+00,2024
432,556,"there is nothing wrong with your sound system
do not attempt to adjust the volume
we are now controlling transmission
we control the sound
there is nothing wrong with your sound system
do not attempt to adjust the volume
we can shape your perception to anything our imagination can conceive
we control the sound
there is nothing wrong with your sound system
do not attempt to adjust the volume
we are now controlling transmission
tonight we control the sound",df82c7a1877338c36bdad974aaf3aad3c6ee0110568d4aad0c12bc54c312632a,79,12,es,genius,,2026-03-06 09:50:40.831963+00,2024
531,600,"i m like the water when your ship rolled in that night
rough on the surface but you cut through like a knife
and if it was an open shut case
i never would ve known from that look on your face
lost in your current like a priceless wine
the more that you say the less i know
wherever you stray i follow
i m begging for you to take my hand
wreck my plans that s my man
life was a willow and it bent right to your wind
head on the pillow i could feel you sneakin in
as if you were a mythical thing
like you were a trophy or a champion
and there was one prize i d cheat to win
the more that you say the less i know
wherever you stray i follow
i m begging for you to take my hand
wreck my plans that s my man
you know that my train could take you home
anywhere else is hollow
i m begging for you to take my hand
wreck my plans that s my man
life was a willow and it bent right to your wind
they count me out time and time again
life was a willow and it bent right to your wind
but i come back stronger than a 90s trend
wait for the signal and i ll meet you after dark
show me the places where the others gave you scars
now this is an open shut case
i guess i should ve known from the look on your face
every bait and switch was a work of art
the more that you say the less i know
wherever you stray i follow
i m begging for you to take my hand
wreck my plans that s my man
you know that my train could take you home
anywhere else is hollow
i m begging for you to take my hand
wreck my plans that s my man
the more that you say the less i know
wherever you stray i follow
i m begging for you to take my hand
wreck my plans that s my man
you know that my train could take you home
anywhere else is hollow
i m begging for you to take my hand
wreck my plans that s my man
hey that s my man
that s my man
that s my man
every bait and switch was a work of art
that s my man
hey that s my man
i m begging for you to take my hand
wreck my plans that s my man",9af3e63c36abd1d889030ce2a037e46e70d579911f0c9879da1d19abae784e95,438,55,es,genius,,2026-03-06 10:11:34.0454+00,2024
465,638,"i stay out too late
got nothin in my brain
that s what people say mm mm
that s what people say mm mm
i go on too many dates
but i can t make them stay
at least that s what people say mm mm
that s what people say mm mm
but i keep cruisin
can t stop won t stop movin
it s like i got this music in my mind
sayin it s gonna be alright
 cause the players gonna play play play play play
and the haters gonna hate hate hate hate hate
baby i m just gonna shake shake shake shake shake
i shake it off i shake it off
heartbreakers gonna break break break break break
and the fakers gonna fake fake fake fake fake
baby i m just gonna shake shake shake shake shake
i shake it off i shake it off
i never miss a beat
i m lightnin on my feet
and that s what they don t see mm mm
that s what they don t see mm mm
i m dancin on my own
i make the moves up as i go
and that s what they don t know mm mm
that s what they don t know mm mm
but i keep cruisin
can t stop won t stop groovin
it s like i got this music in my mind
sayin it s gonna be alright
 cause the players gonna play play play play play
and the haters gonna hate hate hate hate hate
baby i m just gonna shake shake shake shake shake
i shake it off i shake it off
heartbreakers gonna break break break break break
and the fakers gonna fake fake fake fake fake
baby i m just gonna shake shake shake shake shake
i shake it off i shake it off
i shake it off i shake it off
i i i shake it off i shake it off
i i i shake it off i shake it off
i i i shake it off i shake it off
hey hey hey
just think while you ve been gettin down and out about the liars
and the dirty dirty cheats of the world
you could ve been gettin down
to this sick beat
my ex man brought his new girlfriend
she s like my god but i m just gonna shake
and to the fella over there with the hella good hair
won t you come on over baby? we can shake shake shake

cause the players gonna play play play play play
and the haters gonna hate hate hate hate hate
baby i m just gonna shake shake shake shake shake
i shake it off i shake it off
heartbreakers gonna break break break break break
and the fakers gonna fake fake fake fake fake
baby i m just gonna shake shake shake shake shake
i shake it off i shake it off
i shake it off i shake it off
i i i shake it off i shake it off
i i i shake it off i shake it off
i i i shake it off i shake it off
i shake it off i shake it off
i i i shake it off i shake it off
i i i shake it off i shake it off
i i i shake it off i shake it off",e683894e07857ab3120cdec689989fa769a23fce5d6ea971ce2d26ce9a78b95d,569,69,es,genius,,2026-03-06 10:05:04.452065+00,2024
548,653,"i remember when
i remember i remember when i lost my mind
there was something so pleasant about that place
even your emotions have an echo in so much space mm
and when you re out there without care
i was out of touch
but it wasn t because i didn t know enough
i just knew too much mm
does that make me crazy?
does that make me crazy?
does that make me crazy?
possibly
and i hope that you are having the time of your life
but think twice that s my only advice mm
come on now who do you
who do you who do you who do you think you are?
ha ha ha bless your soul
you really think you re in control?
well i think you re crazy
i think you re crazy
i think you re crazy
just like me
my heroes had the heart to lose their lives out on the limb
and all i remember is thinkin i wanna be like them mhm
ever since i was little
ever since i was little it looked like fun
and it s no coincidence i ve come
and i can die when i m done
but maybe i m crazy
maybe you re crazy
maybe we re crazy
probably
mm woah
 woo

 hoo mhm",1f6ad773ba5d0ac2fe55d53e9d0ba2bf3565e95f6ffec96347c680a4692fe328,221,35,es,genius,,2026-03-06 10:13:28.609374+00,2025
668,738,"blesse bg vegeter dans l tgv
degoute qu est ce que j ai fait ? qu est ce que j ai fait ?
encore toujours pareil il pleut de l eau d javel
ca fait de l aquarelle sur les couleurs de vie sans elle
tout coule tout coule sur moi sur douleur de vie sans toi
tout roule tout roule pour toi ouh
j suis comme un son que t aurais pas shazam
j suis comme un con dans c meli melo drame
ca fait si mal alors qu ca fait pas longtime
j suis comme ce son que t aurais pas shazam
j suis comme un con dans c meli melo drame
c st donc derniere fois qu on s raccompagne
poch s pleines surtout sous les yeux
babe tu m as fait trop d peine j ai meme pleure dieu
je t ai dit je t aime plus d une fois ou deux
mais moi j ai dit je t aime a un homme pas deux
tu m donnes le blues d hiver
j suis dans un etoile mais j repense a hier
galeres et rer
si ton pied c est mon pied pourquoi tout foutre en l air ?
j suis comme ce son que t aurais pas shazam
y a ton odeur dans mon lit dans mes draps
j ai jamais vraiment ete ta valentine
j suis comme ce son que t aurais pas shazam
y a ton odeur dans mon lit dans mes draps
j ai jamais vraiment ete ta valentine
c est tout a ton bonheur de m vouloir du mal
moi j suis venu pour l amour pas pour l tribunal
je plaide coupable de toute facon
y a l enfance dans l equation

toudididi toudididi didididi
toudidididi dididi dou
j suis comme un son que t aurais pas shazam
j suis comme un con dans c meli melo drame
ca fait si mal alors qu ca fait pas longtime
j suis comme ce son que t aurais pas shazam
y a ton odeur dans mon lit dans mes draps
j ai jamais vraiment ete ta valentine",c3a957baa34d1acd0c2723b38fcc85c9f971db144661743caa7db34322eea808,355,38,es,genius,,2026-03-06 11:45:18.158392+00,2025
652,739,"senden gecemiyorum ben hala
kusura bakma ozledim ama soyleyemiyorum
her detay n akl mda unutmam asla
cok ictim onumu goremiyorum
senden gecemiyorum ben hala
kusura bakma ozledim ama soyleyemiyorum
her detay n akl mda unutmam asla
cok ictim onumu goremiyorum
bizde ayn her sey oyle b rakt g n gibi
evet hala duzeltmedim uyku duzenimi
ne arayan var ne soran var senden sonra beni
galiba bilememisim senin k ymetini
ama allah var seni cok ozledim
daha dur anlatma doluyo gozlerim
yalan m yok yalan m yok
s nsiz beni ben de s vmedim
senden gecemiyorum ben hala
kusura bakma ozledim ama soyleyemiyorum
her detay n akl mda unutmam asla
cok ictim onumu goremiyorum
senden gecemiyorum ben hala
kusura bakma ozledim ama soyleyemiyorum
her detay n akl mda unutmam asla
cok ictim onumu goremiyorum",d6d0cc61cd54edabeb7eeaae77348b61295966f0fdef472ca996097c2c176109,133,24,es,genius,,2026-03-06 11:43:39.271276+00,2025
653,742,"what you want i m only
what you want baby
what you want c est pour vie
dare to take me oui
encore une betise c est tout ton maquillage sur ma bouche
tu me dis que ca t excite on arrange ca dans douche
de temps en temps j aime essayer
de changer les roles a mes pieds
what you want i m only
what you want baby
what you want c est pour vie
dare to take me oui




encore des sottises c est pas vraiment c que j avais dit
j aime quand tu parles dans vi mais tais toi quand je te touche
de temps en temps j aime essayer
de changer les roles a mes pieds
what you want i m only
what you want baby
what you want c est pour vie
dare to take me oui",ef9cfe4bdd44ac93d1189f91a6a10f0f2a13273e5054f3b33c03ab7831f01a24,143,20,es,genius,,2026-03-06 11:43:47.861114+00,2026
671,745,"they say the holy water s watered down
and this town s lost its faith
our colors will fade eventually
so if our time is runnin out
day after day
we ll make the mundane our masterpiece
my my
my my love
i take one look at you
you re takin me out of the ordinary
i want you layin me down til we re dead and buried
on the edge of your knife stayin drunk on your vine
the angels up in the clouds are jealous knowin we found
somethin so out of the ordinary
you got me kissin th ground of your sanctuary
shatter me with your touch lord return m to dust
the angels up in the clouds are jealous knowin we found
hopeless hallelujah
on this side of heaven s gate
my life how do ya
breathe and take my breath away?
at your altar i will pray
you re the sculptor i m the clay
my my
you re takin me out of the ordinary
i want you layin me down til we re dead and buried
on the edge of your knife stayin drunk on your vine
the angels up in the clouds are jealous knowin we found
somethin so out of the ordinary
you got me kissing the ground of your sanctuary
shatter me with your touch lord return me to dust
the angels up in the clouds are jealous knowin we found
somethin so heavenly higher than ecstasy
whenever you re next to me my my
world was in black and white until i saw your light
i thought you had to die to find
somethin so out of the ordinary
i want you laying me down til we re dead and buried
on the edge of your knife stayin drunk on your vine
the angels up in the clouds are jealous knowin we found
somethin so out of the ordinary
you got me kissing the ground of your sanctuary
shatter me with your touch lord return me to dust
the angels up in the clouds are jealous knowin we found",84a36bd97e2b57bf2cc83a57e10be609fe6c6bb27be14828d69ef4b9eef0e62e,349,44,es,genius,,2026-03-06 11:45:34.391164+00,2025
655,747,"i m freezing outside i feel my skin tight
my coat is inside but i look up at you
i tracked your plane ride for when you re in tonight
tell me when is the next time i ll run into you?
it sounds insane right?
i ll take the same flight
wait at your bedside
i ll land right next to you
i m going stateside
where i ll see you tonight
tell me how did a girl like me get into you?


you can be my american ha ha
ha ha ha ha
is it right? i don t know
yet you re taking my control
never been abroad before
now i m knocking through your door
but you re nice so i ll stay
never met a british girl you say?
no on treats me this way
are all boys out h re the same?
what can i say? what can i do?
i m tryna be the girl that you re talking to
and maybe you can be my american ha ha boy


you can be my american ha ha boy
boy

why can t you say that you want it too?
i m flying intercontinental with you
and maybe you can be my american ha ha boy
you can be my american ha ha
all those years i put in for the american dream
is it worth all the work if you can t be here with me?
 cause i fly stockholm to
leave my feelings on the plane
worries fade away
when i hit the stage
i ve been touring stateside
kissing my swedish boy over facetime
who knew opening up would make me a headline?
boots that s my ego boost
schedule ain t been loose for a minute
i m that girl i ve been it
 woah


 chorus pinkpantheress
zara larsson

both

what can i say? what can i do?
i m tryna be the girl that you re talking to
and maybe you can be my american ha ha boy
you can be my american ha ha boy
why can t you say that you want it too?
i m flying intercontinental with you
and maybe you can be my american ha ha boy
you can be my american ha ha
is it right? i don t know
but you re taking my control
never been abroad before
now i m knocking through your door
but you re nice so i ll stay
never met a swedish girl you say?
no one treats me this way
are all boys out here the same?",389dc0ff66a28373b1c5b3aec0d04b8510acdb37f8402c0dc1cd8deb995419cd,432,62,es,genius,,2026-03-06 11:43:58.478767+00,2025
673,748,"hot like a bullet
flying too fast i couldn t catch it
heart in the casket
you always knew it
the starring role the main attraction
got cameras flashing
like
you got everybody s eyes undressing you
and i see it too

you could have anyone else you wanted to
i m beggin you
hands off gabriela gabriela
hands off gabriela
back off of my fella gabriela
back off gabriela
 cause
you could have anyone else you wanted to
i m beggin you
hands off gabriela gabriela
hands off gabriela
skin amaretto
i bet you taste just like the summer
under the covers
me in the middle
overprotective of my lover
you make me wonder
like
if you made all of these fantasies come true
what would you do?

you could have anyone else you wanted to
but i m beggin you
hands off gabriela gabriela
hands off gabriela
back off of my fella gabriela
back off gabriela
 cause
you could have anyone else you wanted to
i m beggin you
hands off gabriela gabriela
hands off gabriela



el llego conmigo y conmigo se va
sus ojos son mio no va a cambiar
me quiere a mi y no importan las demas
no no no no no no no no
el llego conmigo y conmigo se va
sus ojos son mio no va a cambiar
me quiere a mi y no importan las demas
no no no no no no no no
hands off gabriela gabriela
hands off gabriel
back off of my fella gabriela
back off gabriel
 cause
you could have anyone else you wanted to
i m beggin you
hands off gabriela gabriela
hands off gabriel",fc86f403d0d96e61d3cc522b1b22f4565bcb1b6e9b512afdc6bb16eb0df28e00,278,57,es,genius,,2026-03-06 11:45:44.776104+00,2025
656,749,"talk to me talk to me
talk to me talk to me
hm
looks like we re making up for lost time
need you to spell it out for me
bossa nova on all night
it s like a type of alchemy
introduce me to your best friend
i can come and slot right in
a satellite ain t even that far
i i kinda wonder where you are
already know i can t leave it alone
you re on my mind mm
already gave you the time and the place
so don t be shy
just come be the man i need
tell me you got something to give i want it
i kinda like it when you call me wonderful
whatever the type of talk it is come on then
i gotta know you re meant to be the man i need
talk to me talk to me
mm talk to me talk to me
be the man that i need baby
talk to me talk to me
be the man that i need need need
mm talk to me talk to me
be the man that i need baby
talk to me talk to me
be the man man man man man
i d like to think you feel the same way
but i can t tell with you sometimes
so baby let s get on the same page
stop making me read between the lines
already know i can t leave it alone
you re on my mind mm
already gave you the time and the place
so don t be shy
just come be the man i need
tell me you got something to give i want it
i kinda like it when you call me wonderful
whatever the type of talk it is come on then
i gotta know you re meant to be the man i need
talk to me talk to me
talk to me talk to me
mm talk to me talk to me
be the man that i need baby
talk to me talk to me
be the man that i need need need
mm talk to me talk to me
be the man that i need baby
talk to me talk to me
be the man man man man man
mm
mm mm mm mm mm
mm mm mm
mm mm mm mm mm mm mm mm mm",8b054df542c25eb5dfb00f0cacaa8fe20a84fc574d6a767454fbf3fdf6508b81,399,56,es,genius,,2026-03-06 11:44:03.114755+00,2025
657,752,"and i can t move on babydoll
waitin on calls flippin through stations
i m outclassed and it s outrageous
and i ll take it all babydoll
whatever s been weighin you down
find me on miami concrete
lookin for somebody different cause my daddy was a pimp
my mama had her issues but i miss her anyway
babydoll
please don t call me for the wrong reasons
we both know exactly what i m thinkin
weeks pass and i never grow tired
cause i never said never and i barely ever lie
i m on the road to an original place in outer space
i didn t make it up but you can t find it on a phone or a globe
and i can take you with me if you really wanna go
babydoll i can t move on
and i can t move on babydoll
waitin on calls flippin through stations
i m outclassed and it s outrageous
and i ll take it all babydoll
whatever s been weighin you down",0252d86243f2fbe2a4cd6f2ea97e74eb3e791bc9f54044c52a245ac87ca7b9c1,174,22,es,genius,,2026-03-06 11:44:10.999798+00,2023
674,753,"game start








kissy face kissy face
sent to your phone but
i m tryna kiss your lips for real
red hearts red hearts
that s what i m on
come give me somethin i can feel
don t you want me like i want you baby?
don t you need me like i need you now?
sleep tomorrow but tonight go crazy
all you gotta do is just meet me at the








it s whatever it s whatever
it s whatever you like
turn this into a club
i m talkin drink dance smoke freak party all night
 girl what s up?

don t you want me like i want you baby?
don t you need me like i need you now?
sleep tomorrow but tonight go crazy
all you gotta do is just meet me at the








hey so now you know the game
are you ready?
cause i m comin to get ya get ya get ya
hold on hold on
i m on my way

i m on my way
hold on hold on
i m on my way

i m on my way
don t you want me like i want you baby?
don t you need me like i need you now?
sleep tomorrow but tonight go crazy
all you gotta do is just meet me at the
chorus rose bruno mars
rose

bruno mars




just meet me at the




just meet me at the




just meet me at the",32b55bfb03cd7300221e4ecb761e6fc7763feadae35effefa87ee2239edbbf7c,245,39,es,genius,,2026-03-06 11:45:53.98815+00,2025
658,756,"dites moi d ou il vient
enfin je saurai ou je vais
maman dit que lorsqu on cherche bien
on finit toujours par trouver
elle dit qu il n est jamais tres loin
qu il part tres souvent travailler
maman dit travailler c est bien
bien mieux qu etre mal accompagne
pas vrai?
ou est ton papa?
dis moi ou est ton papa?
sans meme devoir lui parler
il sait ce qui ne va pas
sacre papa
dis moi ou es tu cache? ca doit
faire au moins mille fois que j ai
compte mes doigts hey
ou t es papaoutai?
ou t es papaoutai?
ou t es papaoutai?
ou t es ou t es ou papaoutai?
ou t es papaoutai?
ou t es papaoutai?
ou t es papaoutai?
ou t es ou t es ou papaoutai?
ou t s
quoi qu on y croit ou pas
y aura bien un jour ou on n y croira plus
un jour ou l autre on sera tous papa
et d un jour a l autr on aura disparu
serons nous detestables?
serons nous admirables?
des geniteurs ou des genies?
dites nous qui donne naissance aux irresponsables?
dites nous qui tiens
tout le monde sait comment on fait des bebes
mais personne sait comment on fait des papas
monsieur je sais tout en aurait herite c est ca
faut l sucer d son pouce ou quoi?
dites nous ou c est cache ca doit
faire au moins mille fois qu on a
bouffe nos doigts hey
ou t es papaoutai?
ou t es papaoutai?
ou t es papaoutai?
ou t es ou t es ou papaoutai?
ou t es papaoutai?
ou t es papaoutai?
ou t es papaoutai?
ou t es ou t es ou papaoutai?
ou t es
ou est ton papa?
dis moi ou est ton papa?
sans meme devoir lui parler
il sait ce qui ne va pas
sacre papa
dis moi ou es tu cache? ca doit
faire au moins mille fois que j ai
compte mes doigts hey
ou est ton papa?
dis moi ou est ton papa?
sans meme devoir lui parler
il sait ce qui ne va pas
sacre papa
dis moi ou es tu cache? ca doit
faire au moins mille fois que j ai
compte mes doigts hey
ou t es papaoutai?
ou t es papaoutai?
ou t es papaoutai?
ou t es ou t es ou t es?
ou t es?
ou t es?
ou t es?
ou t es?
ou t es?",615a48f883fa1e62d672544ddc4bc609972212a7ec670ab4372344ecdd3b321e,421,76,es,genius,,2026-03-06 11:44:18.949018+00,2025
661,761,"l a m a n o rien a tter gra bande de haineux

maximum beats
t inquiete ouais t inquiete
t es plus belle ouais plus belle de mon tel
artificielle mais qui tire les ficelles ?
j suis comme en laisse je sens que
parfois comme l oseille tu t en vas
ce soir tu m as laisse sans voix
moi j veux une parisienn parisienn
qui traverse au feu vert qui s en fout d tour eiffel
une parisienne parisienne
qui traverse au feu vert qui s en fout d tour eiffel
c est c est warano r a t touch
tu fais pas parti d chora
elle aime les mecs en ce pla avec de l aura tu l auras
champs elysees balade vers les champs elysees
bebe les porcs m ont localise prends le volant j suis alcoolise
elle active les lumieres tami elle a elle active les lumieres tamisees
avec moi quand c etait misere elle veut du serieux pas s amuser
ma parisienne elle veut et moi aussi
elle est tombee du ciel elle est canon comme pas possible
moi j veux une parisienne parisienne
qui traverse au feu vert qui s en fout d tour eiffel
une parisienne parisienne
qui traverse au feu vert qui s en fout d tour eiffel
avenue montaigne rien d personnel
mais trop d professionnels ca m lache pas d une semelle
ca va couper j ai l excuse du tunnel
numero uno encore cette semaine
parfois comme l oseille tu t en vas
ce soir tu m as laisse sans voix
moi j veux une parisienne parisienne
qui traverse au feu vert qui s en fout d tour eiffel
une parisienne parisienne
qui traverse au feu vert qui s en fout d tour eiffel
ce soir j vais tout plier on sort les gros billets
appelle les pompiers pompiers pompiers
et ce soir j vais tout plier on sort les gros billets
appelle les pompiers pompiers pompiers
j ai dit ce soir j vais tout plier papa
on sort les gros billets mama
appelle les pompiers pompiers pompiers",b7d2ae483b0ffe8b7a51f8db3ac3313ebac3e1fd7840f65545b9c47b0f458035,351,42,es,genius,,2026-03-06 11:44:34.126694+00,2025
679,764,"e ela desce ela sobe no baile e pressao
mina linda perigosa rouba meu coracao
vai quicando vai jogando nao pede a razao
no batidao no batidao so por a tentacao
ela desce ela sobe no baile e pressao
mina linda perigosa rouba meu coracao ao
ela desce ela sobe no baile e pressao
mina linda perigosa rouba meu coracao
ela desce ela sobe no baile e pressao
mina linda perigosa rouba meu coracao
vai quicando vai jogando nao pede a razao
no batidao no batidao so por a tentacao
desce ela sobe no baile e pressao
mina linda perigosa rouba meu coracao
ela desce ela sobe no baile e pressao
mina linda perigosa rouba meu coracao
ela desce ela sobe no baile e pressao
mina linda perigosa rouba meu coracao
vai quicando vai jogando nao pede a razao
no batidao no batidao so por a tentacao",786bd938930223042bca97dc9241fcb37b70c52c006a4d1ed1ab74cf8db56e4b,147,20,es,genius,,2026-03-06 11:46:18.717675+00,2025
682,765,"how did you know
i was hoping for a sign?
my heart was so
close to closing time
somethin bout you hit me like a freight train to the chest
the day we met
my loneliness
left the room the second that you walked in somethin like a fever dream
haven t slept in weeks i think i m seeing things
like our shadows dancing us out of our clothes
i ll be damned if you love me damned if you don t
maybe it s fate maybe it s late
told you i ain t no liar
watching you leave s haunting my dreams
baby it hit me like a fr ight train to the chest
the day w met
my loneliness
left the room the second that you walked in somethin like a fever dream
haven t slept in weeks i think i m seeing things
like our shadows dancing us out of our clothes
i ll be damned if you love me damned if you don t
one foot on the edge
that silhouette
i can t forget
somethin bout you hit me like a freight train to the chest
the day we met
my loneliness
left the room the second that you walked in somethin like a fever dream
haven t slept in weeks i think i m seeing things
like our shadows dancing us out of our clothes
i ll be damned if you love me damned if you don t
if you don t",1dd59256097f99b39e4f8ce64876cbf576d688bc83517665204472594eb694e0,250,32,es,genius,,2026-03-06 11:46:36.252004+00,2026
684,768,"mum mum mum mah
mum mum mum mah
mum mum mum mah
mum mum mum mah
mum mum mum mah
i wanna hold em like they do in texas please
fold em let em hit me raise it baby stay with me
lovegame intuition play the cards with spades to start
and after he s been hooked i ll play the one that s on his heart
woah

i ll get him hot show him what i ve got
woah

i ll get him hot show him what i ve got
can t read my can t read my
no he can t read my poker face

can t read my can t read my
no he can t read my poker face

p p p poker face f f fuck her face

p p p poker face f f fuck her face

i wanna roll with him a hard pair we will be
a little gamblin is fun when you re with me
russian roulette is not the same without a gun
and baby when it s love if it s not rough it isn t fun fun
woah

i ll get him hot show him what i ve got
woah

i ll get him hot show him what i ve got
can t read my can t read my
no he can t read my poker face

can t read my can t read my
no he can t read my poker face

p p p poker face f f fuck her face

p p p poker face f f fuck her face



i won t tell you that i love you
kiss or hug you
cause i m bluffin with my muffin
i m not lyin i m just stunnin with my love glue gunnin
just like a chick in the casino
take your bank before i pay you out
i promise this promise this
this hand cause i m marvelous
can t read my can t read my
no he can t read my poker face

can t read my can t read my
no he can t read my poker face

can t read my can t read my
no he can t read my poker face

can t read my can t read my
no he can t read my poker face

can t read my can t read my
no he can t read my poker face

can t read my can t read my
no he can t read my poker face

p p p poker face f f fuck her face
p p p poker face f f fuck her face

p p p poker face f f fuck her face

p p p poker face f f fuck her face

p p p poker face f f fuck her face

p p p poker face f f fuck her face",4faa24b4f8ba672e5877d6636483079506486d327e0867dca2a608a0068a70c3,480,59,es,genius,,2026-03-06 11:46:49.537934+00,2023
700,771,"take no prisoners for me
i m told you re elevating
drinks go straight to my knees
i m sold i m going on clean
i m going on clean
i ve no more tricks up my sleeve
game called review the player
time codes and tokyo scenes
bad boys it s complicated
it s complicated
it s best you know what you don t
aperture lets the light in
it s best you know what you don t
aperture lets the light in
we belong together
it finally appears it s only love
we belong togeth r
we belong togeth r
it finally appears it s only love
we belong together
in no good state to receive
go forth ask questions later
trap doors you re toying with me
dance halls another cadence
it s best you know what you don t
aperture lets the light in
we belong together
it finally appears it s only love
we belong together
it finally appears
we belong together
it finally appears it s only love
we belong together
i won t stray from it
i don t know these spaces
time won t wait on me
i wanna know what safe is
i won t stray from it
i don t know these spaces
time won t wait on me
i won t stray from it
i don t know these spaces
time won t wait on me
i wanna know what safe is
i won t stray from it
i don t know these spaces
time won t wait on me
we belong together
it finally appears it s only love
we belong together
it finally appears
we belong together
it finally appears it s only love
we belong together",a0f9c796dbd7c89fa024c13300d4339406b1eadf525937b78cca9ddf77cb430f,290,54,es,genius,,2026-03-06 11:48:29.713021+00,2026
701,773,"see right now i need you i ll meet you somewhere now
you up now i see you i get you take care now
slow down be cool i miss you come here now
it s yours now keep it i ll hold out until now
i need you right now once i leave you i m strung out
if i get you i m slowly breaking down
and it s hard to see you but i wish you were right here
it s hard to leave you when i get you everywhere
all this time i m thinking we could never be a pair
no i don t need you but i miss you come here
and it s hard to see you but i wish you were right here
it s hard to leave you when i get you everywhere
all this time i m thinking i m strong enough to sink it
no i don t need you but i miss you come here
he love me not he loves me
he holds me tight then lets me go
he love me not he loves me
he holds me tight then lets me go
soon as you leave me we always lose connection
it s gettin messy i fiend for your affection
don t loosen your grip got a hold on me
now forever let s get back together
lord take it so far away
i pray that god we don t break
i want you to take me up and down
and round and round again
and it s hard to see you but i wish you were right here
it s hard to leave you when i get you everywhere
all this time i m thinking we could never be a pair
no i don t need you but i miss you come here
and it s hard to see you but i wish you were right here
it s hard to leave you when i get you everywhere
all this time i m thinking i m strong enough to sink it
no i don t need you but i miss you come here
he love me not he loves me
he holds me tight then lets me go
he love me not he loves me
he holds me tight then lets me go
he love me not he loves me
he holds me tight then lets me go
he love me not he loves me
he holds me tight then lets me go
you re gonna say that you re sorry at the end of the night
wake up in the morning everything s alright
at the end of the story you re holdin me tight
i don t need to worry am i out of my mind?
and it s hard to see you but i wish you were right here
 it s hard to leave you when i get you everywhere
all this time i m thinking i m strong enough to sink it
no i don t need you but i miss you come here",1c06bf8ee6232b1a57e0eaca8c28791e2f0c30a2af4fcc9f59ff7e44fb147fba,514,50,es,genius,,2026-03-06 11:48:36.178374+00,2024
704,779,"laisse moi vivre comme je veux
les pieds dans l eau et tete en feu
laisse moi vivre comme je veux
sur des nuages sous mon soleil bleu
laisse moi m envoler toucher les etoiles
froler les nuages defier mon histoire
laisse moi m egarer ou plus rien n est egal
meme dans le noir j veux sentir terre
douc ur minerale
laisse moi partir meme sans bagag s
caresser le vent
je veux embrasser le monde
le prendre dans mes mains
route est longue et les reves sont grands
j veux marcher sans fin je veux fendre l horizon
j entends les montagnes et les etoiles m attendent
laisse moi vivre comme je veux
les pieds dans l eau et tete en feu
laisse moi vivre comme je veux
sur des nuages sous mon soleil bleu
laisse moi vivre comme je veux
sous les etoiles sous lune en feu
laisse moi vivre comme je veux
loin des problemes sous mon soleil bleu
sentir l odeur de pluie sur terre
effleurer les pierres
laisse moi courir libre comme l air
laisse moi donc briller plus d un moment
rever sans frontiere
tracer des chemins que personne n eclaire
c est sur je n attendrai pas demain
ici et maintenant je me reinvente
le monde m attend
libre des ombres libre du temps
est ce que tu entends?
comme une incantation et je dis
laisse moi vivre comme je veux
les pieds dans l eau et tete en feu
laisse moi vivre comme je veux
sur des nuages sous mon soleil bleu
laisse moi vivre comme je veux
sous les etoiles sous lune en feu
laisse moi vivre comme je veux
loin des problemes sous mon soleil bleu",8df44ee08399d20f6a5b8bc2fb90604b199c7526f31775c0a31e466e4b43b4bd,287,44,es,genius,,2026-03-06 11:48:53.972089+00,2025
705,780,"for just the chance to win your heart
you could set the bar beyond the stars
i ll do anything anything you ask me to
say you want the moon
watch me learn to fly
ain t no mountain you could point to
i wouldn t climb
it s crazy but it s true
there s nothing i won t do
i d risk it all for you
to hold your hand and call you mine
i m tryna be your man til the end of time
i ll do anything anything you ask me to
i would run through a fire
just to be by your side
if your heart s on the line
you could take mine
it s crazy but it s true
there s nothing i won t do
i d risk it all for you
i would swim across the sea just to show you
sacrifice my life just to hold you
i could go on and on
to prove that you belong here in my arms
say you want the moon
watch me learn to fly
ain t no mountain you could point to
i wouldn t climb
it s crazy but it s true
there s nothing i won t do
i d risk it all for you
it s crazy but it s true
there s nothing i won t do
i d risk it all for you",f6bc11839ef391734ebfc092ec192959911c334840d93cb4d9a154a2c80d8dfb,236,34,es,genius,,2026-03-06 11:48:58.759034+00,2026
706,782,"i m not that easy to tame
you should see me under these lights all my tears turn to ice
that s the sweetest escape
every time the feeling kicks in i might stay through the night
bet you get it now
rocked that didn t i?

woah
think you re running that?
guess we gunnin back
you know i walk i talk it





so come up with me i ll take you high
that prima donna spice up your life
you know i got that shit that you like
so come up with me run up jump
watch me runnin up the place
i m already stuntin and my girls are on the way
watch me open up the place
wanna see you bumpin baby bouncin to the bass
ar you not entertained?
i ain t gotta xplain
i m with all of my sisters
got em going insane
you know we on a mission
all gas no brakes
breaking out of the system
breaking out of this cage
bet you get it now
ate that didn t i?


think you runnin that?
guess we gunnin back
you know i walk i talk it





so come up with me i ll take you high
that prima donna spice up your life
you know i got that shit that you like
so come up with me run up jump
watch me runnin up the place
i m already stuntin and my girls are on the way
watch me open up the place
wanna see you bumpin baby bouncin to the bass
blackpink in your area",20947180f1d2a1e63baf7d84e50fec29857a052cc37c1329cd76ceee16d33116,265,40,es,genius,,2026-03-06 11:49:03.948043+00,2025
689,783,"t entends ? carre
t sais j suis en mode quoi gros ? j suis en mode
dans zone j ai deja mon bebe deja mon bebe
dans zone j ai deja mon bebe deja mon bebe
guette paire j tiens le truc maintenant qu est ce qu il y a ? kichta plus grosse que ton p i b
j ai baigne dans zone j l ai pas eviter j pull up j pull up every day
on s connait a peine elle veut fermer les volets des l premier date elle fait deja l affolee
faut pas s attacher ell sait que j vais deconner calme toi ma go tout c qu tu veux j vais payer
p tite espagnole donc je parle en hola bebe t es a moi et ceux j les connais c est des p tits arh bebe t inquietes pas
story faut eviter arh faut pas s afficher
dans zone mes gars savent pas qu rn a deja son bebe
dans ma tete j ai deja mon bebe arh ca c est mon bebe
y a que moi qui sait c est qui mon bebe j te l ai dis c est mon bebe
j aime pas trop qu on parle de mon bebe arh c est seule qui m a aidee
y a que moi qui sait c est qui mon bebe j te l ai dis c est mon bebe
elle m dit me laisse pas sinon qui va t epauler ? rs6 abt j vais bientot decoller
j avoue j suis bete quelques fois j ai deconne elle m a dit rn faudrait qu t arretes de zoner
doucement tu sais qu on a tout le temps j ai quitte mon ex elle est pas comme toi
elle sait que y en a d autres elle est pas contente full bbl mais c est pas comme toi
j ai echoue donc j le referai une deuxieme fois meme si faut claquer mes talles
nuit du resto copine elle veut un contre un palace hotel cinq etoiles
story faut eviter faut pas s afficher
dans zone mes gars savent pas qu rn a deja son bebe
dans ma tete j ai deja mon bebe arh ca c est mon bebe
y a que moi qui sait c est qui mon bebe j te l ai dis c est mon bebe
j aime pas trop qu on parle de mon bebe c est seule qui m a aidee
y a que moi qui sait c est qui mon bebe j te l ai dis c est mon bebe
dans ma tete j ai deja mon bebe ca c est mon bebe
y a que moi qui sait c est qui mon bebe j te l ai dis c est mon bebe",2345817453e1c87fdcd79a808f79c94fa624f6667983176fd5073c53feb8480f,469,29,es,genius,,2026-03-06 11:47:30.73066+00,2025
707,784,"young bouba got the sauce

on se voit a midi a minuit j suis ok
on se dit a jamais quand c est fini ok
on se dit qu on s ennuie on se lie dans ce lit
ma cherie veut celui hors de prix mais ok
hysterie en serie mais j ai dit ok
on s separe on dit c est mort c est disloque
j me rappelle de toi si seulement j avais pu anticiper
j me demande encore pourquoi j ai mis du temps a m decider
j sais qu tu racontes ta vie j crois j vais finir par t bloquer
j sais qu tu racontes ta vie j crois j vais finir par te bloquer
je sens qu ca va bombarder j ai plus qu un salaire sur mon bombardier
elle m dit qu j suis anormal parce qu elle apprecie trop mon franc parler
j ai pas l time pour les problemes de c ur
j peux t le casser sans motifs trop d notifs donc je change d humeur
cdg direction les maldives
tu peux m voir au mall ou au burj khalifa j les laisse entre eux c est des traitres ces trimards
tu sais qu c est bien moi dans benz benz j les connais ces envieux ils m attendent au virage
j me rappelle de toi si seulement j avais pu anticiper
j me demande encore pourquoi j ai mis du temps a m decider
j sais qu tu racontes ta vie j crois j vais finir par t bloquer
j sais qu tu racontes ta vie j crois j vais finir par te bloquer
je sens qu ca va bombarder j ai plus qu un salaire sur mon bombardier
elle m dit qu j suis anormal parce qu elle apprecie trop mon franc parler
j fais moulala moulala moula j suis frais trop style pour fouiller ton tel
j t emmene au restau fais toi belle ton mec est chill mais il a pas d papel
200e l plein en gazoline j fume beuh pure comme marco mill
dans les shopping montaigne vendome j depense comme brigitte macron
j me rappelle de toi si seulement j avais pu anticiper
j me demande encore pourquoi j ai mis du temps a m decider
j sais qu tu racontes ta vie j crois j vais finir par t bloquer
j sais qu tu racontes ta vie j crois j vais finir par te bloquer
je sens qu ca va bombarder j ai plus qu un salaire sur mon bombardier
elle m dit qu j suis anormal parce qu elle apprecie trop mon franc parler
elles veulent pornstar cocktail de quoi pouvoir s abreuver
mais vu qu j suis une star sur paris partout j peux pas t emmener
j passe nuit au peninsula peninsula peninsula
elle me dit qu elle veut s mettre en couple desole ma cherie j suis pas dans celui
j suis plus rookie desormais donne moi le business l temps qu on mette
l apport vaut plus qu une maison wesh
j me rappelle de toi si seulement j avais pu anticiper
j me demande encore pourquoi j ai mis du temps a m decider
j sais qu tu racontes ta vie j crois j vais finir par t bloquer
j sais qu tu racontes ta vie j crois j vais finir par te bloquer
je sens qu ca va bombarder j ai plus qu un salaire sur mon bombardier
elle m dit qu j suis anormal parce qu elle apprecie trop mon franc parler
je sens qu ca va bombarder j ai plus qu un salaire sur mon bombardier
elle m dit qu j suis anormal parce qu elle apprecie trop mon franc parler
ouh ih ih ouh ih ih ih ouh
ih ih ouh ih ih ih ouh",46dad40f5223be635331a6f382f81d511cc6e4a6e48769fe11ee44be00af981c,643,50,es,genius,,2026-03-06 11:49:09.156782+00,2025
690,787,"neden gitmedin?
sana ragmen kanla doldu ellerim
neden silmedin?
buna ragmen yasla doldu gozlerim
var gogsumde bi kac delik
kursun oldu sozlerin
ve yang n var yuregimde
sana ragmen olmedim
sana ragmen y k ld m her gun tamamen
gorsem her gun ozlerim
kap ndan gecsem var m d r musaaden?
ben bu yoldan donmedim
sana ragmen y k ld m her gun tamamen
gorsem her gun ozlerim
kap ndan gecsem var m d r musaaden?
ben bu yoldan donmedim
ne evimdeyim
belki elindeyim
biliyo m zaten
belki ayaktay m
sanma olmedim ben
tutmuyo m matem
sana ragmen y k ld m her gun tamamen
gorsem her gun ozlerim
kap ndan gecsem var m d r musaaden?
ben bu yoldan donmedim
sana ragmen y k ld m her gun tamamen
gorsem her gun ozlerim
kap ndan gecsem var m d r musaaden?
ben bu yoldan donmedim",2cad458e6af7e7b6c310e9e4b01c831acf9b1612dfdd100661c8778198b896ed,146,30,es,genius,,2026-03-06 11:47:38.53287+00,2025
691,789,"abracadabra abracadabra
abracadabra abracadabra
pay the toll to the angels
drawing circles in the clouds
keep your mind on the distance
when the devil turns around
hold me in your heart tonight
in the magic of the dark moonlight
save me from this empty fight
in the game of life
like a poem said by a lady in red
you hear the last few words of your life
with a haunting dance now you re both in a trance
it s time to cast your spell on the night
abracadabra amor oo
abracadabra morta oo ga ga
abracadabra abra oo
in her tongue she said death or love tonight
abracadabra abracadabra
abracadabra abracadabra
feel the beat under your feet the floor s on fir
abracadabra abracadabra
choose the road on the w st side
as the dust flies watch it burn
don t waste time on a feeling
use your passion no return
hold me in your heart tonight
in the magic of the dark moonlight
save me from this empty fight
in the game of life
like a poem said by a lady in red
you hear the last few words of your life
with a haunting dance now you re both in a trance
it s time to cast your spell on the night
abracadabra amor oo
abracadabra morta oo ga ga
abracadabra abra oo
in her tongue she said death or love tonight
abracadabra abracadabra
abracadabra abracadabra
feel the beat under your feet the floor s on fire
abracadabra abracadabra
phantom of the dance floor come to me
sing for me a sinful melody


abracadabra amor oo
abracadabra morta oo ga ga
abracadabra abra oo
in her tongue she said death or love tonight",1f7abef345fe163987bf35175a47c83cabaa8409ba97c9d61b51d31ea8c5bb49,287,48,es,genius,,2026-03-06 11:47:43.464216+00,2025
711,792,"ouais


 grint rnboi rnboi
hey hey hey hey
verre de champ verre de rose elle m a dit rn faut qu t enleves ta veste
c est pas de sac pas de cb c est pour moi ce soir c est moi qui paye
je nage ou t as pas pieds je nage ou t as pas pieds
il faut du charisme et du cran tu sais qu elle aime pas les effrayes
 soiree est sequencee soiree est sequencee
elle va finir a quatre pattes quatre pattes elle et moi on se sait
j suis comme scofield dans serie elle m appelle baby boo elle a serre
j ai pris l billet pour elle et ses copines j suis un deregleur et je l sais
elle me dit qu elle veut du love avec moi
elle sait qu ici tout s achete elle veut les preuves de virement
elle a dit donne moi tout il faut qu tu restes avec moi
elle veut qu on s appelle j suis trop busy rappelle toi
j ai menotte son c ur rdv j suis a l heure
dis moi pourquoi t as peur ?
dis moi pourquoi t as peur bebe ?
j ai menotte son c ur rdv j suis a l heure
dis moi pourquoi t as peur ?
dis moi pourquoi t as peur bebe ?
verite je n peux pas te dire trop de fierte j prefere te mentir
maintenant ma babe on n peut pas s unir t es pour mon cash j te vois venir
 relation ne veut pas s finir ma cherie love m aime a l infini
a ses copines j peux pas m affilier j crois que j suis devenu son bouclier
avec moi elle peut pas s ennuyer pas d embrouille bebe je suis nia
elle veut le faire apres le cinema
mes mes souliers christian dior mes initiales sur son collier
nos photos tu peux pas publier a vie a mort elle peut pas m oublier
elle me dit qu elle veut du love avec moi
elle sait qu ici tout s achete elle veut les preuves de virement
elle a dit donne moi tout il faut qu tu restes avec moi
elle veut qu on s appelle j suis trop busy rappelle toi
j ai menotte son c ur rdv j suis a l heure
dis moi pourquoi t as peur ?
dis moi pourquoi t as peur bebe ?
j ai menotte son c ur rdv j suis a l heure
dis moi pourquoi t as peur ?
dis moi pourquoi t as peur bebe ?
ro rolex diamond poignet gauche dans l noir elle brille ouais
elle est so sex quand ma baby se deshabille ouais
j te rechaufferai en hiver on se taille le week end
mon bebe je t aime de vie d artiste tu vas devoir t y faire

merci skyjee",7ac8cd662d3377f08db0f6d96b010ffa49deed16b34f286a2e8e042c5ce0e8c7,486,44,es,genius,,2026-03-06 11:49:31.597103+00,2026
713,796,"mc make another hit

i don t even know what she said cause she foreign
 she foreign
and she got endurance
like the way she forms
and she gon perform it
look the same in morning
she don t stop keep going
i don t even know what she said but this what i hear in my head
refrain lil uzi vert
indila

il il n est pas fou il l aime c est tout
il voit partout il l attend debout
debout une rose a main non non plus rien ne le retient
dans sa love story
dans sa love story
dans sa love story
sa love story
okay i really do get you
what i make in a day what they make in a life
is it cause that i m paid you tryna stay the night?
you keep rubbing all on my face make me feel i m your type
i guess that we on the same page cause i m just tryna strike
what i make in a day what they make in a life
is it cause that i m paid you tryna stay the night?
you keep rubbing all on my face make me feel i m your type
i guess that we on the same page cause i m just tryna strike
 refrain lil uzi vert
indila

il il n est pas fou il l aime c est tout
il voit partout il l attend debout
debout une rose a main non non plus rien ne le retient
dans sa love story
dans sa love story
dans sa love story
sa love story
i don t even know what she said cause she foreign
 she foreign
and she got endurance
like the way she forms
and she gon perform it
look the same in morning
she don t stop keep going
i don t even know what she said but this what i hear in my head",38450aaa39df99ba144a8383c2f7718b3059c563c53a8d45634f1bdfed573b63,324,44,es,genius,,2026-03-06 11:49:42.804191+00,2025
714,798,"j lui fais un boulot y a rien de personnel
elle sait s occuper d un homme sin cou j en perds l sommeil
j suis devenu bete meme fatigue j reste au tel
mais c est une pirate elle est p t etre sur sexemodel
sexemodel sexemodel
mais c est une pirate elle est p t etre sur sexemodel
ell est exceptionn lle exceptionnelle
mais c est une pirate elle est p t etre sur sexemodel
appretee maquillee tout l monde veut marier
elle compte les demandes par milliers le teint bronze vanille
footeux acteurs etrangers marbe dubai et tanger
madame aime l attention elle aime le danger
en boite nuit tous les soirs elle est bas tous les soirs
elle est pas pour les zouaves
elle a casse tous les c urs elle prefere les fessees qu les fleurs les fe fe qu les pleurs
avec elle sois pas trop sentimental
j connais a peine mais y a d ja trop d gens qui m en parlent
j lui fais un boulot y a rien de personnel
elle sait s occuper d un homme sin cou j en perds l sommeil
j suis devenu bete meme fatigue j reste au tel
mais c est une pirate elle est p t etre sur sexemodel
sexemodel sexemodel
mais c est une pirate elle est p t etre sur sexemodel
sexemodel

elle est exceptionnelle exceptionnelle
mais c est une pirate elle est p t etre sur sexemodel oui
sexemodel

j le vois de loin et j aime bien p t etre que c est l bon ?
j entends son nom dans toutes les rues et sur le pont
il m voit en pirate cause d un d il t es un con bebe
poule aux yeux d or j ai les disques j suis le comble
et moi j suis sexy mais j veux pas d corps a corps
il me dit text me veut regler nos desaccords
mais tu m vois partout dans le decor t es un con bebe
vec boss lady tu veux flirter sans accord
tu veux flirter sans accord flirter sans accord baby
j viens emballee comme un cadeau j ai les cordes
j espere que t aimes les cordes et s te plait sors les cornes baby
j ai le ficelle en triangle en bas du corps
j lui fais un boulot y a rien de personnel
elle sait s occuper d un homme sin cou j en perds l sommeil
j suis devenu bete meme fatigue j reste au tel
mais c est une pirate elle est p t etre sur sexemodel
sexemodel sexemodel
mais c est une pirate elle est p t etre sur sexemodel
sexemodel

elle est exceptionnelle exceptionnelle
mais c est une pirate elle est p t etre sur sexemodel oui
sexemode

oui
tu lu lu lu
tu lu lu lu
tu lu lu lu
tu lu lu lu",a7271a16864568ff0a7147c329387d6b75f41c9d068960d1352b1fc6b32dab3f,489,54,es,genius,,2026-03-06 11:49:46.956953+00,2026
697,801,"things fall apart
and time breaks your heart
i wasn t there but i know
she was your girl
you showed her the world
but fell out of love and you both let go
she was cryin on my shoulder
all i could do was hold her
only made us closer until july
now i know that you love me
you don t need to remind me
i should put it all behind me shouldn t i?
but i see her in the back of my mind all the time
like a fever like i m burning alive like a sign
did i cross the line?
hmm
well good things don t last
and life moves so fast
i d never ask who was better
 cause she couldn t be
more different from me
happy and free in leather
and i know that you love me
you don t need to remind me
wanna put it all behind me but baby
i see her in the back of my mind all the time
feels like a fever like i m burning alive like a sign
did i cross the line?
you say no one knows you so well
but every time you touch me i just wonder how she felt
valentine s day cryin in the hotel
i know you didn t mean to hurt me so i kept it to myself
and i wonder
do you see her in the back of your mind in my eyes?
you say no one knows you so well
but every time you touch me i just wonder how she felt
valentine s day cryin in the hotel
i know you didn t mean to hurt me so i kept it to myself",af85cafd1834b1e6bfdbd1ad8ee88067d1ad273ef71a955219ee938c9a5162c7,290,38,es,genius,,2026-03-06 11:48:14.897459+00,2024
716,802,"no that no that no that
ex on the line just as i suspected
no one really gets over me
i m unaffected why would you try to ever put me second?
you just another groupie to me now
i m out here single and i need somethin real
now i got standards give a fuck how you feel
i m out here single tell me what s the deal
now i got standards give a fuck how you feel
no broke boys no new friends
no broke boys no new friends
no broke boys no new friends

no that no that no that no that
no broke boys no new friends
i m that pressure give me my tens
ain t no lie ain t no shade
fuck on me then you know he paid
looks so good makes no sense
badass bitch with my badass friends
no broke boys ain t no shade
fuck on me then you know he paid
no broke boys no new friends
no broke boys no new friends
no broke boys no new friends
no broke boys no new friends
no that no that no that no that
no broke boys no new friends
no broke boys no new friends
no broke boys no new friends
no broke boys no new friends
no that no that no that no that
no broke boys no new friends
i m that pressure give me my tens
ain t no lie ain t no shade
fuck on me then you know he paid
looks so good makes no sense
badass bitch with my badass friends
no broke boys ain t no shade
fuck on me then you know he paid
no broke boys no new friends
no broke boys no new friends
no broke boys no new friends

no that no that no that
no broke boys no new friends
i m that pressure give me my tens
ain t no lie ain t no shade
fuck on me then you know he paid
looks so good makes no sense
badass bitch with my badass friends
no broke boys ain t no shade
fuck on me then you know he paid
no broke boys no new friends
no broke boys no new friends
no broke boys no new friends
no broke boys no new friends

no that no that no that no that",3a67044ad1a1a06e51654c0f62c490b9511dbbe8629a83c5a6f715f5d158e4b3,397,56,es,genius,,2026-03-06 11:49:57.943438+00,2025
698,803,"touch my body tender
cause the feeling makes me weak
kicking off the covers
i see the ceiling while you re looking down at me
how can we go back to being friends
when we just shared a bed?
how can you look at me and pretend
i m someone you ve never met?
it was last december
you were layin on my chest
i still remember
i was scared to take a breath
didn t want you to mov your head
how can we go back to being fri nds
when we just shared a bed?
how can you look at me and pretend
i m someone you ve never met?
the devil in your eyes
won t deny the lies you ve sold
i m holding on too tight
while you let go
this is casual
how can we go back to being friends
when we just shared a bed?
how can you look at me and pretend
i m someone you ve never met?
how can we go back to being friends
when we just shared a bed?
how can you look at me and pretend
i m someone you ve never met?
i m someone you ve never met",cbe31af9671261597e3a4adb6624c5c104cfdb408d28a342af78578ca8fa2abb,203,31,es,genius,,2026-03-06 11:48:20.741249+00,2025
718,805,"like the words of a song i hear you call
like a thief in my head you criminal
you stole my thoughts before i dreamed them
and you killed my queen with just one pawn
this goodbye is no surprise
this goodbye won t make me cry
i ll keep on dancin until i m dead
dancin until i m dead i m dancin until i m dead
i ll keep on dancin until i m dead
i ll dance until i m dead
 cause when you killed me inside that s when i came alive
the music s gonna bring m back from death
i m dancin until i m dead
i ll danc until i m dead
you ve created a creature of the night
now i m haunting your air your soul your eyes
this goodbye is no surprise
this goodbye won t make me cry
i ll keep on dancin until i m dead
dancin until i m dead i m dancin until i m dead
i ll keep on dancin until i m dead
i ll dance until i m dead
 cause when you killed me inside that s when i came alive
the music s gonna bring me back from death
i m dancin until i m dead
i ll dance until i m dead
do the dead dance
the dead dance
do the dead dance
the dead dance
do the dead dance
the dead dance
do the dead dance
but l m alive on the dance floor
and i m dancin until i m dead
i m dancin until l m dead i m dancin until i m dead
i ll keep on dancin until i m dead
i ll dance until i m dead
cause when you killed me inside that s when i came alive
the music s gonna bring me back from death
i m dancin until i m dead
i ll dance until i m dead
dead",2af0746d499113d7360a10ee0db39d6ec36f1127f52cca214bf8656f1f2c5f7d,328,43,es,genius,,2026-03-06 11:50:09.132192+00,2025
699,806,"i could be the twist the one to make you stop
the icing on your cake the cherry on the top
there s heaven in my heart and we could find you some space mm
i could be the world to you the missing piece
the extra sentimental kind of chemistry
some people make it hard with me that isn t the case
cause i make it so easy to fall in love
so come give me a call and we ll fall into us
i m the perfect mix of saturday night and the rest of your life
anyone with a heart would agree
it s so easy
to fall in love with
the way i do my hair the way i make you laugh
the way we like to share a walk in central park
i could be fresh air might be the girl of your dreams
there s no need to hide if you re into me
cause i m into you quite intimately
and maybe one night could turn into three
well i m down to see
cause i make it so easy to fall in love
so come give me a call and we ll fall into us
i m the perfect mix of saturday night and the rest of your life
anyone with a heart would agree
it s so easy
to fall in love with me

me
me
me
it s so easy
it s so easy
it s so easy

so easy to fall in love
so come give me a call and we ll fall into us
i m the perfect mix of saturday night and the rest of your life
anyone with a heart would agree
it s so easy
to fall in love with me",8e956488fba745e7145d1a69c4009842ee9709947bb49e5eb0cdee5f0fad49c1,296,37,es,genius,,2026-03-06 11:48:25.061886+00,2025
722,810,"i want you to stay
til i m in the grave
til i rot away dead and buried
til i m in the casket you carry
if you go i m goin too
 cause it was always you
and if i m turnin blue please don t save me
nothin left to lose without my baby
birds of a feather we should stick together i know
i said i d never think i wasn t better alone
can t change the weather might not be forever
but if it s forever it s even better
and i don t know what i m cryin for
i don t think i could love you more
it might not be long but baby i
i ll love you til the day that i die
til the day that i die
til the light leaves my eyes
til the day that i die
i want you to see hm
how you look to me hm
you wouldn t believe if i told ya
you would keep the compliments i throw ya
but you re so full of shit
tell me it s a bit
say you don t see it your mind s polluted
say you wanna quit don t be stupid
and i don t know what i m cryin for
i don t think i could love you more
it might not be long but baby i
don t wanna say goodbye
birds of a feather we should stick together i know
i said i d never think i wasn t better alone
can t change the weather might not be forever
but if it s forever it s even better
i knew you in another life
you had that same look in your eyes
i love you don t act so surprised",1a0bc6ac57e0d1261cbd0cc6fdddae463ff80e0c8906c085abf799799cb76264,302,38,es,genius,,2026-03-06 11:50:31.636785+00,2024
723,811,"you hit like a drunk cigarette
the feelin amplified
by sayin things we never meant
you leave me filled with regret
at the end of the night
i always find myself wonderin why
do you got plans for life?
cause i don t wanna just romance tonight
i wanna see you in another light
with rhythm there is rhyme
with you there always can be i
i wanna see you in another light
i don t wanna talk down on your lover
i don t wanna be a homewrecker
i just know i can be better b better be b tter
i don t wanna talk down on your lover
i don t wanna be a broken record
i just know i can be better be better be better
we sit on the fire escape
we talk and talk til dawn
i open up to you about my wrongs
then we lay and contemplate
just one more round of love
before you go home to another one
do you got plans for life?
cause i don t wanna just romance tonight
i wanna see you in another light
with rhythm there is rhyme
with you there always can be i
i wanna see you in another light
i don t wanna talk down on your lover
i don t wanna be a homewrecker
i just know i can be better be better be better
i don t wanna talk down on your lover
i don t wanna be a broken record
i just know i can be better be better be better
i don t wanna be how you formulate opinions on astrology no
or to say we made peace
and then your friends don t even wanna talk to me no more no more
i wanna kiss you on the bed and on the floor
when i m poor when i m bored
i am yours i am yours i am yours
i don t wanna talk down on your lover
i don t wanna be a homewrecker
i just know i can be better be better be better
i don t wanna talk down on your lover
i don t wanna be a broken record
i just know i can be better be better be better",59dd77bea6f6fe19ecd5c248d8fa3b64f028e35cce3b304e992cbd73b0fc6d8a,378,48,es,genius,,2026-03-06 11:50:36.05715+00,2026
776,812,"sun is going down time is running out
no one else around but me
steady losing light steady losing my mind
moving shadows and grinding teeth
without you there ain t no place for me to hide
without you there s no way i can sleep tonight
what i d do for a little bit of peace and quiet
without you i keep
slipping into bad dreams
where there s no you and i
no sound when i cry
i love you and i need you to set me free
from all of these
bad dreams
waitin on the other side
no sound when i cry
i love you and i need you to set me free
from all of these all of these

bad dreams

all of these
baby please come around help me settle down
hellish habits can cloud my head
what you waiting for? something physical?
i can t do this by myself
without you there ain t no place for me to hide
without you there s no way i can sleep tonight
what i d do for a little bit of peace and quiet
without you i keep
slipping into bad dreams
where there s no you and i
no sound when i cry
i love you and i need you to set me free
from all of these
bad dreams
waitin on the other side
no sound when i cry
i love you and i need you to set me free
from all of these all of these

bad dreams
baby please

all of these
all of these",2453ccde29e455f5b80c41f9146fc98d3c037f0ac0b001f12e1724c289af5ed5,264,42,es,genius,,2026-03-06 17:59:04.393256+00,2024
916,816,"i m on a mission i m in control
i want your body i want your soul
here to the rescue i m number one
your guardian angel your kingdom come
march to the beat of beat of my drum
cause when i call you you re gonna come
hold in position it s gonna blow
you only move when when i say so
go
blackpink ll make ya
go
blackpink ll make ya
go get it i ma go get it
never gonna settle for second i need a gold medal
get up on the floor tell me when to go no slow jams
bumpin through the speakers when i do my go go dance
no i go when i wanna go i m so gone
go reckless go off like what could go wrong?
i m goin all in you should know that s my go tomy whole crew with me if i go then they go too
march to the beat of beat of my drum
cause when i call you you re gonna come
hold in position it s gonna blow
you only move when when i say so
go
blackpink ll make ya
go
blackpink ll make ya
bridge jennie
rose

all

lisa

when your heart is broken baby
darkness on the edge of town
try to keep it open baby
try to let your walls come down
i know you re frozen baby
love can make you turn to stone
you could stop and be alone
or you could
go
blackpink ll make ya
go

blackpink blackpink
blackpink blackpink
blackpink blackpink
blackpink blackpink
blackpink blackpink
blackpink blackpink
blackpink blackpink
blackpink blackpink",8a2fee2cafd55a0e0664222c7e19d7b9a1cd42b90121cd7662bd6c8dfcf02bae,277,50,es,genius,,2026-03-06 19:48:31.108761+00,2026
846,929,"quiero vivir contigo algo nuevo
sin pensar hacia donde me llevas
a las alturas no le tengo miedo
porque cuando me agarras siempre al cielo me eleva
tu tiene algo tu tu tiene algo tu
tu formas un escandalo cuando dice algo tu
algo tu un algo tu
ella anda en un escandalo asi como bailas tu
igual ya que igual ya que
igual ya que igual ya que
somos dos ojos del mismo sueno
somos dos ramas del mismo arbol
vamo en carretera nada en el maletero
y a donde vida nos lleve
to lo bonito queda queda pega o n el pecho
y lo que no sirv fue fue fue aye
oah somo espuma de misma ola
una ola de misma orilla
una orilla de esas del tayrona
voy a hacerte una casa en el aire
al laito de de escalona
como el magdalena desemboca
quiero descansar en tu boca
si tenemo algo que decir lo decimo cantando
y si que llorar entonce lo hacemo tomando
tu y somos el alegre y el llamador
somos dos ombe en un vallenato
que fluya
se desborda el rio
que fluya
sube marea
que fluya
que fluya
y si me critican
que fluya
no me ni pena
que fluya
nunca me meto
que fluya
en vida ajena
que fluya
vamo en carretera nada en el maletero
y a donde vida nos lleve
to lo bonito queda queda pega o en el pecho
y lo que no sirve fue fue fue
 no
¡aye!
tu ere que cule bombon
tu ere que cule bombon
tu ere que cule bombon
tu ere que cule bombon
y si me critican
que fluya
no me ni pena
que fluya
nunca me meto
que fluya
en vida ajena
que fluya
que fluya
que fluya
que fluya
que fluya",8aab535029e3ea12e93363b4ff653ff427c443bed6a327cdd8693b78c684b322,301,63,es,genius,,2026-03-06 19:40:49.01209+00,2026
918,942,"no se puede decir groseria
soy godzilla y presento
dj snake
sog
j balvin
ryan castro
latino gang
awoo
tonto ni que tonto
tonto quiero tonto
tonto ni que tonto
ta rica hacerle wikiri wikiri wikiri wa
tonto ni que tonto
tonto quiero tonto
tonto ni que tonto
ta rica hacerle wikiri wikiri wikiri wa
 me siento como kendrick en compton
con una chimba montada en el phantom
cubana con las jordan concord
no colaboramo con los tombo
mami clap clap ese bombo
mi y mi combo
que me invitan si saben como me pongo?
tu no estas rica tu tas rica con co
tonto ni que tonto
tonto quiero tonto
tonto ni que tonto
ta rica hacerle wikiri wikiri wikiri wa
tonto ni que tonto
tonto quiero tonto
tonto ni que tonto
ta rica hacerle wikiri wikiri wikiri wa wikiri wikiri wikiri
de weekend en toronto
si no es g wa es en bronco
cada que tengo un party monto
no no no mutombo
el gato volador como el chombo
perro de raza putongo
me como en pr como mofongo
y no soy un gomelo de colombo
tonto ni que tonto
tonto quiero tonto
tonto ni que tonto
ta rica hacerle wikiri wikiri wikiri wa
tonto ni que tonto
tonto quiero tonto
tonto ni que tonto
ta rica hacerle wikiri wikiri wikiri wa
yah
yah
yah
wikiri wikiri wikiri wa
yah
yah
yah
wikiri wikiri wikiri wa",28cb2195078b3960738d2034b3a4b6be56ebed13646e30d2996948b9b1f2d8d3,238,56,es,genius,,2026-03-06 19:48:42.209826+00,2026
926,950,"intro
bad bunny

pero estoy con ella y tu estas con el
sabiendo que siempre te voy a querer
si tu lo dejas dejo
 si tu lo dejas dejo
mami contigo se siente cabron no me pasa con cualquiera
me tiene aqui hablando con dios pidiendole que mi seas
por las noche mi alma sale a buscarte
aqui estoy llamando preguntarte
y dime ma cuando es que chingamo otra ve ?
si e por mi no te suelto jama
 cuando nos v mo ? dime que ya quiero
hacert de to
te como de almuerzo y de cena tu eres mi nena
el mundo atras se queda y nosotros

nadie esta mirando y mientras el mundo esta girando tu y
woh woh
enrolamos quemamos chingamo
que mucho peleamos creo que ya nos amamo
woh woh
tu y solo en mi cuarto y el mundo no esta girando
tu huele al amor de mi vida de esos que ya quedan poco
mami tu ere elegida tamo unido por el hilo rojo
y siento que abro el portal cuando de frente te miro a los ojo
escribiendote canciones siento los podere almighty con el pelo rojo
baby tu me tiene envuelto
coge mi corazon te lo presto tu ere fantasia de mi cuento
y estoy con ella y tu estas con el
una carita de diosa un angel mujer
tu ere mi nena mi nena mi nena
como en el 2000 baby rasta
bieber y tu selena
aunque este con alguien soy tu fantasma

te como de almuerzo y de cena tu eres mi nena
el mundo atras se queda y nosotro

nadie esta mirando y mientras el mundo esta girando tu y
tu ere mi destino mi chrono mami como simba con nala
en este infierno tu eres mi cielo
me siento a ap primera vez que se lo metio a rihanna
mirandote a los ojo tu fuiste mi todo en vida pasada
antes de conocerte ya te extranaba
tu ere el sol y las constelacione contigo que carajo los condone ?
tu eres mia completa dile al rascabicho de tu ex que a mi no me mencione
te gusta que me encabrone que te descabrone que te entone
son muchas las kendall pero gabriela siempre va a ser nena e bad bunny
y dime ma cuando es que chingamo otra ve ?
si e por mi no te suelto jama
 cuando nos vemos? dime que ya quiero
hacerte de to
que rico besarte otra ve repetir ocasio o o o
ojala que lo nuestro sea eterno
woh woh
te como de almuerzo y de cena tu eres mi nena
el mundo atras se queda y nosotros
woh woh
nadie esta mirando y mientras el mundo esta girando tu y
 outro
bad bunny

pero estoy con ella y tu estas con el
sabiendo que siempre te voy a querer
si tu lo dejas dejo
 si tu lo dejas dejo",04d356ee63acbdbdf4229cc718ffcebc8759aefc1972712fc1f9ea04aef14438,488,63,es,genius,,2026-03-06 19:49:33.718899+00,2026
928,952,"bailalo gozalo como lo canto y lo siento
bailalo gozalo como lo canto y lo siento
bailalo gozalo como lo canto y lo siento
bailalo gozalo como lo canto y lo siento
tikitikitiki takatakataka
garanguntacareca garangungatirica
tikitikitiki takatakataka
garanguntacareca garangungatirica
tikitikitiki takatakataka
garanguntacareca garangungatirica
tikitikitiki takatakataka
garanguntacareca garangungatirica
cubacumbucumbada cubacumbucumbada
cubacumbucumbada cubacumbucumbada
cubacumbucumbada cubacumbucumbada
cubacumbucumbada cubacumbucumbada
cubacumbucumbada cubacumbucumbada
cubacumbucumbada cubacumbucumbada
cubacumbucumbada cubacumbucumbada
cubacumbucumbada cubacumbucumbada
cuba
bailalo gozalo como lo canto y lo siento
bailalo gozalo como lo canto y lo siento
bailalo gozalo como lo canto y lo siento
bailalo gozalo como lo canto y lo siento
tikitikitiki takatakataka
garanguntacareca garangungatirica
tikitikitiki takatakataka
garanguntacareca garangungatirica
tikitikitiki takatakataka
garanguntacareca garangungatirica
tikitikitiki takatakataka
garanguntacareca garangungatirica
cubacumbucumbada cubacumbucumbada
cubacumbucumbada cubacumbucumbada
cubacumbucumbada cubacumbucumbada
cubacumbucumbada cubacumbucumbada
cubacumbucumbada cubacumbucumbada
cubacumbucumbada cubacumbucumbada
cubacumbucumbada cubacumbucumbada
cubacumbucumbada cubacumbucumbada
cuba",21bbf01f9a825ba84f3432eff8e9cb77bbe60fa47cd56e12f11ec47c1985b832,130,42,es,genius,,2026-03-06 19:49:46.980046+00,2025
933,954,"it s a sexual moment
y somos medio friends
tu crees que me conoces
pero no tan bien
it s a sexual moment
we could feel emotions
hoy es noche de amores
y tu y bailamos bien
y si bailamos bien
y nos movemos bien
y nos llevamos bien
capaz cogemos bien baby
y si bailamos bien
y nos movemos bien
y nos llevamos bien
seguro que cogemos bien
y si nos perdemos entre gente
nos metemos mano y d todo de repent
espero que no suene imprudente
pero si me clavas beso te clavo diente
te voy a hacer decir que tu me gustas
tengo miedo porque no me asusta
nos amamos una noche
y esa noche le metemos a intensidad baby
it s a sexual moment
y somos medio friends
tu crees que me conoces
pero no tan bien
it s a sexual moment
we could feel emotions
hoy es noche de amores
y tu y bailamos bien
y si bailamos bien
y nos movemos bien
y nos llevamos bien
capaz cogemos bien
y si bailamos bien
y nos movemos bien
y nos llevamos bien
seguro que cogemos bien",350825c4fc33620e7cf9a228ef5ec0528663beabab8cb74012588937167813a8,191,40,es,genius,,2026-03-09 10:32:27.684281+00,2024
937,956,"ayoh colombia
caribbean gyal dem
kybba aya basshall
tribal kush
gyal dem real sady hotter than hot
mahavita mi bal tsy mila pull up that
selecta ameza hotter than hot
fa hainao dancehall mi love that
big bumper colombian
big bumper colombian
big bumper colombian
west indies caribbean
big bumper colombian
big bumper colombian
big bumper colombian
west indies caribbean
whine up six thirty
whine up your body anao virginity
tiako mahita anao misoma kara ty
shatta style boka colombia kony ty
soman ny malagasy everybody crazy
another style zaho misoma agnabon izy ty
real don dada again kill with it ti ti ti ti
badness sound boka gringo city
gyal dem real sady hotter than hot
mahavita mi bal tsy mila pull up that
selecta ameza hotter than hot
fa hainao dancehall mi love that
big bumper colombian
big bumper colombian
big bumper colombian
west indies caribbean
big bumper colombian
big bumper colombian
big bumper colombian
west indies caribbean
fire burn blazer
every gyal whine up body dy dy dy dy mirehitra
ty niany burning badman blazer
badman wicked nuff a dem m ffraid
ayayay
fire burn blazer
every gyal whine up body mirehitra
ty niany burning badman blazer
badman wicked nuff a dem m fraid
gyal dem real sady hotter than hot
mahavita mi bal tsy mila pull up that
selecta ameza hotter than hot
fa hainao dancehall mi love that
big bumper colombian
big bumper colombian
big bumper colombian
west indies caribbean
big bumper colombian
big bumper colombian
big bumper colombian
west indies caribbean
ayoh mi ladies
this is kybba aya dancer
ayo basshall
tribal kush",d4e95dcad0d5e921fa80163e3aec511a7978a100d7c7e2a08ae1b3445d6fff97,269,61,es,genius,,2026-03-09 10:32:49.554025+00,2024
938,958,"a mi me dijeron que a ti te gustan las nea
que a los otro les pichea
geniuz
sube una foto conmigo
baby frontea con combi europea
me gusta mucho cuando nos comiamo
jugando a no perder y nos perdiamo
me acuerdo aun del perfume de tu habitacion
mientras los cuerpos sudaban y sudaban
me gusta mucho cuando nos comiamo
jugando a no perder y nos perdiamo
no olvido del perfume de tu habitacion
mientras los cuerpos sudaban y sudaban
lo de nosotro es prohibido ultra complicado
saco del barrio a vivir al poblado
tranquila mi amor que como calla o
y en discoteca ese pantie l o
andas diciendo que te gustan como
a mi me gustan como tu ese cabello ese tatto
mala carosa pero con mucha actitud
enrroleto y le compro el jimmy choo
 si lo prohibido es ma rico por que tu te cohibe ?
si tienes un cantante mamacita te vives
el novio que tenia mami ya no te escribe
y tu me estas tentando con que exhibes
sueltate vamos a hacer un party
siempre he sido fiel tu eres mi mami
te pienso por las noche cuando prendo mari
por favor no me traiciones como le hicieron a daddy
y andas diciendo que te gustan como
un mal de cabeza que te baje el pantalon
y andas diciendo que te gustan como
que contigo soy malo que no tengo corazon
y ahora que sabe que te gustan como
que sepa el mundo entero mami que lo sepa dios
y ahora que sabe que te gustan como
trepate encima mio atentamente presion
que soy lo que quiere pero que le asusta
pero fuck al mismo tiempo que le gusta
le hago de todo un poco de pose del kamasutra
bebe si no lo sabe estas cogiendo con un ultra
ultra complicado y solo somos amigo
ponteme bien chula entiende lo que digo?
otra como tu donde consigo?
hoy tu esta envuelta en algo explicito
me gusta mucho cuando nos comiamo
jugando a no perder y nos perdiamo
no olvido del perfume de tu habitacion
mientras los cuerpos sudaban y sudaban
me gusta mucho cuando nos comiamo
jugando a no perder y nos perdiamo
me acuerdo aun del perfume de tu habitacion
mientras los cuerpos sudaban y sudaban
ey ac
kenny die
dimelo seba
one squad
gene music ja
2023",a3115b4bf7e1e4234b9713c6882ce8db89de8ab50fbe01f247cebf640e94ee41,394,59,es,genius,,2026-03-09 10:32:54.530827+00,2025
939,959,"ey dejemos de chimbear y grabemos
jose candela
sog prenda y pongalo pues
otro dia llegando a esquina del punto
me mencionaron tu nombre y se acelera el pulso
no se pero no fui capaz de quedarme mas tiempo en este lugar
necesitaba mucha paz y mucho descanso
un lugar en soledad caminar descalzo
y refrescar de pies a cabeza
el dolor de tu recuerdo que me esta matando
oe bebe estoy muy mal aunque aparento estar bien
en el amor contigo reprobe el examen
oe bebe se que no nada que hacer
te estoy llamando que tu me rescates
me pasa el tiempo y en vez de olvidarte quiero verte
y se lo digo a suerte
y solo quiero encontrarte y volver a comerte
no se si sea prudente
en secreto te pienso en mi cama te escucho
cuando gemias mami
ando de negro ando de luto y en las noches me emputo
creo que perdi mami
se que dejar el ego de lado es muy dificil
pero mas dificil olvidar su piel
y si piensa irse despidase bien
se que dejar el ego de lado es muy dificil
pero es mas dificil olvidar tu piel
y si piensa irse despidase bien
oe bebe estoy muy mal aunque aparento estar bien
en el amor contigo reprobe el examen
oe bebe se que no nada que hacer
pero te estoy llamando para que me rescates
es que para decirte verdad mamita
me dejaste ganoso en primera cita
 que suelte traje baretica
y media de guaro en gavetica
tira el asiento atras tranqui dimelo
si esta noche me rescata el cora auxilialo
estar sin ti que se hacia
pero hoy saque to a valentia
hoy vamos a subirno de nivel
y vamo a comernos asi no haya nada que hacer
sacarte lucifer ponemos sativa en el papel
mientras te rompo con perla chanel
oe bebe estoy muy mal aunque aparento estar bien
en el amor contigo reprobe el examen
oe bebe se que no nada que hacer
pero te estoy llamando para que me rescates",bd6ec976a89c8733ea638ff97e6d9ba8e51752608ca68ee1b20836501d4128ec,344,48,es,genius,,2026-03-09 10:33:00.199769+00,2024
934,960,"si esa noche se diera quisiera parar el tiempo
y que dure un par de veces mas
como si mia te haria tocar el cielo
y conmigo llegas mas alla
me matan las ganas de verte
solo contigo atraccion es tan fuerte
vente conmigo y veras que bien se siente
cuando te tenga cerquita de mi
me desespero
estoy muriendo por dentro
cuando te llamo no me dices
parezco un loco desesperado llamando
ya me desespero
me estoy muriendo por dentro
cuando te llamo no me dices
parezco un loco desesperado llamando
quisiera detener el tiempo cuando estoy a tu o
si tu supiera que me tiene motiva o
no quiero estar con nadie ma tu tiene estamina
de ti es que me siento enamora o
cuando estoy contigo ma quiero adelantar el proceso
de pies a cabeza comerte a besos
baby quiero de
desde que te vi me puse
me tiene loco tu figura
como me tocas y me juras que
que no otra calentura
que te vuelva tan loca perder cordura girl
me vuelve loco tu figura
como me tocas y me juras que
que

que no otra calentura
que te vuelva tan loca hasta perder cordura
me desespero
estoy muriendo por dentro
cuando te llamo no me dices
parezco un loco desesperado llamando
me desespero
me estoy muriendo por dentro
y cuando te llamo no me dices
parezco un loco desesperado llamando
bebe no aguanto y quiero confesarte
desde ultima vez no paro de pensarte
recuerdo que lo hicimo mai en todas partes
no olvide lo que tuvimos y volvi a llamarte otra vez
estoy llamandote ver si puedes
si estas dispuesta y hoy conmigo te ves
lo que quiero es que se de que se de
me tiene loco de hace tiempo bebe
tu me tiene sofoca o my girl
aparece que te quiero ver
mala mia si me pongo intenso
es que estoy enamora o y mio tiene que ser
te quiero a mi lado por siempre
siento que me pertenece
y solo estuvimo dos veces
ponte para mi como lo estoy para ti my baby
aquella noche que lo hicimo tu me dejaste crazy
quisiera parar el tiempo
y que dure un par de besos mas
como si mia te haria tocar el cielo
y conmigo llegas mas alla
me desespero
estoy muriendo por dentro
cuando te llamo no me dices
parezco un loco desesperado llamando
me desespero
me estoy muriendo por dentro
cuando te llamo no me dices nada
parezco un loco desesperado llamando
jowell randy
and jaycob duque
jaycob
dimelo maya
y el maiky full
music baby ieh ieh
jb real

rompiendo las consolas
be be be be
nota loca y el jowell",95e9f697f2af58a7dd25f9baa24684270f40b4a8a7697773cb9d149a48412333,451,80,es,genius,,2026-03-09 10:32:33.09976+00,2024
935,961,"es un orgullo ser de tierra de los aguacates
donde deja el cuero del ombligo
y en atwater radicando siempre con paso tranquilito
si vagancia el cesar siempre listo

no crean que todo es parranda y tambien tiene su rutina
sus cuentas siguen creciendo

y que van arriba
los negocios los respetan no le espantaran el sueno
posicion en una impresa
como avion se fue subiendo
hasta dominar el puesto
no ocupo malandrada y claro m ha costado
el peso les quedo arriba
aguacat ros michoacanos
se saludan con gente grande se ha escuchado hablar de el
es un senor de respeto no lo quieren conocer
tiene su forma de ser
yes sir gang gang foo!
un saludazo mi compita el sabe quien es
¡saludos mi raza de colombia!
una y carne con el nesto whiskey papelito blanco
lujos champagne de cereza
y quemar un arbolito a cualquier hora atizo
en una pipa o un papel nel nel
es mas del mismo arbolito
las colombianas pagadas para pagan impuestos
maiko arrima carne fresca

para darselas a mis perros
unas vaquitas por colombia arriba de aquel yatecillo
mariachis y las trompetas alegres por cartagena
en noticias lo han de ver
para quitar el estres
no ocupo malandrada y claro me ha costado
el peso les quedo arriba

aguacateros michoacanos
jessy el nombre y una b forma parte de su apellido
si las juntas jb

clikona sigue siempre al tiro",8d93678cba620c6597155dfe28b9004948fa1751119c0e28b687abfe221eb543,238,38,es,genius,,2026-03-09 10:32:38.523388+00,2025
930,962,"y usted que va a hacer con esa plata?
llevarla a usted a ver los alumbrados al pueblito paisa
entonces que mi amor?
soy mas de guaro pero por usted le juro que me tomo los vinos
esa sonrisa esa boquita y sus ojitos los combino conmigo
usted donde esta?
dame unos minuto matamo ansiedad
no va a perder el tiempo se lo aseguro
que rico hacerlo con usted en lo oscuro
hola mi amor traje un baretico de indoor
que nos lo fumemo en una tarde de sol
nos vamos guatape alla pongo a hacer surf
y despues en cabana le hago el amor
 llevo al gimnasio
y le compro un patek que cambie ese casio
pero me lo haces despacio
y te rizo ese cabello asi tu lo traiga lacio
mami de ese culo soy dueno
no se por que desde pequeno me gusta lo ajeno
me enamoro tanto que le pague el diseno
compre cx 30 y le opere hasta los seno
que rico es verla sentirla encima e mi
decirle que me encanta porque creo que naci ti si
sabes bebe que contigo soy feliz
si quieres viajamo el mundo y fotico por paris
bien perfuma o siempre louis vui locion
si se me maneja bien le doy su mansion
a ese culito le tengo admiracion
porque en cama es ejemplo e superacion
tu y haciendo el after party
fumando mari
con un puesto de cali
en urus bebe
tu y haciendo el after party
fumando mari
con un puesto de cali
en urus bebe
vuelo privado nada de avianca o spirit
pideme ayuda a mi no le digan a siri
ti son to as mis letras ma son toda mis lyrics
y te cotizo como anuel con amiri
bebe vamono a vacacionar
que cuenta mia es como de neymar
si tu quiere to te lo puedo comprar
 te regalo solo tu tiene que hablar
 que es lo que quiere? dolce? gucci? prada?
balenciaga? a ti te doy
sabe que quieres hacerlo conmigo
y si tu me llamas un bebe aqui estoy
tu y haciendo el after party
fumando mari
con un puesto de cali
en urus bebe
tu y haciendo el after party
fumando mari
con un puesto de cali
en urus bebe
pues que te cuento? que te puedo decir?
si lo de nosotros es una chimba
no tenemos que envidiarle nada a nadie porque to lo tenemos
el unico complemento para poderme sentirme satisfecho
son unos besitos tan lindos que usted me mi corazon
money makers
siempre blessd y esto es ti tu sabes quien
dimelo jara
desde el barrio antioquia
ey jose candela
monja

ave maria mi amor si usted supiera
que vuelva a escuchar cancion",ea216e1bd353f380fb6d26640d39511e9bee612479d5b02abc9b03ae384324b6,454,70,es,genius,,2026-03-09 10:32:06.764925+00,2025
941,964,"blessd
romantic style foreva foreva
this jajaja
no se que hora de noche sea
pero estoy afuera de tu casa esperando por ti
tu solo dime mamacita si me voy a dormir o vas a salir
me canse del exceso tu era mi mejor sexo
por vuelvo to as las noche a buscarte
porque estando solo te pienso
es un amor bendito reina si nos echan sal
como luigi 21 plus eres mi gata oficial
en tu cuerpo soy visitante pero juego en local
contigo sueno con p rros una nina criar
es que lo nuestro no es su rte tampoco juego de azar
esta es vida que vivo esta es vida real
y se que no fallarias asi este en un hospital
por vamo a san andres a relajarno en el mar
tequila con cena romantic
mi lady mi girly no woman no cry
foreva my lova
contigo es hasta muerte for life
tu no te quitas si me van a matar
y siempre has sido fina porque te doy tu lugar
le pregunto a dios si ella me va a fallar
y me dice que no que no pare e confiar
sonaba con meterme a vuelta
tener plata y una moto comprarme
y de roce a un mirador llevarte
fuiste primera no vuelvo a enamorarme
sonaba con meterme a vuelta
tener plata y una moto comprarme
y de roce a un mirador llevarte
fuiste primera no vuelvo a enamorarme
vida se acaba vivamosla hoy
si alguien te falla mi amor ti estoy
tu eres mi queen soy tu bad boy
y mi amor se lo juro que de aqui no me voy
no se que hora de noche sea
pero estoy afuera de tu casa esperando por ti
tu solo dime mamacita si me voy a dormir o vas a salir
no se que hora de noche sea
pero estoy afuera de tu casa esperando por ti
tu solo dime mamacita si me voy a dormir o vas a salir
you already know know know know know
creo en ti con todo
san andres island
jamaica you know what i m saying?
money makers
monja got mercy on these niggas",dac4e45c51be6313d24a42b7bcbcd29148cc28b57f18293ba535f0a551288a40,362,49,es,genius,,2026-03-09 10:33:10.96356+00,2025
942,966,"y y de que me que soy coqueto no ombe
lo que pasa es que soy un tierno
estoy preocupao
el ganado se me junto
y se estan comunicando
el parche se me calento
que andaba conspirandome
a chimbita del barrio
me pasa por guevon
me pasa por confiado
mijo que deja evidencia
le siguieron el rastro
le habla experiencia
que culpa de ser asi
que me gust n las casadas
las solteras naturales
y tambien las operadas
qu culpa de ser asi
de haber nacido aventurero
mujeriego parrandero
no es que sea un coqueto
no ombe es que soy un tierno

soy un tierno

soy un tierno

soy un tierno
que no ve que soy un tierno ma
si si
a los lindos se nos hace facil querernos
trae amigas que el resto lo resuelvo
que esta noche el party es en mi casa
si no afloja por floja se queda
tu tranquila y algo fue por zaza
si esta rara se para y lleva
mantengo es en una nota
hoy mi traje lo llevo donde el sastre
camisa oversize ancha copa
si le gusto por ser tierno y por mi boca
traigamela soltera traigamela prenada
no copeo mijo deje bobada
las dejo repetidas las dejo reiniciada
de buenaventura papi
mera agua salada

el que puede puede y puedo
entonces que estamos billetos?

que culpa de ser asi
que me gusten las casadas
las solteras naturales
y tambien las operadas
que culpa de ser asi
de haber nacido aventurero
mujeriego parrandero
no es que sea un coqueto
no ombe es que soy un tierno

soy un tierno

soy un tierno

soy un tierno

esto es dfzm
joven rapper papa
yeison jimenez
dimelo kensel

dimelo abri
mera dimelo gael
de colombia l mundo
joven rapper papa

que lo goce mami
dimelo gou
mami cinco",e60d2105eb224d0aff0623d6d1ad40b20eb8f0aaa7bbd95532ccb0c825fc3bc6,304,67,es,genius,,2026-03-09 10:33:20.284921+00,2024
943,967,"sabe que mi amor?
un tema inolvidable uste
su sonrisa sus ojos mi amor
son las 5 e manana y musica esta sonando
escuche pues
the the the prodigiez
pensando como hago volver a verte
y no tengo excusa se lo dejare a suerte
y se que quieres pero te haces fuerte
y salimos de medallo en el privado un verano en ibiza
 playa y brisa flores que dan risa
hagale pue mi amor quitese esa camisa
quieres que te desvista sexo a vista
solo somos tu y
tu y haciendo el amor en playa
te gusto cuando me pase de raya
un polvito de los dos nunca falla
a veces dices que no pero tengo mi magia
 te conozco
los lunare en tu rostro
cada vez que lo hacemos
nunca dejamo rastro
a los dos nos gusta hacerlo con un poco de pasto
y ya lo tengo guardadito aqui en el frasco bebe
se nos paso noche y empezo a amanecer
antes de que se quiero hacerlo otra vez
es normal tengo el video por si no te vuelvo a ver
hagale pues y empiece a modelar ar
me tienes en un viaje espiritual al
a ti te encanta el tussi a mi fumar
ya se donde vamos a terminar
tu y haciendo el amor en playa
te gusto cuando me pase de raya
un polvito de los dos nunca falla
a veces dices que no pero tengo mis manas
tu y haciendo el amor en playa
te gusto cuando me pase de raya
un polvito de los dos nunca falla
a veces dices que no pero tengo mis manas
 sabe que mi amor?
uste es una joya deliciosa
y aqui en grecia en santorini como que musica suena mas chimba si sabe?
el bendito con los prodigiez
cualquier hijueputa ritmo mi apa


hasta el amanecer
maisak junto al bendito",a294f9483a5d0586a3dad487bae0a21c380e7bd662a31bf1bd187a4c10f1669f,311,46,es,genius,,2026-03-09 10:33:25.316745+00,2024
944,968,"las mujeres de por aca son muy como le dijera?
son muy desesperadas por el sexo
y mas si es un comandante o alguien que tiene carro o moto o tiene su fierro
o sea las mujeres son les gusta como adrenalina las cosas fuertes
oi
quiero una chimba que me hable bien rico
que sea paisa y me diga papacito
que no se niegue cuando quiera un besito
en el party el party l party el party
quiero una chimba qu me hable bien rico
que sea paisa y me diga papacito
que no se niegue cuando quiera un besito
en el party el party el party el party
dime mami si tu esta disponible
es que de verdad tienes un culo increible
para darte en cuatro creo que soy compatible
ese vestidito me lo deja visible
oiga mi reina es que no puedo dejar
de mirarla desde que se pudo levantar
se lo juro que quiero tocar
digame bebe si me toca pagar
te compro dolce te compro supreme
te compro marca que tu quiera my queen
tatuate mi nombre y te doy siete mil
que compres en prendas y te acuerde de mi
mueve el culo para mi
movelo mami que estoy para ti
y mueve el culo para mi
movelo que aqui estoy y es para ti ja
quiero una chimba que me hable bien rico
que sea paisa y me diga papacito
que no se niegue cuando quiera un besito
en el party el party el party el party
quiero una chimba que me hable bien rico
que sea paisa y me diga papacito
que no se niegue cuando quiera un besito
en el party el party el party el party
entonces hableme mi reina
digame que quiere aqui estoy puesto darle ofrenda
comprarle gucci balenciaga en las tienda
no estoy amor pero plata lo remienda
mi reina que me recomienda? es que me quiero comer
 llevo mi casa en un mercedes benz?
quitarle ropita con los ojos cafes?
que rico seria mujer una noche entera usted y
mirandola lento decirle mi amor
me encanta demasiado no se que sucedio
botar el celular y sin preocupacion como en esta cancion
veo vision sabes mamacita que ya emocion
ya estamos parchados aqui en mansion
que va ni que hijueputas caigamo en tentacion
quiero una chimba que me hable bien rico
que sea paisa y me diga papacito
que no se niegue cuando quiera un besito
en el party el party el party el party
quiero una chimba que me hable bien rico
que sea paisa y me diga papacito
que no se niegue cuando quiera un besito
en el party el party el party el party
ey mamasota digalo pue
 nos vamos a pasar bien rico si sabe?
y vuelvo y le digo si usted no cree en el amor a primera vista me dice volverle a pasar
the prodigiez junto al bendito
en cualquier puto ritmito ey
que muevan el culito ey
entro suaveci
jajaja ave maria mi amor dios bendiga",fec6d99d595e3734f5c8b8f5fcfe3282a4a6c9e413c0d00f4913d8d7d2389378,506,67,es,genius,,2026-03-09 10:33:30.628441+00,2024
945,969,"para que me quieres culpar
si tu eras para mi como agua pal sediento
acaso no recuerdas ya que me senti morir
sin miel de tus besos
pero una vez te vi partir
no lo pude evitar me quede en el intento
dejaste de rega e jardin
y en el no quedan ya sino petalos muertos
y entonces para que decir
que no te amaba si no es cierto
entonces para que decir
que no te amaba si no es cierto
decir que no te amaba seria negar mis canciones
y que fredy molina nunca le canto a su tierra
que cumbia y el porro no son el sentir mas noble
de todos los troveros de region sabanera
y me forje contigo todo un mundo de ilusiones
hasta senti llevarte como sangre en mis venas
pero un dia te marchaste de mi tierra
sin decirme por que ni para donde
pero un dia te marchaste de mi tierra
sin decirme por que ni para donde
te quise con el alma bien sabes
que amarte mas no pude
volaste con rumbo hacia nube mas alta
ya no pude alcanzarte
hoy cuando de nube te bajas
ya es demasiado tarde que vaina
pues ya no queda nada de aquel amor tan grande
pues ya no queda nada de aquel amor tan grande
quien pudo amarnos mas que dios
si fue quien nos creo un dia a su semejanza
el mismo que en cruz murio por nuestra salvacion
uno como si nada
de igual manera sufri ausencia de su amor
mientras tanto volabas
sin importarte mi dolor ahi estuvo tu error
entonces que reclamas
y hoy vienes buscando perdon
porque un viento quebro tus alas
y hoy vienes buscando perdon
porque un viento quebro tus alas
puedo perdonarte si es que estas arrepentida
pero volver contigo no lo puedo hacer ni en suenos
recuerda que te di mejor parte de mi vida
buscando ser feliz pero falle en mi noble empeno
porque mis sentimientos los dejaste por el suelo
como algo que no sirve y que en cualquier parte se tira
y si en algo te sirve de consuelo
le pedire a mi dios que te bendiga
y si en algo te sirve de consuelo
le pedire a mi dios que te bendiga
te quise con el alma bien sabes
que amarte mas no pude
volaste con rumbo hacia nube mas alta
ya no pude alcanzarte
hoy cuando de nube te bajas
es demasiado tarde que vaina
pues ya no queda nada de aquel amor tan grande
pues ya no queda nada de aquel amor tan grande
pues ya no queda nada de aquel amor tan grande
pues ya no queda nada nada de aquel amor tan grande",658ce303f39eaa2bb0ebc72b99c6506913b71e2e24192c911a7ec7dc006af800,455,62,es,genius,,2026-03-09 10:33:35.921742+00,2025
949,978,"pensando en ti aunque somos tal para cual
no te lei pero el corazon si
y no voy a aceptar que me vayas a olvidar
si se que muero por ti
con el corazon hecho mierda
pensando soy un cero a izquierda
 no quiero dejarte ir
y a nueva york te vas sin mi y sigo aqui
pegado a botella pidiendo a las estrellas
que no te dejen ir a otro lugar sin mi
porque en ti deje huellas

solo otra navidad amor y amistad sin vos
con mente andando en nueva york
el chorro me aconseja mal me pone peor
y esta soledad me esta dando depresion
llamame loco intenso
porque te llame cada vez que te pienso
este despecho prendo un incienso
desde que hicimos el amor
con los otros ni sexo
sigo pensandote y ahora no quiere responderme
quisiera el tiempo retroceder mejor valorarte
ese cuerpito de gimnasio
que merecia carro joya y palacio
todavia me niego en entender
que me estes pidiendo reina un espacio

y a nueva york te vas sin mi y sigo aqui
pegado a botella pidiendo a las estrellas
que no te dejen ir a otro lugar sin mi
porque en ti deje huellas no estoy tan blessd sin ella
y no se como olvidarme de ti
te lo juro que eres mi secreto mas oscuro
que vuelta esconder algo tan real y puro
pero nadie sabe que a mi me tan
y se lo juro y se lo aseguro
que eres bebe mi lugar seguro
te necesito como un cubano a su puro
no voy a dejarte ir dime inmaduro
y a nueva york te vas sin mi y sigo aqui
pegado a botella pidiendo a las estrellas
que no te dejen ir a otro lugar sin mi
porque en ti deje huellas no estoy tan blessd sin ella
mi amor usted fue unica que me creyo lo de amor a primera vista
y se enamoro el artista
que mas podemos hacer? que mas podemos querer?
si usted se deja involucrar el amor volvemos a hacer jajaja
y esto es ti
monja
monja don t got mercy on these niggas
dimelo jara
este talento que nadie se compara
toby prende guitarra
money makers
ey jose candela",0913f5fd6942c909d24244db6a9dd68b37b1a8f729bff7523d267b1803a38a7a,375,54,es,genius,,2026-03-09 10:34:16.335129+00,2025
950,979,"rickey f









2002 2007










!




dirty hype time

dirty hype time

dirty hype time
20 17
dirty hype time

dirty hype time

dirty hype time
20 17









 shit
youtube
 ?





 punch a killer

holy shit

 ? ? ? ?




true ?


dirty hype time

dirty hype time

dirty hype time
20 17
dirty hype time

dirty hype time

dirty hype time
20 17
2013
2k17











 ?
!

the flow?



?




7 910 000 38 01
dirty hype time

dirty hype time

dirty hype time
20 17
dirty hype time

dirty hype time

dirty hype time
20 17",7816926e23380359ac0f5c3d9d9f217fbd9daea8abd6b08ae54cd581dda249f7,97,41,es,genius,,2026-03-09 10:34:21.514252+00,2023
955,986,"endoh ygord ureb ysae ej anemorp ejom a
envoh v meklec aksend uosj envor ils oc inhcisv a
devopdo jethc a es jatp em o ivab es inhcisv
em op tjeb ezumen ydkin jepahc
uodj mak edusv itivs onemj ynabejyv ejom a
tuolp mak iven det a uduorpitep od es ylatsod
uonmaz jazjelod saz ykved judels
pu ekaw elibed pu kcuf eht tuhs
vidim ty debily
vidim ty debily vsechny co chteli by
delaji jakoze nejsem sami chteli by
bejt jako ja davno jsou v prdeli
modli se za sebe po kazdy nedeli
delam toho tolik a kdyby vedeli
co mam za sebou tak chteli by se delit
zatim co sedeli vsechno jsem zahodil
divam se to jak devka bere mi
co lidi jste ready? protiva sere ti
nabijim my vety jako dve beretty
dite jsem asi tak jako jsi dite ty
ty polykej my deti snad bude chvili klid
ano jsem prototyp zase o neco lip
a ty si voholy a me to neboli
jsi jako techno deep beatu blekoty
teplej jak leto jsi
a prej by chteli abych byl tam kde jsem bejval
shut the fuck up debile wake up
sleduj devky dolejzaj zamnou
dostaly se do petiproudu a ted nevi kam plout
a moje vyjebany jmeno sviti vsude kam jdou
chapej nikdy nemuze bejt po me
vsichni se bavi o me ptaj se a chtej odpoved
a vsichni co sli rovne jsou dneska celkem v hovne
a moje promena je easy beru drogy hodne






a prej by chteli abych byl tam kde jsem bejval
shut the fuck up debile wake up
sleduj devky dolejzaj zamnou
dostaly se do petiproudu a ted nevi kam plout
a moje vyjebany jmeno sviti vsude kam jdou
chapej nikdy nemuze bejt po me
vsichni se bavi o me ptaj se a chtej odpoved
a vsichni co sli rovne jsou dneska celkem v hovne
a moje promena je easy beru drogy hodne",f34c34a00e8eaf8cd532be540b702b8f629c241e6149fad5ce7247abc1d923ad,319,43,es,genius,,2026-03-09 10:34:57.312112+00,2025
956,988,"only see you when i m scrollin
socials took away our moments
don t believe in love to me that s bogus
called it quits for badges and a bonus
and left me broken too
now i m counting all the times that you did that
all of the times that you turned back
i m a lover even if it s toxic
i m a lover suited in a hazmat
i m a rockstar now a has been
after she fell in love with the internet
she want that viral love
i m a lover to the grave
i m a lover for life
bury feelings in all black digging holes in my mind
keep my heart that s fine
in the tomb souls don t die
i m a lov r to the grave
i m a lover for lif
i m a lover to the grave
i m a lover for life
bury feelings in all black digging holes in my mind
keep my heart that s fine
in the tomb souls don t die
i m a lover to the grave
i m a lover for life
i ve been known to drown the pain
you ve been known to live it up
i ve been scrolling through your page
kind of scared to follow up
nowadays there ain t real love
why d we let love die?
now the days don t feel good or the nights
my condition feeling like dibec
you only worried about likes
i ve been wishing that you would write back
now you re living online
you want that viral love
i ve got eternal love
you ain t social on your media
you don t want love only fans
they re all falling for the idea of ya
i want who you were back then
wanna know you more than wikipedia
don t wanna be a close friend
wanna know what i really mean to ya
if it wasn t for the internet
i m a lover to the grave
i m a lover for life
bury feelings in all black digging holes in my mind
keep my heart that s fine
in the tomb souls don t die
i m a lover to the grave
i m a lover for life
i m a lover to the grave
i m a lover for life
bury feelings in all black digging holes in my mind
keep my heart that s fine
in the tomb souls don t die
i m a lover to the grave
i m a lover for life
don t let love die die

don t let love die die

don t let love die die

don t let love die die",2e92e4d9cabe9721ce7b6742e5b4b6efe459d70fff2dd083512519e0908dcfd8,456,65,es,genius,,2026-03-09 10:35:07.299213+00,2026
957,989,"hey jose candela

the the the prodigiez
ey como estas mi amor? como vas mi amor?
lo que quieras te lo mando a tu locacion
gucci prada balenciaga chanel christian dior
conmigo te ves mejor
es todo cosita deje el visaje
una isla privada disfrute del paisaje
si nos filtran una foto decimos que es montaje
prendamos baretica que traje
pero no te preocupes que te compro chanel
y el canal te lo cambio que subas de nivel
pendientes en zafiro y en los anillos baguette
que mi nena se sienta fresh
mi tarjeta e ilimitada llamame shen long
a ti te cumplo deseos sin las esfera el dragon
pero mueveme el culo por favor
mientras me tomo un chorro y me fumo un blunt jajaja
mor un arcoiris lleno e joyas es tu cuerpo
y esos diamantes quiero comerlos
 que mi richard si vos paras el tiempo?
me lo mueves lento
un arcoiris lleno e joyas es tu cuerpo
y esos diamantes quiero comerlos
 que mi richard si vos paras el tiempo?
me lo mueves lento cuando sale el sol
ey como estas mi amor? como vas mi amor?
lo que quieras te lo mando a tu locacion
gucci prada balenciaga chanel christian dior
conmigo te ves mejor
si sabe ? todo es usted pero de mi abusa
pantallas en diamantes carteras y medusa
 ropa cara en to su cuerpo dejarlas confusas
pero no bajes musa
ese es el detalle sornerita mami calle
que las cosas no fallen
adornar tu cuerpo que este repleta e cristales y vuelos internacionales
si vamos a viajar que sea en privado
nada de instagram que no es de mi agrado
tu tambien sabes de porque baby has viaja o
lo subiste a tus stories y guardado en destacados
mor un arcoiris lleno e joyas es tu cuerpo
y esos diamantes quiero comerlos
 que mi richard si vos paras el tiempo?
me lo mueves lento
un arcoiris lleno e joyas es tu cuerpo
y esos diamantes quiero comerlos
 que mi richard si vos paras el tiempo?
me lo mueves lento cuando sale el sol
ave maria mi amor
usted cree en el amor a primera vista? si no vuelvo y le paso
jajajaja
the prodigiez el bendito
tu sabe que siempre rompemo en un trap o tambien reggaeton
desde medallo para miami
me gane un grammy contigo mor
jajaja",be4da88f171c9d3386773160e939fdcbf019312a0e9ef316ed342ebd19ca7aaf,395,57,es,genius,,2026-03-09 10:35:12.518204+00,2023
959,991,"ave maria mi amor que te puedo contar? que te puedo decir?
usted sabe que esto es usted mi corazon
hola te vi caminando en lo oscuro sola
dame una senal que estoy ti a cualquier hora
eres diferente y a mi me emociona
ojos verdes mona
hola te vi caminando en lo oscuro sola
dame una senal que estoy ti a cualquier hora
eres diferente y a mi me emociona
ojos v rdes mona
contigo me voy acapella n cama te meto una pela
te embarro las tetas nutella que rico mi amor estas mela
se que te gusta como suena porque te me pones obscena
me habla sucio y me envenena que malparida tan buena
contigo me quedo pide todo en el mall
gucci balenciaga cristian dior iphone 17 es mejor
y subimos en el ascensor
y en habitacion te hago el amor
te me pone en four me saco glock
es que combinamos tu y
te lo juro mami tu y
hola te vi caminando en lo oscuro sola
dame una senal que estoy ti a cualquier hora
eres diferente y a mi me emociona
ojos verdes mona
hola te vi caminando en lo oscuro sola
dame una senal que estoy ti a cualquier hora
eres diferente y a mi me emociona
ojos verdes mona
un poppercito dilatarte y que se alteren los sentidos
y encendemos noche ma tu conmigo
tu conmigo le compre algo y me dijo hola
se chimbo bofetadas con cola
un lsd y se moja parecen olas
si prendes califa no quiere pangola
contigo me quedo pide todo en el mall
gucci balenciaga cristian dior iphone 17 es mejor
y subimos en el ascensor
y en habitacion te hago el amor
te pones en four me saco glock
es que combinamos tu y
te lo juro mami tu y
hola te vi caminando en lo oscuro sola
dame una senal que estoy ti a cualquier hora
eres diferente y a mi me emociona
ojos verdes mona
hola te vi caminando en lo oscuro sola
dame una senal que estoy ti a cualquier hora
eres diferente y a mi me emociona
ojos verdes mona
que vamos a hacer mi corazoncito?
granizadito baretica
unos cuantos pasecitos usted mientras me trabo
y despues en pelotica bien rico si sabe?",a0b51e1ad47dc43722f9312fd1166365b25ce7a656de0b6e76e527c701a9f910,383,54,es,genius,,2026-03-09 10:35:23.747772+00,2025
960,992,"magic
i like your style i like your style
si no llore no fue porque no me enamore
si no te valore fue porque en el amor perdi fe
por ti por ti to lo que sacrifique fue por ti
se que nadie lo hara por ti
y es que son tantas que beben hennesey no son santas
de esas que no salen del club de esas que no salen del club
no le tengo confianza a las que beben hennesey no son santas
de esas que no salen del club de esas que no salen del club
baby lo se que tu eres de esas mujeres
que solo buscas sexo y placer y no se quieren comprometer
ba ba baby lo se y me suena muy bien muy bien
dime que te parece si nos vamos a mi hotel
y ahi tengo algo planeado para ti
con las luces bajita las velas prendiditas y tu junto a mi
bailas desnuda destapo las botellas de champan
tu cuerpo suda y cuando tu quieras podemo repetirlo
siente el ritmo
asi mismo
sin compromismo
cuando tu quieras podemo repetirlo
siente el ritmo
asi mismo
sin compromismo
baby se
le gustan los carro lo titere malo que bajan pila e moet
pero no te confundas que no tira segunda si no anda en maquina que e
puede darse su guille de fabrica linda hasta un ciego ve
quiere un palomo que sea un estorbo que haga su cosita le sacudan el polvo
quiero una baby como tu
que lo haga como tu
que se mueva como tu
quiero una baby como tu
que lo haga como tu
que se mueva como tu
magic
i like your style i like your style
a mi me gustan mala
 que con su mirada me llama
empieza bailando en el club
y lo terminamo haciendo en mi sala
que mala mamichula tu esta dura
con to lo tiguere se cura
ella no quiere enamorarse
solo quiere pasion y locura
baja l bloque tu ere el sofoque
lo hace que me aloque
se que tienes tu aceite
pero conmigo tu no te equivoque
desorientame
mai como lo haces no existe otra igual
quiero liberarlo agresivo preparate
que hoy tu te vas conmigo
asi soy sigo encendio
24 7 dejo el party prendio
saluda a to lo domi que ello son de lo mio
avena las babie te caliento en el frio
siguelo haciendo asi
mai tu sabes que el mambo que es para ti
mi mi ti ti
si te agarro no voy a soltarte
llega al cuarto desnuda que voy a matarte
baby se pone traviesa
cuando se moja cuando me besa
keko music

remix
shout out to baby records
ozuna
gucci boys
le magic
ozuna
nengo flow
zion lennox
 keko music
word
word",c9d74d7f82cc5ffb3829030d92486eaada2f3eda5a985d9e2ff1b8270b23f3c0,467,77,es,genius,,2026-03-09 10:35:29.675185+00,2025
961,993,"letra incompleta
01 03
vivi k d3llano es real
xavibo necesito silencio
02 03
anuel aa mambo kingz dj luian mas rica que ayer
harry nach marcianeke ya to saen ke ere mia
lunay ronca
maldy tiempos de plan b
marc segui aaaaaa
midas alonso bankinter
wisin emilia lyanno tu recuerdo
03 03
ambi tylerb del reves
calero ldn ambkor sotan mi vacio
carino lara91k tamagotchi
 cyber666 7ty martin manas raro
gabito ballesteros junior h ya corazon
jay wheeler te dedico
kora st olvido
lau que ayer
marc segui aaaaaa
marshmello manuel turizo el merengue
rawayana danny ocean binikini
sesentay6 alba mbengue d3llano no t hacen dano
soge culebra airbag
young miko lisa
zakyo david marl y bermudas
tirri roca session 1
06 03
bhavi fantastico
hwii t k 1millionu d c est vie
07 03
aissa jc reyes saiko las bratz ft nickzzy el bobe juseph gio
robleis motores
08 03
dan garcia emjay flvckka tirando flow sesh 8
myke towers aguardiente
09 03
alequi detunedfreq siempre puedo
blake zaidbreak god ends here
beele guaro
camin ecko me guardas
chris jedi bryant myers gracias x nada
cyril kamer 9 de marzo
hens cuenta conmigo
mafalda cardenal llamame dentro de 5 anos
justin quiles genio juhn cuanto quieres ft brray
maluma reina
mc davo c r o por que sera?
nicki nicole no voy a llorar
sen senra no quiero ser un cantante
10 03
antony z kiddo no me falten los mios
delarue ergo pro ill pekeno connect
juhn miky woodz luar l soldados
love yi jc reyes juicy bae m u t e ft rakeem we t dubai
los angeles azules cazzu santa fe klan tu y tu
noelia serrano no llores
rels b lo que x aqui
rvfv edu garcia antes
rvssian danny ocean sean paul no me controles
13 03
bhavi claro que si
traw chescocar bloqueame petarda
14 03
chino pacas dijeron que no iba a lograr ft fuerza regida
david rees superpoderes
15 03
neo pistea
16 03
9ckles noche
bejo cruz cafune rapina barracudas 3
carlitos maceira q no quiero a nadie mas
chuy montana porte de scarface
dirty suc freestyle 06 total 90
feid remix exclusivo
juicy bae ultima vez
piso 21 sueltas
17 03
belen aguilera pimp flaco pas
chill chicos sebastian cortes de vuelta en ciudad
daniel sabater cabi
danny romero saiko soge culebra cosas locas 2 0 ft juseph lucho rk
diimalo mda autoamor
elena rose el hombre
eslabon armado peso pluma ella baila sola
kora st solitude
luna ki partida
recycled j casanova
yng lvcas peso pluma bebe
21 03
grupo firme junior h tronando ligas
22 03
3am vidas pasadas
bizarrap arcangel arcangel bzrp music sessions vol 54
chica sobresalto veintiuno poquita cosa
23 03
blame blop el amor es imposible
cazzu de ghetto randy peliculeo ft nengo flow justin quiles
dan garcia el hueycoyote tirando flow sesh 10
israel b delaossa lowlight mejor
khea eclipse
maluma anuel aa diablo que chimba
paopao jay wheeler te kiero ver
swit eme album de fotos
24 03
dannylux te falle
dellafuente sharila
maikel delacalle quevedo mi nena
papi sousa alvaro diaz lyanno 1 ft paopao
sanju mvrtin complicado ft triple chuly iskender aren
28 03
natanael cano dan sanchez como es arriba es abajo
29 03
duki c r o harakiri
fuerza regida banda otro pedo ch y pizza
30 03
aitana los angeles
alejo saiko d x vida
becky g peso pluma chanel
feid young miko classy 101
jhayco cuerpecito
jowell randy maluma copas
kaktov paranoia
miranda fulston sentado en las nubes
natti natasha algarete
pailita de ghetto si tu supieras
ptazeta lit killah respuesta
31 03
carino girl ultra locochona
cruz cafune turbo epifania
dellafuente vatocholo ni soy santo
fuerza regida que se te quito?
funzo baby loud remember
jay wheeler xexo
jhayco cuerpecito
juseph shorty nueva
marc segui al menos ahora
ozuna juanka brray single
pimp flaco distraido
solitario el capital intelectual
yahritza y su esencia no se puede decir adios",ac1843158da4cbfdd0db8e8fd36eb7186bdf3e8e55aebae2d8ee74997dbec313,665,143,es,genius,,2026-03-09 10:35:36.219903+00,2025
963,997,"esto es ti

it s the prodigiez

eres mas fria que una tarde baby en bogota
de tanto tiempo sin tu sexo me ansiedad
se que me extranas porque hasta mal de mi hablas
pero cuando nos vemos
todos tus deseos te los concedo
perdemos el miedo y me dices
 bebe que rico repetirlo
pero sin nada de amor nada de amor
que pereza ya lo mismo
solo el sexo es mejor nos va mejor
que pereza ya lo mismo me curiosidad
esa vez si nos veremos o al final terminara?
sabes que es un espejismo no es una casualidad
mantengamoslo en secreto solo sea en intimidad
sabes que a mi me enloquece cuando a ti te lo hago
sabes mujer que te quiero aunque no soy un mago
porque siempre me aparezco cuando quiere adentro
es que bebe tu siempre me paras el tiempo y
sabes que a mi me enloquece cuando a ti te lo hago
sabes mujer que te quiero aunque no soy un mago
porque siempre me aparezco cuando quiere adentro
es que bebe tu siempre me paras el tiempo
eres mas fria que una tarde baby en bogota
de tanto tiempo sin tu sexo me ansiedad
se que me extranas porque hasta mal de mi hablas
pero cuando nos vemos
todos tus deseos te los concedo
perdemos el miedo y me dices
 bebe que rico repetirlo
pero sin nada de amor nada de amor
que pereza ya lo mismo
solo el sexo es mejor nos va mejor
 bebe que rico repetirlo
pero sin nada de amor nada de amor
que pereza ya lo mismo
solo el sexo es mejor nos va mejor
sabe que mi amor?
usted sabe que es mejor que no mate curiosidad
hacerlo los dos juntitos bebe en intimidad

no mentira mi amor si sabe
sabe que es mejor asi
pirobo para de chimbear
si nos chimbeamos que sea bajo las sabanas
the prodigiez
el bendito hecho en medellin
tu sabes quien
dimelo jara
desde el barrio antioquia
blessd
maisak",4fbfb4816d3577d831c31f3cebc602bc8289f65e65d730b9355eb3fc0d705cb1,338,52,es,genius,,2026-03-09 10:35:56.179355+00,2024
964,998,"me duele borrar las foto y los video
que tenemo guardaito en carpeta de los do
solo queda conformarme con momento del pasado
y ese trago amargo que ha sido tu adios
ojala ojala
que sea un hasta luego que no sea para siempre
ojala ojala
que sea un hasta luego que no sea para siempre
siempre luchaba y tu no lo viste
me duele pensar que otro ya te desviste
noche es fria desde que te fuiste
quiero despertar y que esto sea un chiste
no te bote si quieres amor mami puede volver
tomamo foticos para el tbt
recuerda que fui quien te enamore y nunca te olvide
me dejaste solo te llevaste todo
mi corazon roto ya no tengo paz
y a veces cuando tomo pienso en todo
trato de estar bien pero no soy capaz
me duele borrar las foto y los video
que tenemo guardaito en carpeta de los do
solo queda conformarme con momento del pasado
y ese trago amargo que ha sido tu adios
ojala ojala
que sea un hasta luego que no sea para siempre
ojala ojala
que sea un hasta luego que no sea para siempre",e5d5d3ae3edecdda417c1e262e04a1b4b37627e9316ee95c4d4b4489d0b096c2,195,27,es,genius,,2026-03-09 10:36:01.391316+00,2025
965,999,"esto es para todas las girlas que les gusta bailar dance hall
directamente desde medellin san andres
ryan castro y rayo toby
que chimba sog ¡ !
zaga zaga zau awoo
dime tu misma si comenzamo no se sabe donde acabamo
 lante no le corra nada desde ahora estas secuestrada
dime tu misma si comenzamo no se sabe donde acabamo
 lante no le corra nada desde ahora estas secuestrada
sog dame open the mic me tiro un freestyle
que me siento chulito como nike
le rompo abajo como sky
y ese culo es de tu mai soy tu pai
se ve que estas high y esta esta light alright
vamo a comportarno mal
te vo a secuestrar te vo a detonar
quiero sentir tu movimiento abdominal
dicen que para el sexo eres profesional
caliente abajo caliente
tu y nos gustamo mamacita e evidente
tu ere como el agua de mi tierra ardiente
si hacemos una porno que hable de hasta chente
solo dime lo que tu quieres que ya voy por mitad
no te tires que estoy en nota
el pantycito que te queda te lo voy a quitar
hace rato que quiero verte en pelota
dime tu misma si comenzamo no se sabe donde acabamo
 lante no le corra nada desde ahora estas secuestrada
dime tu misma si comenzamo no se sabe donde acabamo
 lante no le como a nada desde ahora estas secuestrada
o sea me estas diciendo que nadie esta compitiendo?
que tu se las pones lejos que estas destruyendo
ya demuestra lo que esta hablando to el mundo te esta viendo
pero y esta que esta haciendo? o era en serio que estaba rompiendo?
alza mano si te excita lo que ahora mismo escucha
 quiero ser dueno e esa chuta
me echo dos de tequila ahorita te grabo bailando en ducha
baby esa fucking lujuria e mucha
se pone como loquita serrucha
ya dice voy a perrear hasta que te escucha
quien te ve quien te escucha contigo toca ponerse trucha
al segundo volo capucha awoo letra
estaba en disco y nos fuimos mi caleta
mucha marihuana y los condones en gaveta
los porros son king size y las monas son violeta
aqui somos coleto el bajo mundo me respeta
mueve el culo como haciendo marometa
rayo toby ryan castro tienen receta
con los poderes por nadie nos reta
te voy a detonar con esta pietro beretta
contra esquina
ish sin vaselina right vitamina
nos vamos con paola con daniela y valentina
dime tu misma si comenzamo no se sabe donde acabamo
 lante no le corra nada desde ahora estas secuestrada
dime tu misma si comenzamo no se sabe donde acabamo
 lante no le como a nada desde ahora estas secuestrada",fa3765c4b88f56e1bc945b42e5b1061eaf2747723731d5b4014e8ab1607ee1a7,455,57,es,genius,,2026-03-09 10:36:06.498613+00,2025
966,1000,"no te monte en el tren de ilusion
que todo sigue igual bebe
aqui nada ha cambia o
baby todo sigue igual
misma foto en sala el perro en cama
todo en su lugar
y serie que empezamo no quise ni terminar
se parecian a tus dramas
por misma trama cambie de canal
que tanto te crees? que pretendes que hiciera?
o acaso esperabas que por ti me muriera?
y te quedaste tu esperando pailas parcera
si al final de todo me dio igual que te fueras
esto se acabo se te vencio el plazo
no vuelva porque ya te encontre reemplazo
y si te encuentro por ahi sigo el paso
que no me hablen de ti ni por si acaso
tu creyendo que diamantes era
 cual ejerces? cual es tu novela?
l colmo y que te duela
tu te fuiste y ahora estoy bien rela
y serie que empezamo no quise ni terminar
se parecian a tus dramas
por misma trama cambie de canal
que tanto te crees? que pretendes que hiciera?
o acaso esperabas que por ti me muriera?
y te quedaste tu esperando pailas parcera
si al final de todo me dio igual que te fueras
que tanto te crees? que pretendes que hiciera?
o acaso esperabas que por ti me muriera?
y te quedaste tu esperando pailas parcera
si al final de todo me dio igual que te fueras
contigo ni para un rato si ya se cerro ese trato
busca a alguien que te quiera a ti
y ojala no se parezca a mi
ya no eres indispensable en mi vida
eres libre vuela gavioteria
que tanto te crees? que pretendes que hiciera?
o acaso esperabas que por ti me muriera?
y te quedaste tu esperando pailas parcera
si al final de todo me dio igual que te fueras
que tanto te crees? que pretendes que hiciera?
o acaso esperabas que por ti me muriera?
y te quedaste tu esperando pailas parcera
si al final de todo me dio igual que te fueras",319dd910876b67506999bc7784cd0e94db011d3ee87ea20f3606337989d57754,338,45,es,genius,,2026-03-09 10:36:11.952715+00,2025
968,1004,"creando hip hop
sonando en ritmos
vida son dos dias
queda uno el domingo
ese que ves pasar soy
con tus cerdas con el bejo con el crema
no
creando hip hop
sonando en ritmos
vida son dos dias
queda uno el domingo
ese que ves pasar soy
con tus cerdas con el crema con el bejo
a cara perro
me falla memoria a corto plazo
y vivo mas pensando en lo que voy a hacer
pero no en lo que hago
sin que me des mano ya me cojo el brazo
hoy rata presumida se puso de falda el lazo
todo vale y nada queda
de nada todo sale ya le vale miedo me
que lo que viene se va
y ahora me ponen a prueba y ahi queda
pocas veces conmigo cayo esa breva
son mas de las tres y en breve un cafe
o ten fe si piensas que un forever
aumenta el estres cuando ves que
desde costa a vez llegamos together
quien dijo miedo estando unidos?
en el parque solo quedan chustas y litronas
con marca de estos mal nacidos
tiene ese morbo que pido
es discreta y coqueta y se rie sin motivo
ven si quieres ver quien se lo monta bien siempre
recogiendo frutos que no sembre
nada empieza hasta que entre
con el carisma caletero ya curtido del vientre
ven si quieres ver quien te baja el sosten
¡hey! no me busques es mejor que no me encuentres
vida pasa ahora verano queda poco
y a vez lejano nos vemos en septiembre
con los calzoncillos en mano tirado
estoy sucio
ya van 3 dias sin ducharme y subiendo
esas putas hablando de mi
y a mi me suda
se de vida y no de playstation
de perder amigos de ganar paisanos
de follar contigo y de llorar por un hermano
de potar vinos de fumar abanos
de creerte sano y de matarte por un gramo
hielo y ron
como el tequila sal de mi vida y sin limon
por que respiras?
ya sabes cual es tu funcion?
estoy en esquina del folio con rima y sin condon
bombon te derrite el sol
marca de las gafas y del culo en el sillon
igual que sea en cholas barba de tres semanas
si estoy con bejo y uge se asegura el fieston
haz considerado que no vas a ser
quien quieres ser ahi sentado?
acera coche acera
mantenlo sin pisar el de frenado
cambia hora una mas tarde
olvida el horizonte y todo lo aprendido
te enganaron no vas a ser quien quieres ser
pero si te empenas vas a ser mas parecido
creando hip hop
sonando en ritmos
vida son dos dias
queda uno el domingo
ese que ves pasar soy
con tus cerdas con el bejo con el crema
no
creando hip hop
sonando en ritmos
vida son dos dias
queda uno el domingo
ese que ves pasar soy
con tus cerdas con el crema con el bejo
a cara perro
que se
dejalo que se alla
tu orilla al locoplaya
y ya se las arreglara
conocemos estas aguas mejor que usted capitan
cambia de carnada o tira otro sitio
aqui no pescas nada
no nos busques estamos on back
haz caso al bejo o arrepientete de viejo
me lo escribo en pelotas en el sofa
no nada mas fresco que
voy separando crema de purrela por decantacion
dejo que baje solo todo el peso si paso a accion
si quieres pillar cosita buena suelta ya el raton
loco tenemos el mejor queso
pruebalo
rap del archipielago fresco
putas con tacones de aguja
siguen bailando sobre le tempano
hasta que un dia se raje y se hundan
en las aguas profundas
de nuestro oceano
que esto va de coco en coco como los piojos en colegios
crecimos con jerga de sixtolo y no de recio
se me infla vena del ojo si pierdo los nervios
asi que ten cuidado lo digo en serio
entre broma y broma polla me asoma
y te enseno
mas de uno hasta en ducha desentona
y quiere un premio el carisma caletero
traigo en forma de proverbios
locoplaya is in house
creando hip hop
sonando en ritmos
vida son dos dias
queda uno el domingo
ese que ves pasar soy
con tus cerdas con el bejo con el crema
no
creando hip hop
sonando en ritmos
vida son dos dias
queda uno el domingo
ese que ves pasar soy
con tus cerdas con el crema con el bejo
a cara perro",56453aa823e16498fdbb719fc674da2b98cc0ae72adaa2eecac64105676c943e,755,128,es,genius,,2026-03-09 10:36:31.517378+00,2025
969,1005,"eu sou a
sou a mais lisa em mim ninguem pisa
coragem me sobra
eu sou a ranzinza a amiga das cobras
eu sou a star num brejo num bar
lugar meio inquieto onde a lei e o jazz
proibido a insetos
meio esfumacado e pouca luz
me chamam razinha blues
eu sou a
sou a rainha todos vao minha
ninguem me esquece e a quem eu envolvo de amor enlouquece!
mas amoleco se escuto acorde
de blues que eu conheco
minha voz negra e nua meu corpo flutua
vestido colado e ombros nus
me chamam razinha blues
eu sou a
sou indigesta minha carne nao presta
mesa cuidado sou prato fatal
me comer e risco
mas sou legal quando abre a cortina
nao sei fazer mal
so o blues me domina seduz me alucina!
quando o maestro me conduz
me chamam razinha blues",3e049553298ad865556962d748b8e67ff54bbb9db1d18f22c72d1b0a6e612a31,144,26,es,genius,,2026-03-09 10:36:37.473279+00,2025
970,1006,"directamente desde el downtown
bo lo lo bo lo lo
como te conte me sentia perdido cuando te encontre
tenia el corazon partio pero lo arregle
cuando lo tenia arreglado ya te lo entregue en un dos por tres
como te conte me sentia perdido cuando te encontre
tenia el corazon partio pero lo arregle
cuando lo tenia arreglado ya te lo entregue en un dos por tres


cuando te encontre tenia el corazon partio pero lo arregle
en un dos por tres
por cosa mia no creia nada de lo que decia
pareciste tan buena tal ves no lo merecia
tu querias queria preguntar como seria
despertar contigo todos los dia
 y que paso?
sin sentido este bandido se enamoro
un consentido bien dormido se desperto
a nadie habia presumido asi como tu ey
y que paso?
en un dos por tres bien rapido
tu esencia tu vibra me convencio
de que quiero estar contigo hasta el ataud ey
como te conte me sentia perdido cuando te encontre
tenia el corazon partio pero lo arregle
cuando lo tenia arreglado ya te lo entregue en un dos por tres
como te conte me sentia perdido cuando te encontre
tenia el corazon partio pero lo arregle
cuando lo tenia arreglado ya te lo entregue en un dos por tres


cuando te encontre tenia el corazon partio pero lo arregle
en un dos por tres
en un dos por tres me quito el estres
todo fue un buen trip cuando hicimos clic
piensan que esto es fake no me importa el hate
you make me complete tu eres mi soulmate
en espanol mi alma gemela todo lo demas se cancela
escuchame en acapella rezo por beso de novela
y que paso?
en un dos por tres bien rapido
tu esencia tu vibra me convencio
de que quiero estar contigo hasta el ataud ey
cool dekko desde el downtown dice


cuando te encontre tenia el corazon partio pero lo arregle
en un dos por tres
como te conte
en un dos por tres
cuando te encontre
en un dos por tres
cuando de bese
en un dos por tres
en un dos por tres",667587adac76899d641173fd497ecced5951f66a6828887af5be88297c0e779d,361,50,es,genius,,2026-03-09 10:36:43.042776+00,2023
971,1008,"high beats records
el amor no es bueno solo por tener un corazon de signo
otro coro otro intro
escribi otro tema que dice lo mismo
en otro estudio en otro ritmo
no boleteo el corazon lo blindo
no voy a darte lagrimas para brindo
voy a pagarte asi con misma moneda
que veas tu si es que se siente lindo
esta noche me rindo
todo lo que te aguantaba era porque te amaba pero me resigno
te salio mal jugada baby que cagada porque ahora estoy en billboard
y ya no soy el mismo
a tu nombre me lo si a tu nombre me lo sirvo
esta noche me rindo
todo lo que te aguantaba era porque te amaba pero me resigno
te salio mal jugada baby que cagada porque ahora estoy en billboard
y ya no soy el mismo
a tu nombre me lo si a tu nombre me lo sirvo
que hijueputa pensadera
que tal que este con un man? amen
como dice el refran cansancio es lo que queda del afan
no es que no te quiera es que hace mucho tiempo ya no soy tu fan
las horas no me pasan las cuentas no me dan
dime donde estan? como no te di nada
anda a buscar a los que te dan
a vos que se te botan como se te van
y ahora bien
los que me ven una vez dicen que me conocen
y los que me conocen bien no me ven de una vez
asi se piensa asi es el mundo patas al reves
amigos de buenas y malas tengo dos o tres
no tengo por que aguantar esta vez no lo hare
no son palabras del cora son tus frases de internet
no te interesa el corazon igual ya me entere
que todo lo que hacias lo hacias por interes

nue
esta noche me rindo
lo que te aguantaba era porque te amaba pero me resigno
te salio mal jugada baby que cagada porque ahora estoy en billboard
y ya no soy el mismo
a tu nombre me lo si a tu nombre me lo sirvo
esta noche me rindo
todo lo que te aguantaba era porque te amaba pero me resigno
te salio mal jugada baby que cagada porque ahora estoy en billboard
y ya no soy el mismo
a tu nombre me lo si a tu nombre me lo sirvo
tu sigue llamandome sigo mintiendome
diciendome que no sabiendo que muy en el fondo estoy muriendome
y aunque se que respondiendote estoy devolviendome
solamente quiero ver como tu estas viendome
ver si estas mintiendome o mismo me he mentido
vos sabes lo que soy tambien se bien lo que he sido
hemos enloquecido cupido malparido
tiraste flecha a un corazon del que ya habia salido
sin sentido
ahora si que estoy raro y confundido
no me he ido no he salido no he comido no he grabado
no he podido ni fumar
nadie sabe como ha sido
me ha dolido olvidarte mami me ha dolido
a dios le pido que te cuide a ti no te cuido
es mas a lo mejor esto lo tengo merecido
y ahora estoy aqui pidiendote cacao arrepentido
diferencia es que nunca he mentido
nue
nueva luz del diamante
el mismo de siempre
mejor que antes
esta es ti bebe
cali cartel vo jabe
the big pieces

the big pieces
encontre el power
 high beats
pase joseando
vos sabes bebe
te mando el corazon mi amor
cali cartel",40a4f76cb02e167537ec43d88946724a5a28eb54a011c0c0d91bfb0b4e46ba39,584,79,es,genius,,2026-03-09 10:36:51.379564+00,2024
973,1010,"mirala mirala como se aloca
y parece que no mata ni una mosca
le gusta el perreo sucio baila y se muerde boca
con esa carita cualquiera se equivoca
!
nena le mete al bombay
tiene unas amiguitas con las que siempre esta high
el instagram explotao a punta de likes
y un mansito que le manda los pesos desde dubai
!
ella es reina del degenere
y a todos envuelve
cuando se mueve
perreando llego al maximo level
todos miran ese culo cuando lo mueve
ella quiere que le de
contra pared
que ahi atras me le pegue
y si ella quiere pam pam
voy a darle pam pam
y ella quiere que le de
contra pared
que ahi atras me le pegue
y si ella quiere pam pam
voy a darle pam pam
nigga
y ella se alborota sola se arrebata
cuando prende de mata los ojitos delatan
le a las pastillitas de esas que vienen rosadas
y se va sola pal party que no le digan nada
y el perreo activa pone agresiva
no copia de nada ella es toda una diva
su relacion mas estable ha sido con sativa
pero cuando le canto se motiva!
ella quiere que le de
contra pared
que ahi atras me le pegue
y si ella quiere pam pam
voy a darle pam pam
ella quiere que le de
contra pared
que ahi atras me le pegue
y si ella quiere pam pam
voy a darle pam pam nigga
mirala mirala como se aloca
y parece que no mata ni una mosca
le gusta el perreo sucio baila y se muerde boca
con esa carita cualquiera se equivoca
mirala mirala como se aloca
mirala mirala como se aloca
mirala mirala como se aloca
con esa carita cualquiera se equivoca!
ella quiere que le de
contra pared
que ahi atras me le pegue
y si ella quiere pam pam
voy a darle pam pam
ella quiere que le de
contra pared
que ahi atras me le pegue
y si ella quiere pam pam
voy a darle pam pam nigga
this is klaxel
passa passa sound system
dj dever
fred gabbana hommie
deezy so take it easy
another flavour otro viaje
this is klaxel",66e8fe99ed3e864471e1389e19262c52ad46c1380a314b4344a805424a74448b,371,69,es,genius,,2026-03-09 10:37:02.426879+00,2024
974,1011,"tengo formula
para ganar tu querer
sumo un poco de carino
y multiplico el placer
y es que por ti me converti un matematico
si si si aunque parezca lunatico
y es que por ti me converti un matematico
si si si aunque parezca lunatico
soy aquel que suma los celos y quiere ser tu dueno
y aunque no te tengo
vivido sea en tierra para ser solo los dos
para ser solo los dos
y quien lo diria si acabo de conocerte
y ya quiero tenerte a mi lado
quien pensaria que ni soy quimico ni fisico
una formula me inventara
tengo formula
para ganar tu querer
sumo un poco de carino
y multiplico el placer
primero sumar unos pesos
para ver si te compro una luna de queso
como sea te convenso
aunque tenga que volverme intenso
asi sea dificil el proceso
el resultado siempre sera igual
aunque se alteren los factores
el producto no cambiara
y funcionara formula
y quien lo diria si acabo de conocerte
y ya quiero tenerte a mi lado
quien pensaria que ni soy quimico ni fisico
una formula me inventara
tengo formula
para ganar tu querer
sumo un poco de carino
y multiplico el placer
eyy
passa passa sound system
dj dever
adonay the rude boy
a ther my father",3140bc8c0d17817b2444439e46904a91715f78b261b220a1969f6df8559c3c9b,218,42,es,genius,,2026-03-09 10:37:09.453208+00,2024
976,1014,"si pudiera alzar el vuelo
alzar el vuelo como hace el condor que vuela alto muy alto
me lejos pero bien lejos
adonde nadie nunca supiera del papa de rafael santos
porque una pena tras otra pena estan acabando conmigo
y por ser un hombre tan fuerte he podido resistir
y no me quiero morir
porque me duelen mis hijos
y no me quiero morir
porque me duelen mis hijos
mejor me voy mejor me voy
como hace el condor herido
mejor me voy mejor me voy
como hace el condor herido
para que plata si no es por
porque trabajo y en cualquier parte me puedo ganar
es lo que siento aqui en el pecho
que con dinero jamas y nunca se puede solucionar
me refiero es a senora que fue conmigo al altar
que adoro y quiero tanto y es mama de mis hijos
pero me mucho pesar
que me esta quitando el carino
pero me mucho pesar
que me esta quitando el carino
mejor me voy mejor me voy
como hace el condor herido
mejor me voy mejor me voy
como hace el condor herido
tiene razon ella tiene razon
en ciertas cosas
porque deberas reconozco de que si soy mujeriego
pero ella sabe y a mi me consta
que cuando los dos nos conocimos sabia que era parrandero
entonces ahora despues de viejo vive peleando conmigo
si llego tarde o llegue temprano es misma cantaleta
voy a arregla maleta y voy a coger mi camino
voy a arregla maleta y voy a coger mi camino
adios adios adios adios
ya se va el condor herido
adios adios adios adios
ya se va el condor herido
adios adios adios adios
ya se va el condor herido
adios adios adios adios
ya se va el condor herido",213ace89f492072cf6f4b655fa54259646fc14a6ca8e5ac6ba4b525939df328b,299,45,es,genius,,2026-03-09 10:37:23.776953+00,2025
977,1018,"chapter iii
of the survival of images
memory and mind
to sum up briefly the preceding chapters we have distinguished three processes pure memory memory image and perception of which none of them in fa ct occurs apart from the others percep tion is never a mere contact of the mind with the object present it is impregnated with memory images which complete it as they interpret it the memory image in its turn partakes of the pure memory which it begins to materialize and of the perception in which it tends to embody itself regarded from the latter point of view it might be defined as a nascent perception lastly pure memory though independent in theory manifests itself as a rule only in the colored and living image which reveals it symboliz ing these three terms by the consecutive segments ab bc cd of the same straight line ad we may say that our thought describes this line in a single movement which goes from a to 0 and that is impossible to say precisely where one of the terms ends and another begins
in fact this is just what consciousness bears witness to when ever in order to analyze memory it follows the movement of memory at work whenever we are trying to recover a recollec tion to call up some period of our history we become conscious of an act sui ganeris by which we detach ourselves from the present in order to replace ourselves first in the past in general then in a certain region of the past a work of adjustment something like the focusing of a camera but our recollection still remains virtual we simply prepare ourselves to receive it by adopting the appropriate attitude little by little it comes into view like a con densing cloud fr om the virtual state it passes into the actual and as its outlines become more distinct and its surface takes on color it tends to imitate perception but it remains attached to the past by its deepest roots and if when once realized it did not retain something of its original virtuality if being a present state it were not also something which stands out distinct from the present we should never know it for a memory
the capital error of associationism is that it substitutes fo r this continuity of becoming which is the living reality a discontinu ous multiplicity of elements inert and juxtaposed just because each of the elements so constituted contains by reason of its ori gin something of what precedes and also of what fo llows it must take to our eyes the fo rm of a mixed and so to speak impure state but the principle of associationism requires that each psy chical state should be a kind of atom a simple element hence the necessity fo r sacrificing in each of the phases we have distin guished the unstable to the stable that is to say the beginning to the end if we are dealing with perception we are asked to see in it nothing but the agglomerated sensations which color it and to overlook the remembered images which fo rm its dim nucleus if it is the remembered image that we are considering we are bid den to take it already made realized in a weak perception and to shut our eyes to the pure memory which this image has progres sively developed in the rivalry which associationism thus sets up between the stable and the unstable perception is bound to expel the memory image and the memory image to expel pure memory and thus the pure memory disappears altogether associationism cutting in two by a line mo the totality of the progress ad sees in the part 00 only the sensations which terminate it and which have been supposed to constitute the whole of perception yet it also reduces the part ao to the realized image which pure memory attains to as it expands psychical life then is entirely summed up in these two elements sensation and image and as on the one hand this theory drowns in the image the pure memory which makes the image into an original state and on the other hand brings the image yet closer to perception by putting into percep tion in advance something of the image itself it ends up by find ing between these two states only a diffe rence of degree or of intensity hence the distinction between strong states and weak states of which the first are supposed to be set up by us as perceptions of the present and the second as representa tions of the past but the truth is that we shall never reach the past unless we fr ankly place ourselves within it essentially virtual it cannot be known as something past unless we fo llow and adopt the movement by which it expands into a present image thus emerging fr om obscurity into the light of day in vain do we seek its trace in anything actual and already realized we might as well look fo r darkness beneath the light this is in fact the error of associationism placed in the actual it exhausts itself in vain attempts to discover in a realized and present state the mark of its past origin to distinguish memory from perception and to erect into a diffe rence in kind that which it condemned in advance to be but a diffe rence of magnitude
to picture is not to remember no doubt a recollection as it becomes actual tends to live in an image however the converse is not true and the image pure and simple will not be referred to the past unless indeed it was in the past that i sought it thus following the continuous progress which brought it fr om darkness into light this is what psychologists too often forget when they conclude from the fa ct that a remembered sensation becomes more actual the more we dwell upon it that the memory of the sensation is the sensation itself beginning to be the fact which they allege is undoubtedly true the more i strive to recall a past pain the nearer i come to feeling it in reality but this is easy to understand since the progress of a memory precisely consists as we have said in its becoming materialized the question is was the memory of a pain when it began really pain? because the hypnotized subject ends by feeling hot when he is repeatedly told that he is hot it does not follow that the words of the suggestion were themselves hot neither must we conclude that because the memory of a sensation prolongs itself into that very sensation the memory was a nascent sensation perhaps indeed this memory plays with regard to the sensation which fo llows it precisely the part of the hypnotizer who makes the suggestion the argument we are criticizing presented in this form is then already of no value as proof still it is not yet a vicious argument because it profits by the incontestable truth that memory passes into something else by becoming actual the absurdity becomes patent when the argument is inverted that is to say when the intensity of the sensation is decreased instead of the intensity of pure memory being increased for then if the two states differ merely in degree there should be a given moment at which the sensation changed into a memory if the memory of an acute pain for instance is but a slight pain inversely an intense pain which i fe el will end as it grows less by being an acute pain remembered now the moment will come undoubtedly when it is impossible fo r me to say whether what i fe el is a slight sensation which i experience or a slight sensation which i imagine but never will this weak state appear to me to be the memory of a strong state memory then is something quite diffe rent
but the illusion which consists in establishing only a diffe r ence of degree between memory and perception is more than a mere consequence of associationism more than an accident in the history of philosophy its roots lie deep it rests in the last analysis on a fa lse idea of the nature and of the object of external perception we are bent on regarding perception as only an instruc tion addressed to a pure spirit as having a purely speculative inter est then as memory is itself essentially a knowledge of this kind since its object is no longer present we can only find between perception and memory a difference of degree perceptions being then supposed to throw memories back into the past and thus to reserve to themselves the present simply because right is might but there is much more between past and present than a mere difference of degree my present is that which interests me which lives fo r me and in a word that which summons me to action in contrast my past is essentially powerless we must dwell fu rther on this point by contrasting it with present perception we shall better understand the nature of what we call pure memory
for we should endeavor in vain to characterize the memory of a past state unless we began by defining the concrete note accepted by consciousness of present reality what is fo r me the present moment? the essence of time is that it goes by time already gone by is the past and we call the present the instant in which it goes by but there can be no question here of a mathematical instant no doubt there is an ideal present a pure conception the indivisi ble limit which separates past from fu ture but the real concrete live present that of which i speak when i speak of my present perception that present necessarily occupies a duration where then is this duration placed? is it on the nearer or on the fu rther side of the mathematical point which i determine ideally when i think of the present instant? quite evidently it is both on this side and on that and what i call my present has one fo ot in my past and another in my fu ture in my past first because the moment in which i am speaking is already fa r fr om me in my fu ture next because this moment is impending over the fu ture it is to the fu ture that i am tending and could i fix this indivisible present this infinitesimal element of the curve of time it is the direction of the fu ture that it would indicate the psychical state then that i call my present must be both a perception of the immediate past and a determination of the immediate fu ture now the immediate past in so fa r as it is perceived is as we shall see sensation since every sensation translates a very long succession of elementary vibrations and the immediate fu ture in so fa r as it is being determined is action or movement my present then is both sensation and movement since my present fo rms an undi vided whole then the movement must be linked with the sensa tion must prolong it in action whence i conclude that my present consists in a joint system of sensations and movements my pre sent is in its essence sensori motor
this is to say that my present consists in the consciousness i have of my body having extension in space my body experiences sensations and at the same time executes movements sensations and movements being localized at determined points of this extended body there can only be at a given moment a single system of movements and sensations that is why my present appears to me to be a thing absolutely determined and contrast ing with my past situated between the matter which influences it and that on which it has influence my body is a center of action the place where the impressions received choose intelligently the path they will fo llow to transform themselves into movements accomplished thus it indeed represents the actual state of my becoming that part of my duration which is in process of growth more generally in that continuity of becoming which is reality itself the present moment is constituted by the quasi instantaneous section effected by our perception in the flowing mass and this section is precisely that which we call the material world our body occupies its center it is in this material world that part of which we directly fe el the flux in its actual state the actuality of our present lies if matter so fa r as extended in space is to be defined as a present which is always begin ning again inversely our present is the very materiality of our existence that is to say a system of sensations and movements and nothing else and this system is determined unique fo r each moment of duration just because sensations and movements occupy space and because there cannot be in the same place several things at the same time why is it that it has been possible to misunder stand so simple so evident a truth one which is moreover the very idea of common sense?
the reason lies simply in the fa ct that philosophers insist on regarding the difference between actual sensations and pure memory as a mere diffe rence in degree and not in kind in our view the diffe rence is radical my actual sensations occupy definite por tions of the surface of my body pure memory on the other hand interests no part of my body no doubt it will beget sensations as it materializes but at that very moment it will cease to be a memory and pass into the state of a present thing something actually lived i shall then only restore to it its character of memory by carrying myself back to the process by which i called it up as it was vir tual fr om the depths of my past it is just because i made it active that it has become actual that is to say a sensation capable of provoking movements but most psychologists see in pure memory only a weakened perception an assembly of nascent sensations having thus effaced to begin with all diffe rence in kind between sensation and memory they are led by the logic of their hypothesis to materialize memory and to idealize sensation they perceive memory only in the fo rm of an image that is to say already embod ied in nascent sensations having thus attributed to it that which is essential to sensation and refusing to see in the ideality of memory something distinct something contrasted with sensation itself they are fo rced when they come back to pure sensation to leave to it that ideality with which they have thus implicitly endowed nascent sensations for if the past which by hypothesis is no longer active can subsist in the fo rm of a weak sensation there must be sensations that are powerless if pure memory which by hypothe sis interests no definite part of the body is a nascent sensation then sensation is not essentially localized in any point of the body hence the illusion that consists in regarding sensation as an ethe real and unextended state which acquires extension and consoli dates in the body by mere accident an illusion which vitiates profoundly as we have seen the theory of external perception and raises a great number of the questions at issue between the vari ous metaphysics of matter we must make up our minds to it sensation is in its essence extended and localized it is a source of movement pure memory being inextensive and powerless does not in any degree share the nature of sensation
that which i call my present is my attitude with regard to the immediate fu ture it is my impending action my present is then sensori motor of my past that alone becomes image and conse quently sensation at least nascent which can collaborate in that action insert itself in that attitude in a word make itself useful but fr om the moment that it becomes image the past leaves the state of pure memory and coincides with a certain part of my present memory actualized in an image diffe rs then profoundly fr om pure memory the image is a present state and its sole share in the past is the memory from which it arose memory on the contrary powerless as long as it remains without utility is pure fr om all admixture of sensation is without attachment to the present and is consequently unextended
this radical powerlessness of pure memory is just what will enable us to understand how it is preserved in a latent state with out as yet going to the heart of the matter we will confine our selves to the remark that our unwillingness to conceive unconscious psychical states is due above all to the fa ct that we hold conscious ness to be the essential property of psychical states so a psychical state cannot it seems cease to be conscious without ceasing to exist but if consciousness is but the characteristic note of the present that is to say of the actually lived in short of the active then that which does not act may cease to belong to conscious ness without therefore ceasing to exist in some manner in other words in the psychological domain consciousness may not be the synonym of existence but only of real action or of immediate efficacy limiting thus the meaning of the term we shall have less difficulty in representing to ourselves a psychical state which is unconscious that is to say ineffective whatever idea we may frame of consciousness in itself such as it would be if it could work untrammeled we cannot deny that in a being which has bodily fu nctions the chief office of consciousness is to preside over action and to enlighten choice therefore it throws light on the imme diate antecedents of the decision and on those past recollections which can usefully combine with it all else remains in shadow but we find here once more in a new fo rm the ever recurrent illusion which throughout this work we have endeavored to dis pel it is supposed that consciousness even when linked with bodily fu nctions is a faculty that is only accidentally practical and is directed essentially toward speculation then since we cannot see what interest devoted as it is supposed to be to pure knowl edge it would have in allowing any information that it possesses to escape we fa il to understand why it refuses to throw light on something that was not entirely lost to it from this we conclude that it can possess nothing more de jure than what it holds de fa cto and that in the domain of consciousness all that is real is actual but restore to consciousness its true role there will no longer be any more reason to say that the past effaces itself as soon as perceived than there is to suppose that material objects cease to exist when we cease to perceive them
we must insist on this last point fo r here we have the central difficulty and the source of the ambiguities which surround the problem of the unconscious the idea of an unconscious representation is clear despite current prejudice we may even say that we make constant use of it and that there is no conception more fa miliar to common sense for everyone admits that the images actually present to our perception are not the whole of matter but on the other hand what can be a nonperceived material object an image not imagined unless it is a kind of unconscious mental state? beyond the walls of your room which you perceive at this moment there are the adjoining rooms then the rest of the house finally the street and the town in which you live it signifies little to which theory of matter you adhere realist or idealist you are evi dently thinking when you speak of the town of the street of the other rooms in the house of so many perceptions absent from your consciousness and yet given outside of it they are not cre ated as your consciousness receives them they existed then in some manner and since by hypothesis your consciousness did not apprehend them how could they exist in themselves unless in the unconscious state? how comes it then that an existence out side of consciousness appears clear to us in the case of objects but obscure when we are speaking of the subject? our perceptions actual and virtual extend along two lines the one horizontal ab which contains all simultaneous objects in space the other verti cal cr on which are ranged our successive recollections set out in time the point i at the intersection of the two lines is the only one actually given to consciousness whence comes it that we do not hesitate to posit the reality of the whole line ab although it remains unperceived while on the contrary of the line ei the present i which is actually perceived is the only point which appears to us really to exist? there are at the bottom of this radical dis tinction between the two series temporal and spatial so many confused or half formed ideas so many hypotheses devoid of any speculative value that we cannot all at once make an exhaustive analysis of them in order to unmask the illusion entirely we should have to seek its origin and fo llow through all its windings the double movement by which we come to assume objective reali ties without relation to consciousness and states of conscious ness without objective reality space thus appearing to preserve indefinitely the things which are there juxtaposed while time in its advance devours the states which succeed each other within it part of this work has been done in our first chapter where we discussed objectivity in general another part will be dealt with in the last pages of this book where we shall speak of the idea of matter we confine ourselves here to a few essential points
figure 3
first the objects ranged along the line ab represent to our eyes what we are going to perceive while the line ci contains only that which has already been perceived now the past has no longer any interest for us it has exhausted its possible action or will only recover an influence by borrowing the vitality of the present perception the immediate future on the contrary con sists in an impending action in an energy not yet spent the unper ceived part of the material universe big with promises and threats has then for us a reality which the actually unperceived periods of our past existence cannot and should not possess but this dis tinction which is entirely relative to practical utility and to the material needs of life takes in our minds the more and more marked form of a metaphysical distinction
we have shown that the objects which surround us represent in varying degrees an action which we can accomplish upon things or which we must experience from them the date of fu lfilment of this possible action is indicated by the greater or lesser remote ness of the corresponding object so that distance in space mea sures the proximity of a threat or of a promise in time thus space fu rnishes us at once with the diagram of our near fu ture and as this fu ture must recede indefinitely space which symbolizes it has fo r its property to remain in its immobility indefinitely open hence the immediate horizon given to our perception appears to us to be necessarily surrounded by a wider circle existing though unperceived this circle itself implying yet another outside it and so on ad infinitum it is then of the essence of our actual per ception inasmuch as it is extended to be always only a content in relation to a vaster even an unlimited experience which con tains it this experience absent from our consciousness since it spreads beyond the perceived horizon nevertheless appears to be actually given but while we fe el ourselves to be dependent upon these material objects which we thus erect into present reallues our memories on the contrary inasmuch as they are past are so much dead weight that we carry with us and by which we prefer to imagine ourselves unencumbered the same instinct in virtue of which we open out space indefinitely before us prompts us to shut off time behind us as it flows and while reality in so fa r as it is extended appears to us to overpass infinitely the bounds of our perception in our inner life that alone seems to us to be real which begins with the present moment the rest is practically abol ished then when a memory reappears in consciousness it pro duces on us the effect of a ghost whose mysterious apparition must be explained by special causes in truth the adherence of this memory to our present condition is exactly comparable to the adherence of unperceived objects to those objects which we per ceive and the unconscious plays in each case a similar part
but we have great difficulty in representing the matter to our selves in this way because we have fa llen into the habit of empha sizing the differences and on the contrary of slurring over the resemblances between the series of objects simultaneously set out in space and that of states successively developed in time in the first the terms condition each other in a manner which is entirely determined so that the appearance of each new term may be fo re seen thus i know when i leave my room what other rooms i shall go through however my memories present themselves in an order which is apparently capricious the order of the repre sentations is then necessary in the one case contingent in the other it is this necessity which i hypostatize as it were when i speak of the existence of objects outside of all consciousness if i see no inconvenience in supposing given the totality of objects which i do not perceive it is because the strictly determined order of these objects lends to them the appearance of a chain of which my pre sent perception is only one link this link communicates its actu ality to the rest of the chain but if we look at the matter closely we shall see that our memories form a chain of the same kind and that our character always present in all our decisions is indeed the actual synthesis of all our past states in this epitomized fo rm our previous psychical life exists fo r us even more than the exter nal world of which we never perceive more than a very small part whereas on the contrary we use the whole of our lived experi ence it is true that we possess merely a digest of it and that our fo rmer perceptions considered as distinct individualities seem to us to have completely disappeared or to appear again only at the bidding of their caprice but this semblance of complete destruction or of capricious revival is due merely to the fa ct that actual consciousness accepts at each moment the useful and rej ects in the same breath the superfluous ever bent upon action it can only materialize those of our fo rmer perceptions which can ally themselves with the present perception to take a share in the final decision if it is necessary when i would manifest my will at a given point of space that my consciousness should go successively through those intermediaries or those obstacles of which the sum constitutes what we call distance in space so on the other hand it is useful in order to throw light on this action that my conscious ness should jump the interval of time which separates the actual situation fr om a fo rmer one which resembles it and as conscious ness goes back to the earlier date at a bound all the intermediate past escapes its hold the same reasons then which cause our perceptions to range themselves in strict continuity in space cause our memories to be illumined discontinuously in time we have not in regard to objects unperceived in space and unconscious memories in time to do with two radically diffe rent fo rms of exis tence but the exigencies of action are the inverse in the one case of what they are in the other
but here we come to the capital problem of existence a prob lem we can only glance at fo r otherwise it would lead us step by step into the heart of metaphysics we will merely say that with regard to matters of experience which alone concern us here existence appears to imply two conditions taken together presentation in consciousness and the logical or casual con nection of that which is so presented with what precedes and with what fo llows the reality fo r us of a psychical state or of a material object consists in the double fa ct that our consciousness perceives them and that they fo rm part of a series temporal or spatial of which the elements determine each other but these two condi tions admit of degrees and it is conceivable that though both are necessary they may be unequally fu lfilled thus in the case of actual internal states the connection is less close and the deter mination of the present by the past leaving ample room fo r con tingency has not the character of a mathematical derivation but then presentation in consciousness is perfect an actual psy chical state yielding the whole of its content in the act itself whereby we perceive it on the contrary if we are dealing with external objects it is the connection which is perfect since these objects obey necessary laws but then the other condition pre sentation in consciousness is never more than partially fu lfilled fo r the material object just because of the multitude of unper ceived elements by which it is linked with all other objects appears to enfold within itself and to hide behind it infinitely more than it allows to be seen we ought to say then that existence in the empirical sense of the word always implies conscious apprehen sion and regular connection both at the same time although in diffe rent degrees but our intellect of which the fu nction is to establish clear cut distinctions does not so understand things rather than admit the presence in all cases of the two elements mingled in varying proportions it prefers to dissociate them and thus attribute to external objects on the one hand and to inter nal states on the other hand two radically diff erent modes of existence each characterized by the exclusive presence of the condition which should be regarded as merely preponderating then the existence of psychical states is assumed to consist entirely in their apprehension by consciousness and that of external phenomena entirely also in the strict order of their concomitance and their succession whence the impossibility ofleaving to material objects existing but unperceived the smallest share in consciousness and to internal unconscious states the smallest share in existence we have shown at the beginning of this book the consequences of the first illusion it ends by fa lsifying our representation of mat ter the second illusion complementary to the first vitiates our conception of mind by casting over the idea of the unconscious an artificial obscurity the whole of our past psychical life condi tions our present state without being its necessary determinant whole also it reveals itself in our character although none of its past states manifests itself explicitly in character ta ken together these two conditions assure to each one of the past psychological states a real though an unconscious existence
but we are so much accustomed to reverse fo r the sake of action the real order of things we are so strongly obsessed by images drawn fr om space that we cannot hinder ourselves fr om asking where memories are stored up we understand that physico chemical phenomena take place in the brain that the brain is in the body the body in the air which surrounds it etc but the past once achieved if it is retained where is it? to locate it in the cerebral substance in the state of molecular modification seems clear and simple enough because then we have a receptacle actu ally given which we have only to open in order to let the latent images flow into consciousness but ifthe brain cannot serve such a purpose in what warehouse shall we store the accumulated images? we fo rget that the relation of container to content bor rows its apparent clearness and universality from the necessity laid upon us of always opening out space in front of us and of always closing duration behind us because it has been shown that one thing is within another the phenomenon of its preservation is not thereby made any clearer we may even go fu rther let us admit fo r a moment that the past survives in the fo rm of a memory stored in the brain it is then necessary that the brain in order to pre serve the memory should preserve itself but the brain insofar as it is an image extended in space never occupies more than the present moment it constitutes with all the rest of the material universe an ever renewed section of universal becoming either then you must suppose that this universe dies and is born again miraculously at each moment of duration or you must attribute to it that continuity of existence which you deny to conscious ness and make ofits past a reality which endures and is prolonged into its present so that you have gained nothing by depositing the memories in matter and you find yourself on the contrary compelled to extend to the totality of the states of the material world that complete and independent survival of the past which you have just refused to psychical states this survival of the past per se fo rces itself upon philosophers then under one fo rm or another the difficulty that we have in conceiving it comes simply from the fa ct that we extend to the series of memories in time that obligation of containing and being contained which applies only to the collection of bodies instantaneously perceived in space the fu ndamental illusion consists in transferring to duration itself in its continuous flow the fo rm of the instantaneous sections which we make in it
but how can the past which by hypothesis has ceased to be preserve itself? have we not here a real contradiction? we reply that the question is just whether the past has ceased to exist or whether it has simply ceased to be useful u define the present in an arbitrary manner as th at which is whereas the present is simply what is being made nothing is less than the present moment if you understand by that the indivisible limit which divides the past fr om the fu ture when we think this present as going to be it exists not yet and when we think it as existing it is already past if on the other hand what you are considering is the concrete present such as it is actually lived by consciousness we may say that this present consists in large measure in the immediate past in the fraction of a second which covers the briefest possible per ception of light billions of vibrations have taken place of which the first is separated from the last by an interval which is enor mously divided ur perception however instantaneous consists then in an incalculable multitude of remembered elements in truth every perception is already memory practically we perceive only the past the pure present being the invisible progress of the past gnawing into the fu ture
consciousness then illumines at each moment of time that immediate part of the past which impending over the fu ture seeks to realize and to associate with it solely preoccupied in thus determining an undetermined fu ture consciousness may shed a little of its light on those of our states more remote in the past which can be usefully combined with our present state that is to say with our immediate past the rest remains in the dark it is in this illuminated part of our history that we remain seated in virtue of the fu ndamental law of life which is a law of action hence the difficulty we experience in conceiving memories which are preserved in the shadow our reluctance to admit the integ ral survival of the past has its origin then in the very bent of our psychical life an unfolding of states wherein our interest prompts us to look at that which is unrolling and not at that which is entirely unrolled
so we return after a long digression to our point of depar ture there are we have said two memories which are profoundly distinct the one fixed in the organism is nothing else but the complete set of intelligently constructed mechanisms which ensure the appropriate reply to the various possible demands this memory enables us to adapt ourselves to the present situation through it the actions to which we are subject prolong themselves into reac tions that are sometimes accomplished sometimes merely nascent but always more or less appropriate habit rather than memory it acts our past experience but does not call up its image the other is the true memory coextensive with consciousness it retains and ranges alongside of each other all our states in the order in which they occur leaving to each fa ct its place and consequently marking its date truly moving in the past and not like the first in an ever renewed present but in marking the profound distinc tion between these two fo rms of memory we have not shown their connecting link above the body with its mechanisms which sym bolize the accumulated effort of past actions the memory which imagines and repeats has been left to hang as it were suspended in the void now if it be true that we never perceive anything but our immediate past if our consciousness of the present is already memory the two terms which had been separated to begin with cohere closely together seen from this new point of view indeed our body is nothing but that part of our representation which is ever being born again the part always present or rather that which at each moment is just past itself an image the body cannot store up images since it fo rms a part of the images and this is why it is a chimerical enterprise to seek to localize past or even present per ceptions in the brain they are not in it it is the brain that is in them but this special image which persists in the midst of the others and which i call my body constitutes at every moment as we have said a section of the universal becoming it is then the place of passage of the movements received and thrown back a hyphen a connecting link between the things which act upon me and the things upon which i act the seat in a word of the sensori motor phenomena if i represent by a cone sab the totality of the recollections accumulated in my memory the base ab situ ated in the past remains motionless while the summit s which indicates at all times my present moves fo rward unceasingly and unceasingly also touches the moving plane p of my actual repre sentation of the universe at s the image of the body is concen trated and since it belongs to the plane p this image does but receive and restore actions emanating fr om all the images of which the plane is composed
figure 4
the bodily memory made up of the sum of the sensori motor systems organized by habit is then a quasi instantaneous memory to which the true memory of the past serves as base since they are not two separate things since the first is only as we have said the pointed end ever moving inserted by the second in the shift ing plane of experience it is natural that the two fu nctions should lend each other a mutual support so on the one hand the memory of the past offers to the sensori motor mechanisms all the recol lections capable of guiding them in their task and of giving to the motor reaction the direction suggested by the lessons of experience it is in just this that the associations of contiguity and like ness consist but on the other hand the sensori motor apparatus fu rnish to ineffective that is unconscious memories the means of taking on a body of materializing themselves in short of bee om ing present for that a recollection should reappear in conscious ness it is necessary that it should descend from the heights of pure memory down to the precise point where action is taking place in other words it is fr om the present that the appeal to which memory responds comes and it is from the sensori motor ele ments of present action that a memory borrows the warmth which gives it life
is it not by the constancy of this agreement by the precision with which these two complementary memories insert themselves each into the other that we recognize a well balanced mind that is to say in fact a man nicely adapted to life? the characteris of the man of action is the promptitude with which he sum mons to the help of a given situation all the memories which have reference to it yet it is also the insurmountable barrier which encounters when they present themselves on the threshold of his consciousness memories that are useless or indiffe rent to live only in the present to respond to a stimulus by the immediate reaction which prolongs it is the mark of the lower animals the man who proceeds in this way is a man of impulse but he who lives in the past fo r the mere pleasure ofliving there and in whom recollections emerge into the light of consciousness without any advantage fo r the present situation is hardly better fitted fo r action here we have no man of impulse but a dreamer between these two extremes lives the happy disposition of memory docile enough to fo llow with precision all the outlines of the present situation but energetic enough to resist all other appeal good sense or practical sense is probably nothing but this
the extraordinary development of spontaneous memory in most children is due to the fa ct that they have not yet persuaded their memory to remain bound up with their conduct they usually follow the impression of the moment and as with them action does not bow to the suggestions of memory so neither are their recollections limited to the necessities of action they seem to retain with greater facilit y only because they remember with less discernment the apparent diminution of memory as intellect develops is then due to the growing organization of recollections with acts thus conscious memory loses in range what it gains in fo rce of penetration it had at first the fa cility of the memory of dreams but then it was actually dreaming indeed we observe this same exaggeration of spontaneous memory in men whose intel lectual development hardly goes beyond that of childhood a mis sionary after preaching a long sermon to some african savages heard one of them repeat it textually with the same gestures from beginning to end 1
but if almost the whole of our past is hidden fr om us because it is inhibited by the necessities of present action it will find strength to cross the threshold of consciousness in all cases where we renounce the interests of effective action to replace ourselves so to speak in the life of dreams sleep natural or artificial brings about an indiffe rence of just this kind it has been recently sug gested that in sleep there is an interruption ofthe contact between the nervous elements motor and sensory 2 even if we do not accept this ingenious hypothesis it is impossible not to see in sleep a relaxing even if only fu nctional of the tension of the nervous system ever ready during waking hours to prolong by an appro priate reaction the stimulation received now the exaltation of the memory in certain dreams and in certain somnambulistic states is well known memories which we believed abolished then reap pear with striking completeness we live over again in all their detail fo rgotten scenes of childhood we speak languages which we no longer even remember to have learned but there is nothing more instructive in this regard than what happens in cases of sud den suffocation in men drowned or hanged such a man when brought to life again states that he saw in a very short time all the fo rgotten events of his life passing before him with great rapidity with their smallest circumstances and in the very order in which they occurred 3
a human being who should dream his life instead of living it would no doubt thus keep before his eyes at each moment the infinite multitude of the details of his past history and conversely the man who should repudiate this memory with all that it begets would be continually acting his life instead of truly representing it to himself a conscious automaton he would fo llow the lead of useful habits which prolong into an appropriate reaction the stim ulation received the first would never rise above the particular or even above the individual leaving to each image its date in time and its position in space he would see wherein it diffe rs fr om others and not how it resembles them the other always swayed by habit would only distinguish in any situation that aspect in which it practically resembles fo rmer situations incapable doubt less of thinkinb universals since every general idea implies the rep resentation at least virtual of a number of remembered images he would nevertheless move in the universal habit being to action what generality is to thought but these two extreme states the one of an entirely contemplative memory which apprehends only the singular in its vision the other of a purdy motor memory which stamps the note of generality on its action are really separate and are fu lly visible only in exceptional cases in normal life they are interpenetrating so that each has to abandon some part of its ori ginal purity the first reveals itself in the recollection of diffe r ences the second in the perception of resemblances at the meeting of the two currents appears the general idea
we are not concerned here to settle once fo r all the whole ques tion of general ideas some have not originated in perception alone and have but a very distant connection with material objects we will leave these on one side and consider only those general ideas that are fo unded on what we have called the perception of simi larity we will try to fo llow pure memory integral memory in the continuous effort which it makes to insert itself into motor habit in this way we may throw more light upon the office and nature of this memory and perhaps make clearer at the same time by regard ing them in this particular aspect the two equally obscure notions of resemblance and of generality
if we consider as closely as possible the difficulties of a psy chological order which surround the problem of general ideas we shall come we believe to enclose them in this circle to gen eralize it is first of all necessary to abstract but to abstract to any purpose we must already know how to generalize round this cir cle gravitate consciously or unconsciously nominalism and con ceptualism each doctrine having in its favor mainly the insufficiency of the other the nominalists retaining of the general idea only its extension see in it merely an open and unlimited series of individual objects the unity of the idea can then for them con sist only in the identity of the symbol by which we designate indif fe rently all these distinct objects according to them we begin by perceiving a thing and then we assign to it a word this word backed by the fa culty or the habit of extending itself to an unlim ited number of other things then sets up fo r a general idea but in order that the word should extend and yet limit itself to the objects which it designates it is necessary that these objects should offe r us resemblances which when we compare them shall dis tinguish them fr om all the objects to which the word does not apply generalization does not consequently occur without our taking into account qualities that have been fo und to be common and therefore considered in the abstract from step to step nomi nalism is thus led to define the general idea by its intention and not merely by its extension as it set out to do it is just fr om this intention that conceptualism starts the intellect in this theory resolves the superficial unity of the individual into diffe rent quali ties each of which isolated from the individual who limited it becomes by that very isolation representative of a genus instead of regarding each genus as including actually a multiplicity of objects it is now maintained on the contrary that each object involves potentially and as so many qualities which it holds captive a mul tiplicity of genera but the question before us is whether individ ual qualities even isolated by an effort of abstraction do not remain individual and whether to make them into genera a new effort of the mind is not required by which it first bestows on each quality a name and then collects under this name a multitude of individual objects the whiteness of a lily is not the whiteness of a snowfield they remain even as isolated fr om the snow and the lily snow white or lily white they only fo rego their individual ity if we consider their likeness in order to give them a common name then applying this name to an unlimited number of sim ilar objects we throw back upon the quality by a sort of ricochet the generality which the word went out to seek in its application to things but reasoning in this way do we not return to the point of view of extension which we just now abandoned? we are then in truth revolving in a circle nominalism leading us to conceptu al ism and conceptualism bringing us back to nominalism gen eralization can only be effected by extracting common qualities however that qualities should appear common they must have already been subjected to a process of generalization
now when we get to the bottom of these two opposite theo ries we find in them a common postulate each will have it that we start fr om the perception of individual objects the first composes the genus by an enumeration the second disengages it by an analysis but it is upon individuals considered as so many realities given to immediate intuition that both analysis and enumeration are supposed to bear this is the postulate in spite of its apparent obviousness we must expect to find and we do indeed find that experience belies it
a priori indeed we may expect the clear distinction of indi vidual objects to be a luxury of perception just as the clear repre sentation of general ideas is a refinement of the intellect the full conception of genera is no doubt proper to human thought it demands an effort of reflection by which we expunge fr om a rep resentation the details of time and place but the reflection on these details a reflection without which the individuality of objects would escape us presupposes a fac ulty of noticing dif fe rences and therefore a memory of images which is certainly the privilege of man and of the higher animals it would seem then that we start neither from the perception of the individual nor from the conception of the genus but from an intermediate knowledge from a confused sense of the strikin8 quality or of resem blance this sense equally remote from generality fu lly conceived and from individuality clearly perceived begets both of them by a process of dissociation reflective analysis clarifies it into the general idea discriminative memory solidifies it into a percep tion of the individual
but this will be more clearly evident if we go back to the purely utilitarian origin of our perception of things that which inter ests us in a given situation that which we are likely to grasp in it first is the side by which it can respond to a tendency or a need but a need goes straight to the resemblance or quality it cares little fo r individual differences to this discernment of the useful we may surmise that the perception of animals is in most cases confined it is grass in 8enerai which attracts the herbivorous animal the color and the smell of grass fe lt and experienced as fo rces are the sole immediate data of its external perception on this back ground of generality or of resemblance the animal s memory may show up contrasts fr om which will issue diffe rentiations it will then distinguish one countryside fr om another one field from another field but this is we repeat the superfluity of perception not a necessary part it may be urged that we are only throwing the problem fu rther back that we are merely relegating to the unconscious the process by which similarity is discovered and gen era are constituted but we relegate nothing to the unconscious fo r the very simple reason that it is not in our opinion an effort of a psychological nature which here disengages similarity this similarity acts objectively like a force and provokes reactions that are identical in virtue of the purely physical law which requires that the same general effects should fo llow the same profound causes hydrochloric acid always acts in the same way upon car bonate of lime whether in the fo rm of marble or of chalk yet we do not say that the acid perceives in the various species the char acteristic fe atures of the genus now there is no essential diffe r ence between the process by which this acid picks out fr om the salt its base and the act of the plant which invariably extracts fr om the most diverse soils those elements that serve to nourish it make one more step imagine a rudimentary consciousness such as that of an amoeba in a drop of water it will be sensible of the resem blance and not of the diffe rence in the various organic substances which it can assimilate in short we can fo llow from the mineral to the plant from the plant to the simplest conscious beings fr om the animal to man the progress of the operation by which things and beings seize fr om their surroundings that which attracts them that which interests them practically without needing any effort of abstraction simply because the rest of their surroundings takes no hold upon them this similarity of reaction fo llowing actions superficially diffe rent is the germ which the human conscious ness develops into general ideas
consider indeed the purpose and fu nction of our nervous sys tem as far as we can infer them from its structure we see a great variety of mechanisms of perception all bound through the inter mediary of the centers to the same motor apparatus sensation is unstable it can take the most varied shades the motor mecha nism on the contrary once set going will invariably work in the same way we may then suppose perceptions as diffe rent as possi ble in their superficial details if only they are continued by the same motor reactions if the organism can extract fr om them the same useful effects if they impress upon the body the same atti tude something common will issue from them and the general idea will have been fe lt and passively experienced before being represented here then we escape at last fr om the circle in which we at first appeared to be confined in order to generalize we said we have to abstract similarity but in order to disengage simi larity usefully we must already know how to generalize there really is no circle because the similarity from which the mind starts when it first begins the work of abstraction is not the simi larity at which the mind arrives when it consciously generalizes that fr om which it starts is a similarity fe lt and lived or if you prefer the expression a similarity which is automatically acted that to which it returns is a similarity intelligently perceived or thought and it is precisely in the course of this progress that are built up by the double effort of the understanding and of the memory the perception of individuals and the conception of gen era memory grafting distinctions upon resemblances which have been spontaneously abstracted the understanding disengaging fr om the habit of resemblances the clear idea of generality this idea of generality was in the beginning only our consciousness of a likeness of attitude in a diversity of situations it was habit itself mount ing from the sphere of movement to that of thought but fr om genera so sketched out mechanically by habit we have passed by an effort of reflection upon this very process to the general idea of genus and when that idea has been once constituted we have con structed an unlimited number of general notions it is not necessary here to fo llow the intellect into the detail of this construction it is enough to say that the understand ing imitating the effort of nature has also set up motor appara tuses artificial in this case to make a limited number of them answer to an unlimited number of individual objects the assem blage of these mechanisms is articulate speech
yet these two divergent operations of the mind the one by which it discerns individuals the other by which it constructs genera are far fr om demanding the same effort or progressing with the same rapidity the first requiring only the intervention of memory takes place from the outset of our experience the sec ond goes on indefinitely without ever reaching its goal the first emerges in the fo rmation of stable images which in their turn are stored up in memory the second comes out in representations that are unstable and evanescent we must dwell on this last point fo r we touch here an essential problem of mental life
the essence of the general idea in fa ct is to be unceasingly going backwards and fo rwards between the plane of action and that of pure memory let us refer once more to the diagram we traced above at s is the present perception which i have of my body that is to say of a certain sensori motor equilibrium over the surface of the base ab are spread we may say my recollec tions in their totality within the cone so determined the general idea oscillates continually between the summit s and the base ab in s it would take the clearly defined fo rm of a bodily attitude or of an uttered word at ab it would wear the aspect no less defined of the thousand individual images into which its fr agile unity would break up and that is why a psychology which abides by the already done which considers only that which is made and ignores that which is in the making will never perceive in this movement anything more than the two extremities between which it oscillates it makes the general idea coincide sometimes with the action which manifests it or the word which expresses it and at other times with the multitudinous images unlimited in num ber which are its equivalent in memory but the truth is that the general idea escapes us as soon as we try to fix it at either of the two extremities it consists in the double current which goes fr om the one to the other always ready either to crystallize into uttered words or to evaporate into memories
figure 5
this amounts to saying that between the sensori motor mecha nisms figured by the point s and the totality of the memories dis posed in ab there is room as we indicated in the preceding chapter fo r a thousand repetitions of our psychical life figured by as many sections a b a b etc of the same cone we tend to scatter ourselves over ab in the measure that we detach ourselves from our sensory and motor state to live in the life of dreams we tend to concentrate ourselves in s in the measure that we attach our selves more firmly to the present reality responding by motor reac tions to sensory stimulation in point of fa ct the normal self never stays in either ofthese extreme positions it moves between them adopts in turn the positions corresponding to the intermediate sections or in other words gives to its representations just enough image and just enough idea fo r them to be able to lend useful aid to the present action from this conception of the lower mental life the laws of the association of ideas can be deduced but before we deal with this point we must first show the insufficiency of the current theories of association
that every idea which arises in the mind has a relation of simi larity or of contiguity with the previous mental state we do not dispute but a statement of the kind neither throws light on the mechanism of association nor indeed does it really tell us any thing at all for we should seek in vain fo r two ideas which have not some point of resemblance or which do not touch each other somewhere to take similarity first however profound are the dif fe rences which separate two images we shall always find if we go back high enough a common genus to which they belong and consequently a resemblance which may serve as a connecting link between them and in regard to contiguity a perception a as we said before will not evoke by contiguity a fo rmer image b unless it recalls to us first an image a which is like it because it is the recollection a and not the perception a which really touches b in memory however distant then we suppose the terms a and b fr om each other a relation of contiguity can always be fo und between them provided that the intercalated term a bears a sufficiently fa rfetched resemblance to a this is as much as to say that between any two ideas chosen at random there is always a resemblance and always even contiguity so that when we dis cover a relation of contiguity or of resemblance between two suc cessive ideas we have in no way explained why the one evokes the other
what we really need to discover is how a choice is effected among an infinite number of recollections which all resemble in some way the present perception and why only one of them this rather than that emerges into the light of consciousness but this is just what associationism cannot tell us because it has made ideas and images into independent entities floating like the atoms ofepicurus in an inward space drawing near to each other when chance brings them within the sphere of mutual attraction and if we try to get to the bottom of the doctrine on this point we find that its error is that it overly intellectualizes ideas it attri butes to them a purely speculative role believes that they exist fo r themselves and not fo r us and overlooks the relation which they bear to the activity of the will if memories move about indif fe rently in a consciousness that is both lifeless and shapeless there is no reason why the present perception should prefer and attract anyone of them we can only in that case note the conjunction when once it has taken place and speak of similarity or of conti guity which is merely at bottom to express in vague terms that our mental states have affinities fo r one another
but even of this affinity which takes the double fo rm of conti guity and of similarity associationism can fu rnish no explanation the general tendency to associate remains as obscure fo r us if we adhere to this doctrine as the particular fo rms of association hav ing stiffe ned individual memory images into ready made things given cut and dry in the course of our mental life associationism is reduced to bringing in between these objects mysterious attrac tions of which it is not even possible to say beforehand as of physical attraction by what effects they will manifest themselves for why should an image which is by hypothesis self sufficient seek to accrue to itself others either similar or given in contiguity with it? the truth is that this independent image is a late and artificial product of the mind in fa ct we perceive the resemblance before we perceive the individuals which resemble each other and in an aggregate of contiguous parts we perceive the whole before the parts we go on from similarity to similar objects embroider ing upon the similarity as on their common stuff or canvas the variety of individual differences and we go on also from the whole to the parts by a process of decomposition the law of which will appear later a process which consists in breaking up fo r the greater convenience of practical life the continuity of the real associa tion then is not the primary fa ct dissociation is what we begin with and the tendency of every memory to gather to itself others must be explained by the natural return of the mind to the undi vided unity of perception
but here we discover the radical vice of associationsim given a present perception which fo rms by turns with diffe rent recol lections several associations one after another there are two ways as we said of conceiving the mechanism of this association we may suppose that the perception remains identical with itself a true psychical atom which gathers to itself others just as these happen to be passing by this is the point of view of associationism but there is also another precisely the one which we have indi cated in our theory of recognition we have supposed that our entire personality with the totality of our recollections is pre sent undivided within our actual perception then if this per ception evokes in turn different memories it is not by a mechanical adjunction of more and more numerous elements which while remaining unmoved it attracts around it but rather by an expan sion of the entire consciousness which spreading out over a larger area discovers the fu ller detail of its wealth so a nebulous mass seen through more and more powerful telescopes resolves itself into an ever greater number of stars in the first hypothesis each recollec tion is a fixed and independent being of which we can neither say why it seeks to accrue to itself others nor how it chooses among a thousand memories which should have equal rights those with which to associate itself in virtue of similarity or contiguity we must suppose that ideas jostle each other at random or that they exert among themselves mysterious fo rces and moreover we have against us the witness of consciousness which never shows us psy chical fa cts floating as independent entities from the second point of view we merely state a fact viz that psychic fa cts are bound up with each other and are always given together to immediate consciousness as an undivided whole which reflection alone cuts up into distinct fragments what we have to explain then is no longer the cohesion of internal states but the double movement of contraction and expansion by which consciousness narrows or enlarges the development of its content but this movement we shall see is the result of the fu ndamental needs of life and we shall also see why the associations which we appear to fo rm in the course of this movement correspond to all the possible degrees of so called contiguity and resemblance
let us fo r a moment suppose our psychical life reduced to sensori motor fu nctions alone in other words suppose ourselves placed in figure 5 on page 162 at point s which corresponds to the greatest possible simplification of our mental life in this state every perception spontaneously prolongs itself into appropriate reactions fo r analogous fo rmer perceptions have set up more or less complex motor apparatus which only await a recurrence of the same appeal in order to enter into play now there is in this mechanism an
association of simplicity
since the present percep tion acts in virtue of its likeness to past perceptions there is also an
association of contiguity
since the movements which fo llowed those fo rmer perceptions reproduce themselves and may even bring in their train a vast number of actions coordinate with the first here then we seize association of similarity and association of con tiguity at their very source and at a point where they are almost confounded in one not indeed thought but acted and lived they are not contingent fo rms of our psychical life they repre sent the two complementary aspects of one and the same fu nda mental tendency the tendency of every organism to extract from a given situation that in it which is useful and to store up the eventual reaction in the fo rm of a motor habit that it may serve other situations of the same kind
let us jump now to the other extremity of our mental life and fo llowing our line of thought go from the psychical exis tence which is merely acted to that which is exclusively dreamed in other words let us place ourselves on the base ab of memory in figure 5 on page 162 where all the events of our past life are set out in their smallest details a consciousness which detached from action should thus keep in view the totality of its past would have no reason to dwell upon one part of this past rather than upon another in one sense all its recollections would differ from its present perception for if we take them in the mul tiplicity of their detail no two memories are ever precisely the same thing but in another sense
any
memory may be set along side the present situation it would be sufficient to neglect in this perception and in this memory just enough detail for similarity alone to appear moreover the moment that the recollection is linked with the perception a multitude of events contiguous to the memory are thereby fa stened to the perception an indefi nite multitude which is only limited at the point at which we choose to stop it the necessities of life are no longer there to regulate the effect of similarity and consequently of contiguity as after all everything resembles everything else it follows that anything can be associated with anything in the first case the present perception continued itself in determinate movements now it melts into an infinity of memories all equally possible at ab association would provoke an arbitrary choice and in s an inevitable deed
but these are only two extreme limits at which the psycholo gist must place himself alternately fo r convenience of study and which are really never reached in practice there is not in man at least a purely sensori motor state any more than there is in him an imaginative life without some slight activity beneath it our psy chicallife as we have said oscillates normally between these two extremes on the one hand the sensori motor state s delineates the present direction of memory being nothing else in fa ct than its actual and acting extremity and on the other hand this memory itself with the totality of our past is continually pressing fo r ward so as to insert the largest possible part of itself into the pres ent action from this double effort result at every moment an infinite number of possible states of memory states figured by the sections a b a b of our diagram these are as we have said so many repetitions of the whole of our past life but each section is larger or smaller according to its nearness to the base or to the summit moreover each of these complete representations ofthe past brings to the light of consciousness only that which can fit into the sensori motor state and consequently that which resem bles the present perception from the point of view of the action to be accomplished in other words memory laden with the whole of the past responds to the appeal of the present state by two simultaneous movements one of translation by which it moves in its entirety to meet experience thus contracting more or less though without dividing with a view to action and the other of rotation upon itself by which it turns toward the situation of the moment presenting to it that side of itself which may prove to be the most useful to these varying degrees of contraction corre spond the various fo rms of association by similarity
everything happens then as though our recollections were repeated an infinite number of times in these many possible reduc tions of our past life they take a more common fo rm when memory shrinks most more personal when it widens out and they thus enter into an unlimited number of diffe rent systematizations a word from a fo reign language uttered in my hearing may make me think of that language in general or of a voice which once pro nounced it in a certain way these two associations by similarity are not due to the accidental arrival of two diffe rent representa tions which chance brought by turns within the attracting influ ence of the actual perception they answer to two different mental dispositions to two distinct degrees of tension of the memory in the latter case they are nearer to the pure image in the fo rmer they are more disposed toward immediate response that is to say to action to classify these systems to discover the law which binds them respectively to the diffe rent tones of our mental life to show how each of these tones is itself determined by the needs of the moment and also by the varying degree of our per sonal effort would be a difficult task the whole of this psychology is yet unmapped and fo r the moment we do not even wish to attempt it but everyone is clearly aware of the existence of these laws and of stable relations of this kind we know fo r instance when we read a psychological novel that certain associations of ideas there depicted fo r us are true that they may have been lived others offend us or fa il to give us an impression of reality because we fe el in them the effect of a connection mechanically and arti ficially brought about between diffe rent mental levels as though the author had not taken care to maintain himself on that plane of the mental life which he had chosen memory has then its succes sive and distinct degrees of tension or of vitality they are cer tainly not easy to define but the painter of mental scenery may not with impunity confound them pathology moreover here con firms by means it is true of coarser examples a truth of which we are all instinctively aware in the systematized amnesias of hysterical patients fo r example the recollections which appear to be abolished are really present but they are probably all bound up with a certain determined tone ofintellectual vitality in which the subject can no longer place himself
just as there are these
different planes
infinite in number fo r association by similarity so there are with association by contigu ity in the extreme plane which represents the base of memory there is no recollection which is not linked by contiguity with the totality of the events which precede and also with those which fo llow it ye t at the point in space where our action is concen trated contiguity brings back in the fo rm of movement only the reaction which immediately fo llowed a fo rmer similar perception as a matter of fa ct every association by contiguity implies a posi tion of the mind intermediate between the two extreme limits if here again we imagine a number of possible repetitions of the totality of our memories each of these copies of our past life must be supposed to be cut up in its own way into definite parts and the cutting up is not the same when we pass from one copy to another each of them being in fact characterized by the particular kind of dominant memories on which the other memories lean as on supporting points the nearer we come to action fo r instance the more contiguity tends to approximate to similarity and to be thus distinguished from a mere relation of chronological succes sion thus we cannot say of the words of a fo reign language when they call each other up in memory whether they are associated by similarity or by contiguity on the contrary the more we detach ourselves fr om action real or possible the more association by contiguity tends merely to reproduce the consecutive images of our past life i t is impossible to enter here into a profound study of these diffe rent systems but it is sufficient to point out that these systems are not fo rmed of recollections laid side by side like so many atoms there are always some dominant memories shin ing points round which the others fo rm a vague nebulosity these shining points are multiplied in the degree to which our memory expands the process of localizing a recollection in the past fo r instance cannot at all consist as has been said in plunging into the mass of our memories as into a bag to draw out memories closer and closer to each other between which the memory to be localized may find its place by what happy chance could we just hit upon on a growing number of intercalary recollections? the work oflocalization consists in reality in a growing effort of
expan sion
by which the memory always present in its entirety to itself spreads out its recollections over an ever wider surface and so ends by distinguishing in what was till then a confused mass the remem brance which could not find its proper place here again more over the pathology of memory is instructive in retrogressive amnesia the recollections which disappear from consciousness are probably preserved in remote planes of memory and the patient can find them there by an exceptional effort like that which is effected in the hypnotic state but on the lower planes these memories await so to speak the dominant image to which they may be fa stened a sharp shock a violent emotion fo rms the deci sive event to which they cling if this event by reason of its sud den character is cut offfrom the rest of our history they fo llow it into oblivion we can understand then that the oblivion which fo llows a physical or moral shock should include the events which immediately preceded it a phenomenon which is very difficult to explain in all other conceptions of memory let us remark in passing that if we refuse to attribute some such waiting to recent and even to relatively distant recollections the normal work of memory becomes unintelligible for every event of which the rec ollection is now imprinted on the memory however simple we suppose it to be has occupied a certain time the perceptions which filled the first period of this interval and now fo rm with the later perceptions an undivided memory were then really loose as long as the decisive part of the event had not occurred and drawn them along between the disappearance of a memory with its var ious preliminary details and the abolition in retrogressive amne sia of a greater or less number of recollections previous to a given event there is then merely a diffe rence of degree not of kind from these various considerations on the lower mental life results a certain view of intellectual equilibrium this equilibrium will be upset only by a perturbation of the elements which serve as its matter we cannot here go into questions of mental pathology yet neither can we avoid them entirely since we are endeavoring to discover the exact relation between body and mind
we have supposed that the mind travels unceasingly over the interval comprised between its two extreme limits the plane of action and the plane of dream let us suppose that we have to make a decision collecting organizing the totality of its experi ence in what we call its character the mind causes it to converge upon actions in which we shall afterwards find together with the past which is their matter the unforeseen fo rm which is stamped upon them by personality but the action is not able to become real unless it succeeds in encasing itself in the actual situation that is to say in that particular assemblage of circumstances which is due to the particular position of the body in time and space let us suppose that we have to do a piece of intellectual work to fo rm a conception to extract a more or less general idea fr om the multiplicity of our recollections a wide margin is left to fancy on the one hand to logical discernment on the other hand but if the idea is to live it must touch present reality on some side that is to say it must be able from step to step and by progressive diminutions or contractions of itself to be more or less acted by the body at the same time as it is thought by the mind our body with the sensations which it receives on the one hand and the movements which it is capable of executing on the other hand is then that which fixes our mind and gives it ballast and poise the activity of the mind goes fa r beyond the mass of accumulated memories as this mass of memories itself is infinitely more than the sensations and movements of the present hour but these sen sations and these movements condition what we may term our attention to life and that is why everything depends on their cohe sion in the normal work of the mind as in a pyramid which should stand upon its apex
if moreover we cast a glance at the minute structure of the nervous system as recent discoveries have revealed it to us we see everywhere conducting lines nowhere any centers threads placed end to end of which the extremities probably touch when the current passes this is all that is seen and perhaps this is all there is if it is true that the body is only a place of meeting and transfer where stimulations received result in movements accomplished as we have supposed it to be throughout this work but these threads which receive disturbances or stimulations fr om the exter nal world and return them to it in the fo rm of appropriate reac tions these threads so beautifully stretched from the periphery to the periphery are just what ensure by the solidity of these con nections and the precision of their interweaving the sensori motor equilibrium of the body that is to say its adaptation to the present circumstances relax this tension or destroy this equilibrium everything happens as if attention detached itself from life dreams and insanity appear to be little else than this
we were speaking just now of the recent hypothesis which attributes sleep to an interruption ofthe solidarity among the neu rons even if we do not accept this hypothesis we must suppose in deep sleep at least a fu nctional break in the relation established in the nervous system between stimulation and motor reaction so dreams would always be the state of a mind of which the atten tion was not fixed by the sensori motor equilibrium of the body and it appears more and more probable that this relaxing of ten sion in the nervous system is due to the poisoning of its elements by products of their normal activity accumulated in the waking state now in every way dreams imitate insanity not only are all the psychological symptoms of madness fo und in dreams to such a degree that the comparison of the two states has become a com monplace but insanity appears also to have its origin in an exhaus tion of the brain which is caused like normal fa tigue by the accumulation of certain specific poisons in the elements of the nervous system 4 we know that insanity is often a sequel to infec tious diseases and that moreover it is possible to reproduce experi mentally by toxic drugs all the phenomena of madness 5 is it not likely therefore that the loss of mental equilibrium in the insane is simply the result of a disturbance of the sensori motor relations established in the organism? this disturbance may be enough to create a sort of psychic vertigo and so cause memory and atten tion to lose contact with reality if we read the descriptions given by some mad patients of the beginning of their malady we find that they often fe el a sensation of strangeness or as they say of unreality as if the things they perceived had fo r them lost solid ity and relief 6 if our analyses are correct the concrete feeling that we have of present reality consists in fac t of our conscious ness of the actual movements whereby our organism is naturally responding to stimulation so that where the connecting links between sensations and movements are slackened or tangled the sense of the real grows weaker or disappears 7
there are here moreover many distinctions to be made not only between the various fo rms ofinsanity but also between prop erly so called insanity and that division of the personality which recent psychology has so ingeniously compared with it 8 in these diseases of personality it seems that groups of recollections detach themselves fr om the central memory and fo rego their solidarity with the others but then it seldom occurs that the patient does not also display accompanying scissions of sensibility and of motor activity 9 we cannot help seeing in these latter phenomena the real material substratum of the fo rmer if it be true that our intel lectuallife rests as a whole upon its apex that is to say upon the sensori motor fu nctions by which it inserts itself into present real ity intellectual equilibrium will be diffe rently affected as these fu nctions are damaged in one manner or in another now besides the lesions which affect the general vitality of the sensori motor fu nctions weakening or destroying what we have called the sense of reality there are others which reveal themselves in a mechani cal not a dynamical diminution of these fu nctions as if certain sensori motor connections merely parted company with the rest if we are right in our hypothesis memory is very differently affected in the two cases in the first no recollection is taken away but all recollections are less ballasted less solidly directed toward the real from this a true disturbance of the mental equilibrium arises in the second the equilibrium is not destroyed but it loses some thing of its complexity recollections retain their normal aspect but fo rego a part of their solidarity because their sensori motor base instead of being so to speak chemically changed is mechanically diminished but neither in the one case nor in the other are memories directly attacked or damaged
the idea that the body preserves memories in the mechanical fo rm of cerebral deposits that the loss or decrease of memory consists in their more or less complete destruction whereas the heightening of memory and hallucination consists in an excess of their activity is not then borne out either by reasoning or by fa cts the truth is that there is one case and one only in which observation would seem at first to suggest this view we mean aphasia or more generally the disturbance of auditory or visual recognition this is the only case in which the constant seat of the disorder is in a determined convolution of the brain yet it is also precisely the case in which we do not find a mechanical imme diate and final destruction of certain definite recollections but rather the gradual and fu nctional weakening of the whole of the affected memory and we have explained how the cerebral lesion may effect this weakening without the necessity of supposing any sort of provision of memories stored in the brain what the injury really attacks are the sensory and motor regions corresponding to this class of perception and especially those adjuncts through which they may be set in motion from within so that memory finding nothing to catch hold of ends by becoming practically power less now in psychology powerlessness means unconsciousness in all other cases the lesion observed or supposed never defi nitely localized acts by the disturbance which it causes to the whole of the sensori motor connections either by damaging or by breaking up this mass whence results a breach or a simplifying of the intellectual equilibrium and by ricochet the disorder or the disjunction of memory the doctrine which makes of memory an immediate function of the brain a doctrine which raises insol uble theoretical difficulties a doctrine the complexity of which defies all imagination and the results of which are incompatible with the data of introspection cannot even count upon the sup port of cerebral pathology all the fa cts and all the analogies are in favor of a theory which regards the brain as only an intermediary between sensation and movement which sees in this aggregate of sensations and movements the pointed end of mental life a point ever pressed fo rward into the tissue of events and attributing thus to the body the sole fu nction of directing memory toward the real and of binding it to the present considers memory itself as absolutely independent of matter in this sense the brain con tributes to the recall of the useful recollection but still more to the provisional banishment of all the others we cannot see how memory could settle within matter but we do clearly understand how according to the profound saying of a contemporary phi losopher materiality begets oblivion 10",273553ff0fb74a2389c6f9e92d32cc3a00d72fb6e5d822f1e7ac7b811f784efe,15558,63,es,genius,,2026-03-09 10:37:42.205491+00,2025
981,1025,"ey mi amor sabe que?
es que es imposible de buena
olvidarme de usted de sus besitos de sus ojos
y cuando no estoy imaginandomelo estoy viendo el video
si sabe?
 dios
the the prodigiez
quiero tenerte sabe bebe?
y no perder mi tiempo
no puedo olvidarme de usted
y mas cuando ya estaba adentro
nos dejamo llevar de los sentimiento
y no fue mi culpa me enamore
baby lo siento
quiero tenerte sabe bebe?
y no perder mi tiempo
no puedo olvidarme de usted
y mas cuando ya estaba adentro
nos dejamo llevar de los sentimiento
y no fue mi culpa me enamore
baby lo siento
sigueme besando como tu me besas
empezamo en el balcon terminamo en pieza
que no me miren otras bebe que pereza
tu boquita sabor a frambuesa
me encanta tu delicadeza
me gusta besarte completa
dime y lo hago por ti
tu eres de otro planeta
quiero mirarte fijamente
que rico que cosita tu eres diferente
si tu eres doctora sere paciente
tu eres tan linda tan inteligente
frecuentemente quiero tenerte
asi sea poco o sea para siempre
al final del dia no importa gente
si toda noche estas en mi mente
quiero tenerte sabe bebe?
y no perder mi tiempo
no puedo olvidarme de usted
y mas cuando ya estaba adentro
nos dejamo llevar de los sentimiento
y no fue mi culpa me enamore
baby lo siento
quiero tenerte sabe bebe?
y no perder mi tiempo
no puedo olvidarme de usted
y mas cuando ya estaba adentro
nos dejamo llevar de los sentimiento
y no fue mi culpa me enamore
baby lo siento
tu tienes ese culo mami
que me enloquece que me encanta solo lo quiero mi
vamonos para europa te gasto en paris
que asi quieras a otro me prefieres a mi
y aun tengo el video cuando nos comimo
recuerdo esa noche me lo imagino
hacertelo fue de cero a cien
pero no se si esto esta bien
y aun tengo el video cuando nos comimos
recuerdo esa noche me lo imagino
hacertelo fue de cero a cien
pero no se si esto esta bien
quiero tenerte sabe bebe?
y no perder mi tiempo
no puedo olvidarme de usted
y mas cuando ya estaba adentro
nos dejamo llevar de los sentimiento
baby lo siento
quiero tenerte sabe bebe?
y no perder mi tiempo
no puedo olvidarme de usted
y mas cuando ya estaba adentro
nos dejamo llevar de los sentimiento
y no fue mi culpa me enamore
baby lo siento
ey chan gonorrea tomandome este vinito
que recuerdos
chimba chimba
que fierro esa pista
ja the prodigiez
kevin adg
rudeboyz
mi amor y sabe que? de buena no hablarle mucho
palabras sobran",07af018ba39340ead54fea7b5cd227cb2e077b9fdd24bf5b63e43fb0339ff7a9,452,85,es,genius,,2026-03-09 10:38:21.934545+00,2023
984,1036,"baby cuando te miro a los ojito a mi me de to
y no se como te suene pero contigo me atrevo a to
cuando hacemo el amor y te digo no te de mi lado
un petalito asi como tu te lo juro que no habia encontra o
mi corazon solo late por ti
cuando estamo en cama te toco ahi
cuando estamo en disco bailando afrobeats
se te nota en cara no te quiere ir
cuando te hablo sucio y te digo que te vo a partir
y tu me dice papi ya m voy a venir
imaginate que ya stamo viejito y nos digamo lo logramos
no te vayas de mi o baby ya estoy enamorado
solo quiero hacerle caso al corazon porque estoy enburundanga o
you make jump from the ground when i touch that pussy i can feel the fire
tu me ves asi de loco pero en ese culito baby estoy enfoca o
le hace falta calor a esta conversacion de extrano
le hace falta caricia a ese cuerpo de verano
tu mai em dice lo que tu calla te luce playa te luzco
par de guarito ya tamo on fire antes que se beso
ssexy gyal sin ropa sexy gyal sin tena
vos tienes todo lo que nunca tendran ella
 mi corazon solo late por ti
cuando estamo en cama te toco ahi
cuando estamo en disco bailando afrobeats
se te nota en cara no te quiere ir
a ti no te hablo sucio pero igual te vo a partir
y tu me dices papi que quieres de mi?
imaginate que ya estamo viejo y despue de tanto lo logramo
no te vayas de mi o baby ya estoy enamorado
solo quiero hacerle caso al corazon porque estoy enburundanga o
you make jump from the ground when i touch that pussy i can feel the fire
tu me ves asi de loco pero en ese culito baby estoy enfoca o
tu lo tiene to pretty face pretty ass pretty body
un polvito de good night otro en morning
si esta horny tira batisenal
que aparezco si tu eres mi gata only
un shot de champan y unos phillie llie
overnight y le hago ziggy zi
le quito el estres como el cbd
no se que me dice pero a to le digo que si
i love you you feel me?
te dije mi amor then you kiss me
mera reina un quickie
abajito rosadita hello kitty
mi corazon solo late por ti
cuando estamo en cama te toco ahi
cuando estamo en disco bailando afrobeats
se te nota en cara no te quiere ir
cuando te hablo sucio y te digo que te vo a partir
y tu me dice papi ya me voy a venir
imaginate que ya estamo viejito y nos digamo lo logramos",acade35b8a01349a0b58225b135a3020738f7915e34b112c908ad2eecb87d864,473,51,es,genius,,2026-03-09 10:39:06.485485+00,2025
991,1047,"que me hizo usted?
que quiero volver a ver
y volverla a besar
te paso a buscar buscar
es que bellaquera contigo
con nadie mas consigo
de tus grito hoy no me olvido
te te tengo reservao el hotel
pero con estas gana no vamo a llegar
somo do desesperado por nos tuvimo que parquear
atra nos espera el asiento
tu ere una aventura cuando te desnuda
te te t ngo reservao el hot l
pero con estas gana no vamo a llegar
somo do desesperado por nos tuvimo que parquear
atra nos espera el asiento
tu ere una aventura cuando te desnuda
 gana de tenerla no pude tuve
que hacertelo cuando me detuve sude
en parte e atra aunque falta comodidad
tus grito confirmaron que viste nube
 bellaquera nos domina siempre que tu y no vemo
no importa el ambiente donde sea no comemo
no planificacion porque a ti situacion
te descontrola y no forma de evitar situacion
donde siempre terminamos sin ropa
no te conformas con un beso en boca
segun tu dice soy el que te provoca
pero me busca aunque sabe que tengo a otra
te te tengo reservado el hotel
pero con estas gana no vamo a llegar
somo do desesperados por nos tuvimos que marchar
atras nos espera el asiento
tu ere una aventura cuando te desnuda
vamono a un lugar donde no nos puedan ver
elegi el destino que pago el hotel
tengo mas verde en billetera que ayer
se que mas de un bobo que te quiere tener
y no
tu te fuiste conmigo y
ahora estoy perdido amor
si me llamas sabes que estoy oy oy oy
bombona todos quieren contigo
pero tu estas conmigo
y no es casualidad
me clavo mira y nos fuimo
bombona todos quieren contigo
pero tu estas conmigo
y no es casualidad
me clavo mira y nos fuimo
con mis gata salimo de roce
no llegamo ante de las doce
se bien que parecemo mala
pero en el fondo tu me conoce
que en mi cama no voy a dormir
un viaje a europa antes de salir
donde sea vamo a seguir
esta noche es beber
salir y no volver
hoy no llego a mi casa
montamo en plaza
sirveme un traguito ma
uno mi y otro
el que a veces se olvida
que solo una vida
aqui llego triple t tini tini tini
no estamo en playa pero en bikini
que ya no tomo agua solo martini
que ya no quiero amor me puse mini
para salir de fiesta
bailando regueton en camara lenta
le metemo cumbia que revienta
ponmela lenta ponmela lenta
para
que toda mi babies le metan hasta abajo
que los envidiosos se vayan l carajo
metele cadera mueve to lo que trajo
hasta que amanezca que de aqui no nos vamo
 que mis ladies le metan como saben
lante y tras que no le importa que graben
bailando pegadito porque casi no caben
que no le bajen dice
esta noche es beber
salir y no volver
hoy no llego a mi casa
montamo en plaza
sirveme un traguito ma
uno mi y otro
el que a veces se olvida
que solo una vida
no son cuatro y veinte pero lo vamo a prender
a toda mis gata las voy a hacer aprender
mientra va al party sube un video
se pone perra para el perreo
y botella que ella toma las paga su presencia
lo brillo en los ojo ahora son tendencia
ella no jode con competencia
siempre titular no necesita suplencia
y se le nota que le gusta el perreo
y se le nota que le gusta el perreo mami
se que los mata el deseo
tu cree en mi? mami en ti creo
no son cuatro y veinte pero lo vamo a prender
a toda mis gata las voy a hacer aprender
mientra va al party sube un video
se pone perra para el perreo
no son cuatro y veinte pero lo vamo a prender
a toda mis gata las voy a hacer aprender
mientra va al party sube un video
se pone perra para el perreo
let s go noche ta caliente
let s go que no vamo en veinte
fuma y se arrebata humo en el ambiente
se puso de gucci y de nike lo lente
ya me lo dijo mario
que te acuerdas de mi
que escribes en un diario y hasta lloras por mi
pero que rico estabas
cada vez que sin mi
salias a calle diciendo que no era asi
crees me iba a quedar por ti llorando? esa no soy
 que te iba a aguantar cada culo que te enamoro?
te cuento no eres tu
soy si porque tu
el idiota eres tu
dile maria
y te aviso cagaste
dormiste en otra parte
conmigo te quemaste
ahora andate a marte que aqui no te quiero aqui
cagaste conmigo te rajaste
me heriste como a nadie
ahora andate a marte que aqui no te quiero aqui
nena dime si tu tas mi
como estoy puesto ti
te llevo una noche a medellin
y te pago el gym
nena dime si tu tas mi
como estoy puesto ti
te llevo una noche a medellin
y te pago el gym
te voy a hacerte completa
ta buscando que le meta
ya llegamo a meta
ahora nadie aprieta
y me puse las balenciaga
mami no te haga vente aca tu eres brava
me gusta por que eres malvada
no esta operada y asi mata las mirada
y me ayuda a contar billete
saca su juguete to s ya saben que le mete
tu sabes no ando al garete
encima mio te quito el brazalete
desde hace tiempo que no te veo
mami quiero calmar este deseo
dime si tu estas puesta mi que los enemigos miran feo
llego a disco vestido de jordan
y baby se me pega con un rico splash
conjunto de nike y unas air force one
es rapera como y le gusta bailar
ella sabe si beso lo que puede pasar
el pantisito se le moja y no es normal
despues de disco nos vamos a cu
calladito que ninguno se puede enterar
tentandome como cuando conoci
pegadita contra pared esta noche solo eres mi
tentandome como cuando conoci
pegadita contra pared esta noche solo eres mi
te noto un poco inquieta
se que tu ere bulma y tienes tu vegeta
pero por ti me convierto en alguien
de este planeta
mami es obvio que este no fue el primer episodio
que olvidaste que tienes novio
tranquila
que hoy tu novio aca no va a venir
se acosto a dormir
tranquila
que aprendi bien a compartir
y por es que no soy celoso
desde lejos te veo bien
pero se que tu te ves mejor de cerca
ese bulgari en tu piel
que me avisa cuando tu cruzas puerta
y le tiro una directa que deje tu indirecta
somo como nino por que damos tanta vuelta ?
algo que e tan simple pareciera que nos cuesta
arreglamos para verno y nos rompimo cabeza
fue culpa de tu actitud no fue culpa de cerveza
es demasiado pronto le dije no estoy esa
me dijo no tengas miedo baby esto recien empieza
te vi soltandote y bellaqueandome


levante mano si beben y fuman
si bellaquera sube como espuma
si los sentimientos ahogaste en laguna
pero pero pero
y no te voy a envolver
se que lo hacemo y tu vas a volver
un perreito en pared
soy un caso que que resolver
pero no te voy a envolver
se que lo hacemo y tu vas a volver
un perreito bellaquear
pegadito a pared
imaginate ser tu y tener a todo el mundo
queriendo ver tu culo a diario
relajada de mood ojos y cristale blue
pero soy un mercenario
y me cambio me pongo horario
hago lo necesario pruebo mil vestuario
buscas algo que este en lo alto
que sea interesante y puedo darlo
es que soy el numero uno
y de seguro te diran lo contrario
todos quieren tener tu culo
vente que hoy lo subimos al escenario
 no compro con tipo raro
miralo e mi lado tan todo pegado
y te aseguro
que todos miran cuando estamo llegando
girl chica fresa le gusta tini maneja un mini
rompe las redes cuando se pone bikini
solo vape no fuma phillie ella es mi siri
me contesta cuando quiero dicen que es muy mili pili
me invito para aires dice que bueno estoy
le gusta movie mia que lleve lo show
hago que baile cuando se pone el dembow
le buscan cualquier defecto dicen que es photoshop
en shock shock quedan cuando ella sale
te aprovechas baby no se vale
muchos pero no quien me iguale
porque
es que soy el numero uno
y de seguro te diran lo contrario
todos quieren tener tu culo
vente que hoy lo subimo al escenario
ey no compro con tipo raro
miralo e mi lado tan todos pegado
y te aseguro
que todos miran cuando estamos llegando
me busca de noche y de dia no me llama
me tiene pensandola
mala l amor
buena cama
obtiene lo que quiere
lo que le gana
ti tengo sugar como maroon 5
tu ta del uno al cinco en mi top five
hagamoslo exotico lo fi
contigo estoy bien mami so fine
quiero salvarte como naruto a konoha
toy usando los podere super saiyan como gohan
se que te gustan las flore tengo un par de rosa roja
y te las voy a dar el dia que dejes que te
fumamo kush quiero sus labio rush
me gustan los misile pero no jodo con bush
mami haciendo flush calla o
que nadie se entere calla o
ella esta customizada como mercedes ben
le pongo piquete sport mami como un amg
explotamo disco como tnt
y te va a casar conmigo mami enterate
 ti tengo sugar como maroon 5
tu ta del uno al cinco en mi top five
hagamoslo exotico lo fi
contigo estoy bien mami so fine
colgando un titan
esquivando efectivo policiale
las wacha butaquean siempre hasta que el sol sale
blam blam a ella le gustan los wacho reale
los gile que se corten que esta noche todo vale
muevem el toto to
que te lo azoto
vamono n mi moto
y hoy vamo a lo loco
que arranca toma
quiere que me coma
cuando el culo me lo asoma
a mi me deja en coma
y esta noche quiero que se pique con todo
tu wacha conmigo no hace coro con loro
desde butaca me dice que enamoro
y cuando esta sola a mi me llama que pase a buscar
en mi titan
es una turraka que le gusta el blam blam
hoy se chicha a mas bicha porque quiere chingar
los plane ya tan hecho no pueden salir mal
y quiero que esa gata me lo mueva
y hasta abajo lo menea
quiero que esa gata me lo mueva
y que sienta adrenalina
colgando un titan
esquivando efectivo policiale
las wacha butaquean siempre hasta que el sol sale
blam blam a ella le gustan los wacho reale
los gile que se corten que esta noche todo vale
mueveme el toto to
que te lo azoto
vamono en mi moto
y hoy vamo a lo loco
mueveme el toto to
que te lo azoto
vamono en mi moto
y hoy vamo a lo loco
¡bienvenidas al party!
mami aqui se escucha reggaeton
pongo tego calderon
mientras quemamo una mari
esa mami como enrola el blunt
mientra escucha mi cancion
mueveme el toto to
mueveme el toto to
mueveme el toto to toto toto
mueveme el toto to
mueveme el toto to
mueveme el toto to toto toto
en guagua se quedo el olor
de tu perfume
tu ere una bellaca soy un bellaco
e lo que no une
ella sabe que esta buenota
y no presumen
si tu gato
subiera una foto los vierne y los lune
 que to el mundo vea
lo rica que tu esta que tu esta
contigo tengo que apretar
y en calle ando suelto
pero por ti me quito
si tu me lo pides
me porto bonito
y subo un selfie que vean
lo rica que tu esta que tu esta
las otras tienen que apretar
en calle ando suelto
pero por ti me quito
si tu me lo pide
 me porto bonito
ey ey
tu no ere bebecita
tu ere bebesota
frikitona ma se te nota
le gustan los trio
cuando esta en nota
si el novio no sirve
de una lo bota
y waoh mami
dime donde dejo el resume
se que te dejaste hace un me
y de una de pecho me zumbe
si quiere te hago un bebe
o te traigo plan b
uff mami que rica tu te ve
 los 2000 escuchaba rbd
y ahora quiere perreo
toa noche en pared
te obsesiono cbd
mami tu ere elite
no te me limite
dejame hacerte
lo que amerite y te levite
l escondite
no te me arisque
que aqui no van a poder llegar lo satelite
mami sube algo
dame contenido
ese culo subelo ma seguido
me paso jangueando
a ver si coincido ey
y por fin doy contigo
mai nuestra bellaquera
nunca olvido
ninguna como tu
a mi me ha complacido
tu cree que a toda
siempre les digo lo mismo
quiere chingar
pero no quiere fijo ey
pero en confianza me confiesa
dice que nadie le interesa
pero cuando sale se pone traviesa
 que to el mundo vea
lo rica que tu esta que tu esta ey
contigo tengo que apretar
y en calle ando suelto
pero por ti me quito
si tu me lo pide
 me porto bonito
nicolas st",ebd45ab052515fddde49950039bfe28c62610e737ca09926b7a66753f623770a,2295,389,es,genius,,2026-03-09 10:40:00.428168+00,2025
993,1050,"redpool s verse
all i do spit speed
all girl eat
nigga thats my seed
you trying to battle me
there s no need
my warning u should heed
think you can defeat me you re dumber tweedle dee
alice in wonderland
now i m wondering
if your incompetent
you got me questioning
quit playing
if i was that type of guy
blade so big gotta unsheathe it
i m an animal
better yet a heathen
appetite hungry vicious
f that i m voracious
girl could just hop on my little bear
its furry and really brown
i feel like a pedofile for that joke
doesn t matter
always been a ugly duckling
still wise like owl
dark dark night
 tryna eat a cat
yet i not chinee
not a laid back kat li dat
fussy little chick ju li hen
well then
throw your dukes up
protect that face defend
nice with the pen
a whole lotta zeros
nice typing in the cc pin
energy of 10 men
little girl like emily when they 15
by their 16th freaky back
crack niggas a new head
no not rocks
bitch is a thot
drop top thot like a car
in her throat real far
tryna match me hard
can t play that card
i ll beat ass in yard
never been locked up
talking bout the house
the one where clucked ya spouse
was leaky li a water spout
scared when they roll by
just like a haunted house
i m not a ghost or hunter
they roll by haunted now
e yike your fucked
not talking porn
flip niggas like a coin
i wanna get dem cents
into a nigga
where are slap sense
i smell flakyness
its my 6th sense
i ve been the best since 6
when i script in series bs
season 1 episode zero
that s basically the pilot
bad pilot means no plane
belittle me are you insane
cash me outside
get these hands
how bow
 you re a straight fag
i shit in a bag
just i m just that mad
born april 28th
didn t understand that
zodiac sign taurus
shit in a bag hold it
my mental is insane
in other words is hold that bullshit
if not holdin means i m crazy
then well i m insane
we not the same

wczy s verse
all i do spit speed
all girl eat
nigga thats my seed
my name is dub ceez
i m the master of
b a t t l e
all y all square m cee
lock them up lost key
i m rising on the low key
y all niggas faker den cgi
want bars i m your g u y
well why cuz i m fly
not nicki but hi bye
that s all i can do dude
not philip but screw you
not the foreign exchange kid
i just want change
li all four quarters are done
gimme that dollar dollar bill y all
smooth li c r e a m
you wanna dance w ma clan
the tango when we tangle
whats flava sting no killa bee
nor the wrestler or the rock band
wwwuuuuuuuuu
 yaaaak
 man crew
dub ceez rp
ghes",30a95fbc240c1944afa6be8aff5d0482488ee3632b2ae9163e56dd4d83c1fa9d,538,114,es,genius,,2026-03-09 10:40:15.988359+00,2023
932,1059,"yuh buffalo doritos
shriveled dick shorter than a cheeto
i can t hit penis smell like fritos
ask me out i don t think that he know
cartman shit you built like peppino
fuck you hoes look like dan bongino
broke as fuck gambling in reno
goin ghost now you cannot see me
fatass lay off the linguini
kevin hart bitch you very teeny
yellow polka dot bikini
stupid flow bitch i m such a retard
didn t listen said this was gon be hard
sad as fuck i still have my v card
lock the door you can t use key card
i don t need no rebar
ask me out i don t think that he know
cartman shit you built like peppino
ask me out i don t think that he know
cartman shit you built like peppino
fuck you hoes look like dan bonchino
brok as fuck gambling in reno
goin ghost now you cannot see me
fat ass lay off the linguini
k vin hart bitch you very teeny
yellow polka dot bikini
stupid flow bitch i m such a retard
didn t listen said this was gon be hard
sad as fuck i still have my v card
lock the door you can t use key
lock the door you can t use key
lock the door you can t use key ey ey ey ey ey ey",c40267e87a5087af2aa054d75ac44e0f3159a1a725714b9ac7bd6f244fb6e659,234,32,es,genius,,2026-03-09 10:32:18.801378+00,2023
994,1086,esta es una letra de prueba para verificar que tabla lyrics funciona correctamente con las nuevas columnas,5bd90b03fb667ffbf15126cd4180c921a876d6b5f27f8ad6f4e02ab52db8b941,17,1,es,letras.com,,2026-03-09 14:46:23.033019+00,2025
996,1088,tu mirada de hielo me derrite en segundos al ver que un futuro pero no sera juntos y mi duda encendida pide que me despida de manera cordial y que no acabe mal nuestro ultimo dia que por mucho que le demos tiempo al tiempo no envejece verdad todo sentimiento tiene fecha de caducidad sera mejor evitarlo antes de que nos haga dano muchas veces se confunde querer con comodidad no solo quien esta solo sabe que es soledad y honestidad te duele pero te mata el engano ni el mejor de los policias puede detener lo que un corazon siente no existe un ilusionista que pueda cambiar mi mente tu seras el sol naciente sere como luna y no habra ningun eclipse que nos una tu piensas que el amor no existe que el tiempo curara herida y a dios pongo por testigo que tu eres lo que el viento se llevo que por mucho que le demos tiempo al tiempo no envejece verdad todo sentimiento tiene fecha de caducidad sera mejor evitarlo antes de que nos haga dano muchas veces se confunde querer con comodidad no solo quien esta solo sabe que es soledad y honestidad te duele pero te mata el engano ni el mejor de los policias puede detener lo que un corazon siente no existe un ilusionista que pueda cambiar mi mente tu seras el sol naciente sere como luna y no habra ningun eclipse que nos una ni el mejor de los policias puede detener lo que un corazon siente no existe un ilusionista que pueda cambiar mi mente tu seras el sol naciente sere como luna y no habra ningun eclipse que nos una el amor no tiene fecha de caducidad el amor no tiene fecha de caducidad porque el amor no tiene fecha porque el amor no tiene fecha porque el amor no tiene fecha de caducidad,6922c3eda705f26a23165e4b770a0ab06117cc4c490849f4267c3c0956684b0e,315,1,es,letras.com,,2026-03-09 15:23:57.983942+00,2026
997,1089,tu tatuaje de luna en el tobillo tu piel color perla ojito con brillo los polvito escondido no me olvido enamora itos eramos nino y se sentia real todo era real si te lo hice en el prom baby como olvidar? pai me prestaba el carro y te salia a buscar engancha tu primero que no quiero enganchar me decia que tu iba a ser mia siempre tu me decia que no iba a pegarme en musica me decia hice un choli cantarte y no fuiste ese dia a verme tu silla estaba vacia vacia como mansion cuando me voy de gira vacia como guagua que tu queria me monto en el pasajero imaginando que guia escuchando margiela y p o l v o s q u e n o s e o l v i d a n ese era ti luces de colores y p i e n s a s e n m i ya mismo me gano un grammy y mas hablando de ti me preguntan quien es primera musa y les tengo que mentir a lo mejor a lo mejor ya tu tiene una vida mejor a lo mejor tiene a alguien que te trata mejor pero no se si te pasa lo mismo que es que por noche baby por noche te extrano baby por noche es que te pienso como es que ahora somo do extranos si hasta tengo fotos tuyas que ni enseno baby te lo juro me hace dano darte besito ma en mis sueno como es que ahora somo do extrano si encima mio me estabas diciendo que mami frente a playita aqui toy solo mirando luna solitario el lobo pensando primera vez que te bese tu me tienes viviendo en el 2016 recordando que manana escuela y tu mama nos daba hasta una hoy voy a pichear el playstation es de una ir a verte con combi ecko las trenza y el durag tu pai en el cuarto al o tu encima mio desnu a los tiempo de maybach music cuando anuel decia uah si ya no me amas como antes como ozuna hoy bajo las escalera de perla ojala encontrarte y que conmigo tu las subas bebe y si manana no estoy recuerda los momento felice el tiempo cura todo sana cicatrice siempre sale el sol despue de los dia grise te deseo lo mejor siempre te quise que cumpla tus sueno que los realice y como el tiempo pasa rapido y no un reloj que avise esta hice por si manana no estoy por si manana no estoy esta hice por si manana me voy que te acuerde de mi si manana me voy nadie te va a querer como si manana me voy y si manana no estoy si manana no estoy? esta hice por si manana me voy que te acuerde de mi si manana no estoy por si manana no estoy,affde29f926d17312f83615a81993d5f517a983111463b8f095187dea1014aa2,487,1,es,letras.com,,2026-03-09 15:24:02.230271+00,2026
999,1091,pero estoy con ella y tu estas con el sabiendo que siempre te voy a querer si tu lo dejas dejo si tu lo dejas dejo mami contigo se siente cabron no me pasa con cualquiera me tiene aqui hablando con dios pidiendole que mi seas por las noche mi alma sale a buscarte aqui estoy llamando preguntarte y dime ma cuando es que chingamo otra ve ? si es por mi no te suelto jama cuando nos vemo ? dime que ya quiero hacerte de to te como de almuerzo y de cena tu eres mi nena el mundo atras se queda y nosotros nadie esta mirando y mientras el mundo esta girando tu y uoh uoh enrolamos quemamos chingamo que mucho peleamos creo que ya nos amamo uoh uoh tu y solo en mi cuarto y el mundo no esta girando tu huele al amor de mi vida de esos que ya quedan poco mami tu ere elegida tamo unido por el hilo rojo y siento que abro el portal cuando de frente te miro a los ojo escribiendote canciones siento los podere almighty con el pelo rojo baby tu me tiene envuelto coge mi corazon te lo presto tu ere fantasia de mi cuento y estoy con ella y tu estas con el una carita de diosa un angel mujer tu ere mi nena mi nena mi nena como en el 2000 baby rasta bieber y tu selena aunque este con alguien soy tu fantasma te como de almuerzo y de cena tu eres mi nena el mundo atras se queda y nosotro nadie esta mirando y mientras el mundo esta girando tu y tu ere mi destino mi chrono mami como simba con nala en este infierno tu eres mi cielo me siento a ap primera vez que se lo metio a rihanna mirandote a los ojo tu fuiste mi todo en vida pasada antes de conocerte ya te extranaba tu ere el sol y las constelacione contigo que carajo los condone ? tu eres mia completa dile al rascabicho de tu ex que a mi no me mencione te gusta que me encabrone que te descabrone que te entone son muchas las kendall pero gabriela siempre va a ser nena de bad bunny y dime ma cuando es que chingamo otra ve ? si es por mi no te suelto jama cuando nos vemos? dime que ya quiero hacerte de to que rico besarte otra ve repetir ocasio o o o on ojala que lo nuestro sea eterno uoh uoh te como de almuerzo y de cena tu eres mi nena el mundo atras se queda y nosotros uoh uoh nadie esta mirando y mientras el mundo esta girando tu y pero estoy con ella y tu estas con el sabiendo que siempre te voy a querer si tu lo dejas dejo si tu lo dejas dejo,4f839a12339c38122ac793ba2d3064ea4573ded8b8659b50f68656ff87fc8a8b,482,1,es,letras.com,,2026-03-09 15:24:18.195763+00,2026
1002,1094,dos punala itas en los ojos y en el corazon si me ves cerca de ti piensa que esto fue un error tendria que esconderme pero creo que mejor no si me va el cora a mil es porque cuando vi tu cara no me lo esperaba te vi no sabia que tenias que me enganchaba cuando vi tu cara no me lo esperaba que ironia no sabia que venias de andalucia que venias de andalucia que venias de andalucia cuando alguien te busque di que te vi primero si esto es un delito que me arresten voy sin miedo si me ves andando tu y no nos conocemos y si alguien pregunta miente y dile que es un juego cuando vi tu cara no me lo esperaba te vi no sabia que tenias que me enganchaba cuando vi tu cara no me lo esperaba que ironia no sabia que venias de andalucia que venias de andalucia que venias de andalucia ahora dile a catalina que no robe que no robe tu luz que cuando miro l cielo le pido que no seas mi cruz y es que cuando vi tu cara me lo esperaba ya sabia que era lo que me enganchaba cuando vi tu cara ya me lo esperaba lo pense de noche y dia parecio una epifania cai en lo que tenias que venias de andalucia que venias de andalucia que venias de andalucia,c63b8a7b578fca0ba90dda8d9f6106ee65e24b347c17446cf765b65cec82d0ac,237,1,es,letras.com,,2026-03-09 15:24:39.968997+00,2026
1003,1095,hola ladron de paz campo de minas para mi sensibilidad playboy un campeon gasta el dinero que tiene y tambien el que no el es tan encantador estrella de sinrazon un espejismo medalla olimpica de oro al mas cabron tienes el podio de gran desilusion decepcion local rompecorazones nacional un terrorista emocional el mayor desastre mundial es una perla nadie se fia es una perla una de mucho cuida o el rey de 13 14 no sabe lo que es cotizar el es el centro del mundo y ya despues lo demas que dara? por fin vas a terapia vas al psicologo y tambien psiquiatra pero de que te sirve si siempre mientes mas que hablas? te haran un monumento a deshonestidad no me das pena quien queda contigo se drena siempre se autoinvita si puede vive en casa ajena red flag andante tremendo desastre dira que no fue el que fue su doppelganger nunca le prestes no lo devolvera ser bala perdida es su especialidad lealtad y fidelidad es un idioma que nunca entendera su masterpiece su coleccion de bras si le pides ayuda desaparecera decepcion local rompecorazones nacional un terrorista emocional el mayor desastre mundial es una perla nadie se fia es una perla una de mucho cuida o,34b8b26f4ff464b3a5f26f72db8dadf00a8bb5dc45e54e78c5bdb149831111cb,211,1,es,letras.com,,2026-03-09 15:24:48.562606+00,2025
1004,1096,te gustara como nuestros cuerpos chocaran bajo el agua nadie lo sabra safado conmigo que sean las olas las que escuchen mis gemidos encima del jet ski vo a rebolar vos nessa onda sexy te dejo maluco em cima do jet ski vou rebolar pra tu nessa onda sexy te deixo maluco pedro sampaio es de vidigal fala en portugues me subio al jet ski fuerte lo agarre el me pone mal lo hace tudo bem hoy me voy a ahogar boca a boca salvame dame un dame un besito brasilero exquisito un videito material inedito cuando todo me quito se desquito te quiero todo mojado no se quito no se quito tu gosta ne? de correr perigo gosta ne? de sexo proibido so quem vai ver sou eu e os golfinho as onda batendo ai que delicia o barulhinho encima del jet ski vo a rebolar vos nessa onda sexy te dejo maluco e e e em cima do jet ski vou rebolar pra tu nessa onda sexy te deixo maluco melody pedro sampaio e o k voz lo empiezo a rebolar piensa que soy brasilera y vengo de argentina nadie se compara con una latina y quiero mas encima del jet ski no paro de rebotar no paro de rebotar no paro de rebotar encima del jet ski no paro de rebotar no paro de rebotar no paro de rebotar en en encima del jet ski de jet no jet ela bota a boca e vem no mete se tu nao vai ter match repete o que eu vou falar vou colocar colocar colocar vou botar e tu vai tomar vou colocar colocar colocar e e encima del jet ski vou colocar colocar colocar vou botar e tu vai tomar vou colocar colocar colocar e e encima del jet ski,1eb3d9008295476c1287b1d5fea4fbdae03f204c2fe9dbea197e02bcfa8cb37a,302,1,es,letras.com,,2026-03-09 15:24:59.023775+00,2026
1008,1100,voy a darte mami que lo sienta en las noche frias se que mi nombre piensas baby por las noches tu me piensa me pasa tambien siempre quiero ser quien te calienta quien besa tu piel baby vamo a hacerlo como ante cuando estabamo bien forever voy a ser tu gangster tu mi nena bebe forever mi lova nunca dejo sola esa nena es mi gata ella nunca me abandona tengo el poder de erizar tu piel si te toco por zona soy tu bandido el que el corazon te roba una noche de placer es lo que nena pide que le pongan musica que se motive cuerpo con cuerpo bellaquera coincide me hace to los truco que nunca olvide ma forever mi gata el que te toque vo a jalarle las pata pensando en ti es que nengo se arrebata pone mis cancione en bocina ponerse ma bellaca de pasarla bien se trata ma real g4 life baby baby por las noches tu me piensa me pasa tambien siempre quiero ser quien te calienta quien bese tu piel baby vamo a hacerlo como ante cuando estabamo bien forever voy a ser tu gangster tu mi nena bebe tu me piensa cuando bebe cuando fuma cuando te sientes solita cuando esta arriba de luna sueno en las motorita en los can am y toa las chuma paso empeliculea o en nave por tu urba mami ahi es que te robo obo como te como nadie te lo hace hace de tocarte ma te mojo chequea el piquete este como que camino cojo no es que este bien cabron es que ellos to s son flojo flojo mi bebecita me encierro en el cuarto con ella pongo a cerrar los ojo que vea estrella cuando tu me mira asi diablo que bellaquera esta escuchando al nengo con el de nueva era y recuerdo tu y entrando en calor noche nos pedia mami sexo y sudor en mi mente tus beso tus pose y tu olor tu todavia busca a alguien que te lo haga como y son recuerdo mi amor entrando en calor noche nos pedia mami sexo y sudor en mi mente tus beso tus pose y tu olor aqui me tienes solito esperando el call mami baby por las noches tu me piensa me pasa tambien siempre quiero ser quien te calienta quien besa tu piel baby vamo a hacerlo como ante cuando estabamos bien forever voy a ser tu gangster tu mi nena bebe tu esta bellaca y lo se sus ojo me estan hablando si sigue como va vamo a terminar chingando chingando lo se sus ojos me estan hablando si sigue como va vamo a terminar chingando real g4 life baby orientando a las generacione nueva dime ousi nosotro estamo poniendo los culo a retumbar desde ante de que ustede nacieran real g4 life foreva ousi,7328bf1a3371bfb2f29f3db0c9a0271693b385c7eed1b658fce2cb0dffb7a129,480,1,es,letras.com,,2026-03-09 15:25:22.870765+00,2026
1010,1102,ahora es el mejor momento asi que grabalo en tu mente y es que nada es tan importante como dejar en ti mi tiempo pero en tu mano y en mia esa linea ahora es eterna dibuja el pacto que hemos hecho atravesando lo incorrecto todo aquello que no decimos es lo que el mundo quiere escuchar quiere escuchar primer aviso para que empiecen nuestros dias es el principio que rige todo y si te vas a perder estare para encontrarte y si vas a renunciar estare para mostrarte un amor tan infinito que no necesite a nadie un amor tan infinito que no necesite a nadie tus amigos y tus vecinos moderados por supuesto no entienden mas bien de nada mucho menos de lo nuestro un atisbo de esperanza y un camino menos recto pues lo bueno que nos pasa tambien es culpa de ellos segundo aviso para que empiecen nuestros dias es el principio que rige todo y si te vas a perder estare para encontrarte y si vas a renunciar estare para mostrarte un amor tan infinito que no necesite a nadie un amor tan infinito que no necesite a nadie para siempre es mucho tiempo quiero que ahora entiendas esto para siempre es mucho tiempo quiero que ahora entiendas esto para siempre es mucho tiempo quiero que ahora entiendas esto,0ba637cff909e7c207d1d4d7403012f9f3fff630edc222779181fdd09c521f82,224,1,es,letras.com,,2026-03-09 15:25:32.031516+00,2023
1012,1104,me acuerdo aquel dia tu y tu encima dos cuerpo a escondida bebe noche era de los do donde estas meti a? de disco sale de dia ojala que te acuerdes mi amor hacerlo hoy hoy hacerlo hoy hoy hacerlo hoy hoy mi amor si estas con alguien dile que tu ere mia que no somos pero que no me olvidas mi amor mi amor mi amor 4 a m loca con el nene nota los weekene no se que ella tiene pero tiene lo que me gusta su casa es ruta baby tu eres mi musa caliente como una hookah saliendo de dia como a las 6 de morning dice que se desvia pero que ma es por mi dice que esta es su primera ve y se que esta no es su primera ve me se to los punto to los fetiches se los cumplo como una brocha se lo paso como si no mas nadie en este mundo nunca le digo detente ella es como una serpiente pero es de esas venenosa le gusta jugar con mi mente se que te gusta cuando hacemo el amor mami tu te fuiste pero se quedo tu olor mia por siempre pero lejo estamo mejor si tu quiere te hago el favor y lo hacemo hoy hoy hacerlo hoy hoy hacerlo hoy hoy mi amor mi amor si estas con alguien dile que tu ere mia que no somos pero que no me olvida mi amor mi amor mi amor y ahora que no te tengo pienso en todo el tiempo perdido que perdi contigo pues por amarte a ciegas no escuche y me lance al vacio por amor todos me dijeron todos me advertian que flores que tienen espinas,6b81c171ace7c03a0da1f9ddf503bbfb74b14b55cda709defdb6df85e5bacd90,290,1,es,letras.com,,2026-03-09 15:25:44.230074+00,2026
1014,1106,baby tu tas dura que dios te guarde tu posteaste y like tuve que darle te mando mi contacto que lo guarde y si es que estas acostumbra me tira mas tarde cuando te sientas sola o si vas calle escribe muchos hola y lo que nadie sabe es que esta sola solita los panties rosita y muchos le tiran pero los evita y vino blanco y una copita no invita no no tiene a nadie en lista tu quiere un bichote y lo tengo ese culote mami llegue quedarme en tu roster te vo a dar vuelta como un rollercoaster tu ve en faldita con las loafers pero controla brea como el buster ella es de isla motherfucker me dio verde en sus close friends te vi jangueando y en casita meti o hoy salgo calle sin rumbo prendi o dime tu es una experta no es una rookie andan suelta estan ruli y me dijo que hoy si esta sola solita los panties rosita y muchos le tiran pero los evita de vino blanco y una copita no invita no no tiene a nadie en lista vo a romper y vo a arreglar esto es politica robarte me voy y me caso contigo a lo christian nodal baby dame un sample probar botox en los labio hazme sexo oral te meto bateria y vo a ponerla a vibrar siempre me lo babea vo a ponerte un bozal seria padrastro si tu tiene nene chamboneamelo como una fn calla ita en calle cerra los weekene llego de italia y solo quiere pasta penne y pussy chiquitita pero uzi quiere coca quiere tussi uva dulce esta juicy vamo a garchin aqui en gucci toma fuete cuchi cuchi algo en ti zion con luny vamo l threesome caele con tu roomie si esta sola solita los panties rosita y mucho le tiran pero los evita y vino blanco y una copita no invita no no no tiene a nadie en lista jajaja estos son algunos de los nombres que han cambiado historia de musica y no hablo solamente del reggaeton jhayco rauw alejandro tainy no que decir mas nada,8642a0661977b3c5c07168192fab365253716fd4c56af3b12532fbf5e49c78e6,358,1,es,letras.com,,2026-03-09 15:25:53.007671+00,2026
1015,1107,bad gyal vas a sacar fiera si me sigues mirando asi en cinco tengo el driver afuera luego irnos de aqui traigo gistro fino falda corta calentura ya estoy loca cinturita se moverla pegate que te enteres si si si tu me dejas que toque mai no te quite cuando esto te choque faltan condone hierba ponerno high por si toca hacerlo tonight y me dejo que toque reclina ita que te choque busca condone hierba ponerme high toy loca por hacerlo tonight hablas como tu me hablas si usas esas palabras entonces vamonos que te siente en nada y te muevas como en cama me lo cojo en serio no estoy de bla bla bla hasta abajo bonita piquetua ensename lo que tu soltarme los trago estan de ma sientes mi velocidad mi mente esta vola te quiero encarama bien loquita bien clava y este party ya empezo despues no recordaremo esto se quedara entre tu y muevete como una bad gyal gyal y este party ya empezo despues no recordaremo esto se quedara entre tu y muevete como una bad gyal gyal y tu que te pensaba que era malo hoy vine para darte un par de clases de regalo mientras esta alli abajito el humito lo inhalo nena que tu tenia supero no igualo sabe que soy un diez pintaito los pies lenceria dolce carita de angel lo mas rico que tengo no se ve baja que vea en hd cortita mi ropa besame en boca me pongo demonia se nota apretame las nalgas volverme loca me pongo demonia se nota cortita tu ropa te beso en boca te pongo demonia se te nota te aprieto las nalga volverte loca a buscarte de nuevo me provoca ya empezo despues no recordaremo esto se quedara entre tu y muevete como una bad gyal gyal que este party ya empezo despues no recordaremo esto se quedara entre tu y muevete como una bad gyal gyal si si si tu me dejas que toque mai no te quite cuando esto te choque faltan condone hierba ponerno high por si toca hacerlo tonight y me dejo que toque reclina ita que te choque busca condone hierba ponerme high toy loca por hacerlo tonight bad gyal chencho corleone okey luny luny luny tunes duran the coach cromo x,eecea39c97df13a4a8e9d94091d82124a43cc9f7455889baf951a59c41ec3017,386,1,es,letras.com,,2026-03-09 15:25:55.180992+00,2026
1019,1111,¡nueva yol! si te quieres divertir con encanto y con primor solo tienes que vivir un verano en nueva york si te quieres divertir con encanto y con primor solo tienes que vivir un verano en nueva york 4 de julio 4th de july ando con mi primo borracho rulay los mio en el bronx saben que con nota en high por washington heights willie colon me dicen l malo porque pasan los ano y sigo dando palo vendi ndo disco como cuadro frida kahlo el perico es blanco si si el tusi rosita no te confunda no no mejor evita un shot de canita en casa de tonita y pr se siente cerquita si si si como el campeonato nadie me lo quita como bad bunny va a ser rey del pop con reggaeton y dembow? con reggaeton y dembow si con reggaeton y dembow como bad bunny va a ser rey del pop con reggaeton y dembow? me siento como el lapiz en capea el dough cuando naci fue que nacio el flow de o a o ping pong un flow pesa o big pun con silenciador les robamo las gata james bond estoy en mia no tengo adversario no con los yankee y los met juan soto a correr que otra ve sacamo el estadio si te quieres divertir con encanto y con primor solo tienes que vivir un verano en nueva cuida o que nadie nos escuche cuida o que nadie nos escuche cuida o que nadie nos escuche cuida tu tiene piquete mami tambien tu estas buena estoy bueno tambien huelo rico y ando con los de cien si tu lo quiere lo tiene que mover tu tiene piquete mami tambien tu estas buena estoy bueno tambien huelo rico y ando con los de cien si tu lo quiere lo tiene que mover lo tiene que move ve ve ve ve ve ve ve ve ve ve ve lo tiene que move ve ve ve ve ve ve ve ve ve ve ve lo tiene que move ve ve ve ve ve ve ve ve ve ve ve lo tiene que move ve ve ve ve ve ve ve ve ve ve ve ve ve ve,acf2556e6ba5c82649be1c79422b5431da3faf17454e01561e94bbfa26701284,371,1,es,letras.com,,2026-03-09 15:26:08.902348+00,2026
1025,1117,todo lo que construimos juntos se lo habra llevado el vendaval todo lo que dije que queria donde esta? donde esta? no se si es por miedo o si es mi ego o es que no quiero mirar atras te llevo tan dentro que no veo donde estas tu? donde estas? y si no se volver no dejes puerta entreabierta se que si te veo despierta eres experta en hacerme caer y no se si quiero volver tu que me ensenaste a ser valiente y no quieres soltarme justo ahora que empezaba a despegar me miras como a un desconocido como si no te llevara aqui dentro conmigo y si no se volver no dejes puerta entreabierta se que si te veo despierta eres experta en hacerme caer y si no se volver no dejes puerta entreabierta se que si te veo despierta eres experta en hacerme caer no se si quiero volver quiero volver no se si quiero volver todo lo que construimos juntos ya se lo llevado el vendaval las veces que dije que te quiero ya no estan,76742ff24e62c109722576f02ffff4c655b76e5e6698ec6a8ac40c3e10220fbf,181,1,es,letras.com,,2026-03-09 15:26:30.614984+00,2026
1027,1119,me ve entrando en disco y se me queda mirando creo que me conocido sera uno mas de tantos mierda quiza eres mi proximo error estoy con mis amigas de reojo mirandote queda tan bien esa camisa de versace hoy vas a ser mi proximo error y no se donde diablo se habra metido no esta en el bano ni en los pasillos fuck esta en barra y viene directo a mi el me dice que quiere divertirse le digo que los rumores vuelan el me dice que no le importa estar con una superestrella le digo de donde tu has salido? el me dice que quiere estar conmigo le digo que no es facil enamorarse de una superestrella aqui esta todo el mundo mirando vamos solos al bano y retomamos lo que estamos empezando solo quiero conocerte un poco mas supongo que no lo he pensado bien pero manana seremos noticia en tv que seas tu a quien le cuente mis mentiras tatuarme tu apellido querernos para toda vida y no se que diablos estamos haciendo no te conozco pero me estoy muriendo fuck vamonos ya de aqui hoy soy toda para ti el me dice que quiere divertirse le digo que los rumores vuelan el me dice que no le importa estar con una superestrella le digo de donde tu has salido? el me dice que quiere estar conmigo le digo que no es facil enamorarse de una superestrella,2519c1d0001ffbe8ce1fd358fbe9b93c043e92a431e2fd4007e30b2a9ed373eb,241,1,es,letras.com,,2026-03-09 15:26:39.052941+00,2025
1028,1120,no se como empezar hace tiempo que ya no hablamos y pense en si estaras bien tal vez quedo atras y vienes en mi mente cuando no nada mas siento que las horas son tan aburridas puede que este sola pero entretenida pensandote desde el sofa queriendo volver al sabado noche una vuelta en tu coche las luces bajadas no puedo olvidar las ganas y el roce de tus labios de golpe musica suena y queriendo estallar ya no se actuar como si nada porque tengo tu mirada en bucle al despertar no es que este pillada por ti me repito a mi misma pero sigo aqui buscandote cuando voy a salir pensando si volvera a ocurrir estoy de resaca sin tu compania busco tus mensajes ya con ironia pensandote desde el sofa queriendo volver al sabado noche una vuelta en tu coche las luces bajadas no puedo olvidar las ganas y el roce de tus labios de golpe musica suena y queriendo estallar ya no se actuar como si nada porque tengo tu mirada en bucle al despertar en bucle al despertar en bucle al despertar en bucle al despertar sabado noche una vuelta en tu coche las luces bajadas no puedo olvidar las ganas y el roce de tus labios de golpe musica suena y queriendo estallar sabado noche una vuelta en tu coche las luces bajadas no puedo olvidar las ganas y el roce de tus labios de golpe musica suena y queriendo estallar ya no se actuar como si nada porque tengo tu mirada en bucle al despertar,2bab4e674a97e5f3d8795d7517684078b680176877056b92e31df1f49f8736ec,262,1,es,letras.com,,2026-03-09 15:26:42.753963+00,2026
1031,1123,me estoy dando cuenta de las cosas que hice mal culpa me alimenta con trocitos de cristal te quiero buscar para decirte que lo siento todo lo que destrui me mata por dentro algunos me avisaron que me arrepentiria supongo que querian evitar mi caida ya no se si quieres algo de mi quiero apagar luz de toda mi cabeza volver a aquella charla con nuestra cerveza primera caricia debajo mesa atarme a ti antes de que desaparezcas una y otra vez besarnos y tocarnos y arrancarnos ropa pedirme que no pare que no anada una coma y ahora tengo miedo de decirte hola no se si a un tipo como se le perdona me estoy dando cuenta de lo torpe que fui vida no es un curso que se pueda repetir te quiero mirar a los ojitos como antes que vuelvas a creer que juntos somos gigantes algunos me avisaron que me arrepentiria supongo que querian evitar mi caida ya no se si quieres algo de mi quiero apagar luz de toda mi cabeza volver a aquella charla con nuestra cerveza primera caricia debajo mesa atarme a ti antes de que desaparezcas una y otra vez besarnos y tocarnos y arrancarnos ropa pedirme que no pare que no anada una coma y ahora tengo miedo de decirte hola no se si a un tipo como se le perdona algunos me avisaron que me arrepentiria supongo que querian evitar mi caida ya no se si quieres algo de mi quiero apagar luz de toda mi cabeza volver a aquella charla con nuestra cerveza primera caricia debajo mesa atarme a ti antes de que desaparezcas una y otra vez besarnos y tocarnos y arrancarnos ropa pedirme que no pare que no anada una coma y ahora tengo miedo de decirte hola no se si a un tipo como se le perdona,ae638b32ffd4754e4ba897dbbfd29eddbc64e6044b69661c8966174914ee4440,310,1,es,letras.com,,2026-03-09 15:26:58.600776+00,2026
1033,1125,caliente cuando toco cremita de vainilla con coco quietecita como una foto si le doy un beso quiere otro y miro y le brillan los ojo te quiero comer como antojo si no es contigo pues estoy solo uah uah tu va a ser mia tu vera esa notita sube subela cuando toco siento humedad en su cuerpo uah uah tu va a ser mia tu vera esa notita sube subela cuando toco siento humedad en su cuerpo le hago el piel le erizo y le salen las ala te lleve a fumar al frente de playa y sentia que sus ojo me hablaban y nos metimo l agua no somo surfer pero aqui estamos dando tabla le tiro cuando estoy por el area arena louis vuitton las sandalia en una hamaca debajo de las palma tamos quemando en hojas de palma le puse el bronceador en espalda y las mano bajaron a las nalga y miro y le brillan los ojo te quiero comer como antojo si no es contigo pues estoy solo uah uah tu va a ser mia tu vera esa notita sube subela cuando toco siento humedad en su cuerpo uah uah tu va a ser mia tu vera esa notita sube subela cuando toco siento humedad en su cuerpo caliente cuando toco cremita de vainilla con coco quietecita como una foto si le doy un beso quiere otro y miro y le brillan los ojo te quiero comer como antojo si no es contigo pues estoy solo uah uah tu va a ser mia tu vera esa notita sube subela cuando toco siento humedad en su cuerpo uah uah tu va a ser mia tu vera esa notita sube subela cuando toco siento humedad en su cuerpo,16019151df0125ecb7c0fd98d6dcbd2d52dd9517527cf9a297482299fbe32c38,292,1,es,letras.com,,2026-03-09 15:27:08.275348+00,2026
1037,1129,algo denso en el aire que no nos deja caer es un mal dia en el mundo para desaparecer estoy en guerra con todo lo que te roce piel no dura mas de un segundo pero me suele doler puede que sea tu sombra puede que no salga bien ves queda casi nada en pie menos lo que importa dime que me quieres se lo que que hacer dime que me quieres se lo que que hacer algo amargo en tu risa que no puedo cambiar lo que me digas va a misa a compensar lo demas el tiempo que te he quitado lo que prometo hoy no es lo que tenias pensado pero sucede al reves puede que dure un minuto o puede que salga bien ves queda casi nada en pie menos lo que importa dime que me quieres se lo que que hacer ves queda casi nadie en pie pero a quien le importa? dime que te duele se lo que que hacer ves queda casi nada en pie menos lo que importa dime que me quieres se lo que que hacer ves queda casi nadie en pie pero a quien le importa? dime que te duele se lo que que hacer dime que me quieres se lo que que hacer dime que te duele se lo que que hacer dime que me quieres se lo que que hacer,936f9575d5265187b9de52a1c100c3ac9ca48e4e6023950701f2e183f155791e,232,1,es,letras.com,,2026-03-09 15:27:21.321802+00,2025
1040,1132,no eres mi destino te juro no se si llegaremos lejos tu y pero sabes no es facil mi no se si el destino pueda tener algo los dos por ahora disfrutemos tu y quedate aqui conmigo que estemos bien solitos que olvidar todo el mal que nos hicimos atras y si volvemos a cantar? por algo que empezar quiero sentir que soy ti y que tu eres mi es mi destino amarte siempre y que tu siempre estes presente es mi destino que tus besos siempre vivan en mi cuerpo es mi destino asi quererte porque esa sido nuestra suerte es mi destino me enloqueces desde mis suenos me sometes es mi destino amarte siempre y que tu siempre estes presente es mi destino que tus besos siempre vivan en mi cuerpo es mi destino asi quererte porque esa sido nuestra suerte es mi destino me enloqueces desde mis suenos me sometes y ahora que estas conmigo te juro que siento que son cosas del destino te sueno y tu me llevas volando al paraiso para volver a empezar no se puede evadir baby tu y sabemos bien que hacer esa ironia que me domina somos el uno para el otro y lo sabias lo sabia quedate aqui conmigo que estemos bien solitos que olvidar todo el mal que nos hicimos atras y si volvemos a cantar? por algo que empezar quiero sentir que soy ti es mi destino amarte siempre y que tu siempre estes presente es mi destino que tus besos siempre vivan en mi cuerpo es mi destino asi quererte porque esa sido nuestra suerte es mi destino me enloqueces desde mis suenos me sometes es mi destino amarte siempre y que tu siempre estes presente es mi destino que tus besos siempre vivan en mi cuerpo es mi destino asi quererte porque esa sido nuestra suerte es mi destino me enloqueces desde mis suenos me sometes,c99b23cce2e6bd9250cbcc0f96424cf911fb5f1b6aa045072341595e81ab8073,321,1,es,letras.com,,2026-03-09 15:27:30.26521+00,2025
1050,1142,y se que solo estoy mirando de otra forma que voy a darle vuelta a nuestras sombras mientras busco el modo de remontar el vuelo robe ahi te mando el pedacito nuevo incluyendo el verbo remontar que es lo que a ti te gustaba a ver como te suena un besito chao si encontrara silencio en mi ruido mental dormiria diez dias y un ano si avistara causa de mi tempestad me pondria a chillar como un gallo hoy hasta las moscas me pasan de largo sera que algo les huele mal? el griterio de mis pensamientos a toda velocidad hasta los huevos de esperar un milagro cansado de avanzar marcha atras me tomo pastilla roja bebo 0 0 me alimento bien un millon de muebles que mover y no se detras de cual esta lo que he perdido todo tiene luz de probador ya no me reconozco y me importa bien poco en cuanto me de un rayo de sol voy a hacerme una foto en un fotomaton quien es que llama a mi cabeza a todas horas? que puede remendar todas las hojas que han caido al suelo como un arbol en invierno? y se que solo estoy mirando de otra forma que voy a dar vuelta a nuestra sombra mientras busco el modo de remontar el vuelo a veces hago maniobras para retomarlo donde lo deje demasiados frentes a vez y no consigo ver quien cono es el enemigo todo tiene luz de probador ya no me reconozco y me importa bien poco en cuanto me de un rayo de sol voy a hacerme una foto todo tiene luz de probador ya no me reconozco y me importa bien poco en cuanto me de un rayo de sol voy a hacerme una foto en un fotomaton,def7a5882c0ba931719eccc9c702300e950cb0adec3689643379df714f825c4c,299,1,es,letras.com,,2026-03-09 15:28:22.47243+00,2025
1051,1143,pensaba que contigo iba a envejecer en otra vida en otro mundo podra ser en esta solo queda irme un dia y solamente verte en el atardecer si me ven solo y triste no me hablen si me ven solo y triste soy culpable vida es una fiesta que un dia termina y fuiste tu mi baile inolvidable y fuiste tu mi baile inolvidable pensaba que contigo iba a envejecer en otra vida en otro mundo podra ser en esta solo queda irme un dia y ver l cielo a ver si te veo caer si me ven solo y triste no me hablen si me ven solo y triste soy culpable vida es una fiesta que un dia termina y fuiste tu mi baile inolvidable no no te puedo olvidar no no te puedo borrar tu me ensenaste a querer me ensenaste a bailar no no te puedo olvidar no no te puedo borrar tu me ensenaste a querer me ensenaste a bailar dime como le hago olvidarte un paso nuevo que quiero ensenarte en las noche ya ni puedo dormir lo que hago es sonarte no no te puedo olvidar no no te puedo borrar tu me ensenaste a querer me ensenaste a bailar como tu me besabas como te lo hacia como tu me mirabas bellaquito me ponia se siente feo no tenerte cerquita nueva mama bien pero no es tu boquita mi diabla mi angel mi loquita mi diabla mi angel mi loquita esto suena cabron vamo a hacerlo otra ve como anoche como anoche tan tan aprieta chamaquito aprieta no no te puedo olvidar no no te puedo borrar tu me ensenaste a querer me ensenaste a bailar con cualquiera me puedo acostar pero no con cualquiera quiero despertar solo con usted con usted bailo con usted mas con usted un beso donde estes donde estes bebe no no te puedo olvidar no no te puedo borrar tu me ensenaste a querer me ensenaste a bailar y tenia muchas novia pero como tu ninguna ya no tengo mi sol me paso en luna si te pienso me tiro de una mi diabla mi angel mi loquita mi diabla mi angel mi loquita,f86300ba4e92cd1b35454acdbd3f1491ad235b218311c5408b7e18794e608f3f,367,1,es,letras.com,,2026-03-09 15:28:28.372107+00,2026
1064,1156,por manana cafe por tarde ron ya estamo en calle sal de tu balcon de arecibo hasta ponce de fajardo a rincon es voz de todo un barrio desde almirante a fronton que lo bailen en lloren que lo bailen en canale hoy voy carretera con to mis anormale hoy no quiero dormir lo que quiero es amanecerme y beberme un galon brother no se ni como llegue a casa anoche clase de loquera y hoy me estan tirando de nuevo bajar lla pero creo que hoy si que acho pichaera que no me esperen por el humo empano el camino y no pude recordar el camino mi casa hoy me vuelves a invitar me iba a quedar tranquilo pero si quiere vacilar sube tu montana porque hoy me quedo aca ven subiendo ven subiendo que no le vamo a bajar sube tu montana hoy me quedo aca ven subiendo ven subiendo que no le vamo a bajar sube tu montana hoy me quedo aca alla abajo alla abajo no se me perdido estan arriba en el monte los codigo de verdad ven subiendo ven subiendo que no le vamo a bajar sube tu montana hoy me quedo aca hoy se bebe hoy se bebe y nadie nos va a parar el samurai esta en brillo y el combo va a chinchorrear ven subiendo ven subiendo que no le vamo a bajar sube tu montana hoy me quedo aca ten cuida o ten cuida o cuando te toque bajar que no te por risco y te tengamos que buscar en el monte hoy se rompe desde que sale el sol hasta que se esconde chillando goma botando humo ponle suban ca que sientan el torque me voy a dar otra en lo que los muchacho hacen el corte,570e0c22602eb9394fc5e0b21727945ddae3a4229a86fcc95bc162efc0b327e1,298,1,es,letras.com,,2026-03-09 15:29:26.486697+00,2026
1066,1158,aunque te sientas diferente aunque vida a ti te cueste aunque aparezca en ti el dolor aunque tus lagrimas te cueste aunque de dudas te alimentes aunque te falte a ti el valor unete somos muchos esta vez todos los besos que damos todos empiezan aqui y se nos va de las manos ¡! todos los besos que damos todos me saben a ti quiero gritarlo mas alto quiero gritarlo mas alto cuando haces caso a tanta gente cuando les compras lo que mienten cuando te das al que diran vida es tuya se valiente no tengas miedo al miedo y corre de frente a tu velocidad unete somos muchos esta vez unete somos muchos esta vez todos los besos que damos todos empiezan aqui y se nos va de las manos ¡! todos los besos que damos todos me saben a ti quiero gritarlo mas alto quiero gritarlo mas alto ¡! ¡! ¡ ! y si nadie viene a buscarte me tienes aqui y si nadie viene a preguntarte me tienes aqui y si nadie viene a buscarte me tienes aqui y si nadie viene a preguntarte me tienes aqui todos los besos que damos todos empiezan aqui y se nos va de las manos ¡! todos los besos que damos todos me saben a ti quiero gritarlo mas alto quiero gritarlo mas alto ¡!,c2a47cf5ce22e705b878172fe97545d3a509d57a6e0e50632b07bad55f9582fc,226,1,es,letras.com,,2026-03-09 15:29:33.187598+00,2023
1068,1160,y es que tu olvido me visita mas que tu y le canto bajito que no crea que ganao te espere donde nos dimos un besito y ahora lo canto bajito que no vea que he llorao podria salir a ver si va por buen camino pero me acerco bajito que no vea que he llegao puedo escribirle saber por que se ido pero mejor callaito por si respuesta me deja doblao y es que no carcel peor que vivir fingiendo las palabras por el aire se van volando se van corriendo y que dios te me guarde me penita y me quita el tiempo te quise y te quise hasta que me odie y ahora que no estas me muero por dentro se me acelera el pulso se me acelera el pulso se me acelera y se me acelera y se me acelera el pulso se me acelera el pulso se me acelera el pulso se me acelera y se me acelera y se me acelera el pulso tengo tu foto en el espejo para verla y tu ropita en el armario mirarla aunque me nunca dejo de quererla no no se me acelera el pulso cuando voy a verla me pongo abajo cuando baja mirarla que tengo claro que no deje de quererla no no tengo tu foto en el espejo para verla y tu ropita en el armario mirarla aunque me nunca dejo de quererla no no se me acelera el pulso cuando voy a verla me pongo abajo cuando baja mirarla que tengo claro que no deje de quererla no no,2be53bfe1c014076cf33ead5eb2a784d628b9b203ea26ff85bcfe18a1f54dfb2,265,1,es,letras.com,,2026-03-09 15:29:43.876898+00,2023
1075,1167,¡daddy yankee! nueva temporada ya empezo play sonido del bajo bizarrap suena el bass codigo 787 alias el calenton bateria que llego el reggaeton que lo bueno se metio tu casa rey sin misterio levantando raza ando con el poder que to los male arrasa to el mundo me dice que te pasa? si me pregunta a nadie le debo cuando me de aqui nada me llevo solo me voy con un amor verdadero los pie en tierra siempre mirando al cielo ¡daddy! fino es el chamaco y se le nota el barrio mi flow es eterno ya no es legendario no te toy hablando de dolar pero traigo el cambio es mi father quien llena el estadio conmigo tos lao camina es quien me pone vitamina verdadera gasolina lina no me deja para o en esquina de santurce argentina que tu quiere que te diga? si me pregunta a nadie le debo cuando me de aqui nada me llevo solo me voy con un amor verdadero los pie en tierra siempre mirando al cielo ¡masivo! ¡ ! bi bi biza buscate visa que sea de arriba que el enemigo no avisa estan viendo un hombre que renace de las ceniza esto no lo para ni patrulla fronteriza stop nueva temporada ya empezo play sonido del bajo bizarrap suena el bass codigo 787 alias el calenton bateria que llego el reggaeton que lo bueno se metio tu casa rey sin misterio levantando raza ando con el poder que to los male arrasa to el mundo me dice que te pasa? si me pregunta a nadie le debo cuando me de aqui nada me llevo solo me voy con un amor verdadero los pie en tierra siempre mirando al cielo ¡ ! ¡ ! bizarrap,27fe72531fa35209f3697bb8a50d84324901e52267da304a137539943230ad15,294,1,es,letras.com,,2026-03-09 15:30:27.523989+00,2025
1076,1168,como estaran en ensenada el viejo ceibal los jazmineros y orquideas en flor donde canto dulcemente el zorzal? quiero volver a contemplarme en tus ojos kamba y que me beses como te bese bajo sombra del jacaranda nino apoyate en mis recuerdos intenta dormir en paz siento el peso en tu conciencia por el llanto de mama vi que el miedo al abandono no te deja respirar siento el nudo de tu panza cuando te hablan de papa nino haz las paces con vida no es de piedra el pastizal nostalgia de tu antes no te deja caminar quien mato tu sonrisita de ilusion y de bondad? se que te queres dormir no volver a despertar amor no llores veo luz en tus males siguiendote el corazon bailando en un canto de zorzales nino soy un hombre con tristeza se del peso en tu verdad escaparte por robar porque robas para cenar vi tus dedos en el barro con olor a libertad se que te queres dormir no volver a despertar por el mundo vas de pillo con alma de caramelo vi vida en tus nudillos y su odio en tus hoyuelos le rezaste a unos amigos pues no todos van al cielo pero vos sos un grial amor no llores veo luz en tus males siguiendote el corazon bailando en un canto de zorza amor no llores veo luz en tus males siguiendote el corazon hijo me robaron tus ojitos los momentos que perdi pedi tiempo a mi destino y dijo hoy te toca a ti se que un dia seras grande se que un dia entenderas los consejos de tu viejo estoy descansando en paz,afc3587fc78e820ceb45bffeb631a44676b217e0ab72c48ca0256ea7b614630c,277,1,es,letras.com,,2026-03-09 15:30:32.849616+00,2025
1081,1173,no me pidas que hable mananas en las no estoy para hablar se me cruzaron los cables me rodearon el cuello es bonito de imaginar y luego me siento mal por haberme dejado llevar por esa voz esa voz insaciable que por mas que ignoro no se va cada vez se hace mas dificil cada vez me cuesta mas levantar nadie dijo nunca que easy pero caer es mi forma de volar amor mientras caia crei haber oido que algo tu me decias y ahora voy quemando los paracaidas para volver a escuchar tu voz si vieras lo alta que esta resaca de hoy y lo mucho que necesito saltar besame lento quizas se a alargar el poco tiempo que tengo antes de marchar no quiero sentirme mal por haberme dejado llevar otra vez no me pidas que hable mananas en las que se me tan mal,6e0cd358a519ed1fa300b78d69b9474c2358010ec377d40f710061a829ffbd64,147,1,es,letras.com,,2026-03-09 15:30:46.264769+00,2026
1091,1183,un motel de carretera se quemo noche entera sin darnos cuenta que un encuentro clandestino puede ser el asesino de nuestra vida afuera tu y somos felices a pesar de cicatrices tatuadas en nuestra piel porque siempre las curamos con los besos que nos damos aunque sepamos que no esta bien y no me arrepentiria mil veces repetiria pero antes de dejar habitacion que escoger una salida como como voy a hacer cuando te vea de mano y no conmigo? no quiero ser de esos amantes que se disfrazan de amigos cada vez que nos separamos mi corazon me grita auxilio contigo viviria como willie en el idilio ¡ ! acostados en cama luego de alcanzar el cielo y me enciendo un cigarrillo mientras te acaricio el pelo y quisiera que durara toda vida este momento y no tener que ocultar mis sentimientos y no me arrepentiria mil veces repetiria pero antes de dejar habitacion que escoger una salida como como puedo hacer cuando te vea de mano y no conmigo? no quiero ser de esos amantes que se disfrazan de amigos cada vez que nos separamos mi corazon me grita auxilio contigo viviria como willie en el idilio vente conmigo porque estar contigo a mi me hace bien me hace muy bien vente conmigo porque estar contigo a mi me hace bien me hace muy bien ataca motiff e e en el idilio vente conmigo porque estar contigo a mi me hace bien me hace muy bien,78717701cdee74e699f9832a2858090849244d19388a2f9e4dfe9c7e3e856303,248,1,es,letras.com,,2026-03-09 15:31:40.454745+00,2026
1097,1189,no se puede decir groseria si el godzilla es presente dj snake sog j balvin ryan castro latino gang awoo tonto ni que tonto tonto quiero tonto tonto ni que tonto ta rica hacerle wikiri wikiri wikiri wa tonto ni que tonto tonto quiero tonto tonto ni que tonto ta rica hacerle wikiri wikiri wikiri wa me siento como kendrick en compton con una chimba montada en el phantom cubana con jordan concord no colaboramo con los tombo mami clap clap ese bombo mi y mi combo que me invitan si saben como me pongo? tu no estas rica tu tas rica conco tonto ni que tonto tonto quiero tonto tonto ni que tonto ta rica hacerle wikiri wikiri wikiri wa tonto ni que tonto tonto quiero tonto tonto ni que tonto ta rica hacerle wikiri wikiri wikiri wa wikiri wikiri wikiri de weekend en toronto si no es g wa es en bronco cada que tengo un party monto no no no muy tombo el gato volador como el chombo perro de raza putongo me como en pr como el mofongo y no soy un gomelo de colombo tonto ni que tonto tonto quiero tonto tonto ni que tonto ta rica hacerle wikiri wikiri wikiri wa tonto ni que tonto tonto quiero tonto tonto ni que tonto ta rica hacerle wikiri wikiri wikiri wa yah yah yah wikiri wikiri wikiri wa yah yah yah wikiri wikiri wikiri wa,6f943c6ff40cd91a753ba549c430131cbce99f773fc26a8ad14dfe4803cf7fc5,239,1,es,letras.com,,2026-03-09 15:32:11.829843+00,2026
1100,1192,mami tan diciendo que el mundo se va a acabar me tiene loquito cuando es que te va a trepar encima? calientita pero te cambio el clima mami le llego sin el gp tu tas rica ma darte un naqui me lo agarra y con los bembes le un topi a mi me encanta tu carita de sati tu me tiene loco mami sube fotos que mamen rapido busco y monto en nave el booty suave me con darle un masaje tu me dice y voy siempre te quiero ver hoy tu me contesta a mi aunque tiene par de choices se escucha bien bellaquita por los voices los vecinos dicen que son esos noises? siempre ando con el palo como moises le traigo flores en monas no de roses quiero enganchartelo atras como los troce quiero hacerte un walk in como mi closet mami tu ere un trophy te doy shopping y te quito los outfits cada vez que veo esnua me quedo loading verme se combina el brasier y el panty tu me tiene loco mami sube fotos que mamen rapido busco y monto en nave el booty suave me con darle un masaje baby nunca me olvido de ti el panty es x small y tu eres triple x con esas titis tengo un feti uoh uoh baby nunca me olvido de ti por que tan mala con esa cara pretty? con esas titis tengo un feti mami tan diciendo que el mundo se va a acabar me tiene loquito cuando es que te va a trepar encima? calientita pero te cambio el clima donde estas? le voy a llegar ese cuerpito es una nave espacial baby vamo a conectar tu me gusta natural con estrias y barriguita baby acaba ita de banar apaga lu lu netflix y hulu serie nos ve a nosotro el cuarto frio iglu glu te llevo a moo moon ma tu ere mi bubu a asfixia o contigo me hiciste un vudu donde estas? sube suite no salgo a janguear dandote de espaldita con vista al mar dime si lo que quiere es jugar estamo en tierra y te siento celestial me lo hizo rico que tenga que virar cuando estes con alguien ese cabron me va a odiar y me va a bloquear tu te va a reir y despues me va a buscar por ti voy a salir y nos vamo a encontrar el cuento de nunca acabar dicen que donde uno fue feliz vuelve a virar y tu vuelve a virar donde vamo a acabar? tu por alla por aca quizas baby nunca vamo a acabar el cuento de nunca acabar,48d257c617928cff945b437043c957e33169629d9f3a9469f0e4205eb8b9fb12,442,1,es,letras.com,,2026-03-09 15:32:26.774886+00,2026
1102,1194,estoy preparando el camino enderezando las veredas cada vez mas disminuyendo porque importa que el crezca mi placer mi placer en el esta no soy digno de desatar sus sandalias mi vida entera en el esta y camino con certeza de que volvera es el y por el que estoy gastando mi vida perdiendo todo por amor y con alegria dueno de mis dias estoy preparando el camino enderezando las veredas y cada vez mas disminuyendo porque importa que el crezca mi placer en el esta mi placer en el esta no soy digno de desatar sus sandalias mi vida entera en el esta y camino con certeza de que volvera es el por el que estoy gastando mi vida perdiendo todo por amor y con alegria dueno de mis dias es el por el que estoy gastando mi vida perdiendo todo por amor y con alegria dueno de mis dias y el volvera soberano en poder el volvera y el gobierno en el esta y vean el traera en sus manos su recompensa el volvera soberano en poder el volvera y el gobierno en el esta y vean el traera en sus manos su recompensa es el por el que estoy gastando mi vida perdiendo todo por amor y con alegria dueno de mis dias y es el por el que estoy gastando mi vida perdiendo todo por amor y con alegria dueno de mis dias clamamos por ti y el volvera y soberano en poder el volvera y el gobierno en el esta y vean el traera en sus manos su recompensa el volvera soberano en poder el volvera y el gobierno en el esta y vean el traera en sus manos su recompensa es el por el que estoy gastando mi vida perdiendo todo por amor y con alegria dueno de mis dias es el,b307817305d818f8970d3142b1646b95f74975040cd5ada03a19c11abcc22fe5,308,1,es,letras.com,,2026-03-09 15:32:36.856319+00,2025
1105,1197,cuando te conoci tu estabas soltera salias con cualquiera con uno que tuviera llena cartera y cadena por pero ahora to no es asi ya no esta soltera ahora tiene un gatito y cuando el no se entera viene a verme al show con tal de que viera y se que si me ve se va a formar balacera pero tu noviecito que se quite el guille de malo preguntale por que me dio unfollow sabe que de vez en cuando te lo instalo y que no se me ponga bruto que aqui las balas son hollow dile que se quite el guille de malo preguntale por que me dio unfollow sabe que de vez en cuando te lo instalo y que no se me ponga bruto que aqui las balas son hollow parquee g wagon brabus al o de tu jevo el gangster y no se le ve tan malo las bala hollow los outfit caro tu estas un cantante ma hablandote claro besame por si me cogen los disparo cuidarte a ti fue que compre mi primera glock en mi vip siempre estan tu y el ciroc dile que a ese bobo que deje de buscar donde no es y que si se confunde responde 45 ¡ ! que si quiere guerra guerra es que que no busque bobo que estoy en mi prime por ti lo ventilo te lo juro por mi mai que dile a ese tonto que no me mire raro y preguntale por que me dio unfollow sabe que de vez en cuando te lo instalo y que no se me ponga bruto que aqui las balas son hollow tu noviecito que se quite el guille de malo preguntale por que me dio unfollow sabe que de vez en cuando te lo instalo y que no se me ponga bruto que aqui las balas son hollow dile que se quite el guille de malo preguntale por que me dio unfollow sabe que de vez en cuando te lo instalo y que no se me ponga bruto que aqui las balas son hollow no soy malean no tengo pistola ni de pero me como esa pussy no como ese tolete que es vegetarian el bobo esta sapeando ese es un guardia y si ese cabron se mete se vuelve a casa en sandalia mami indicame por donde quiere que entre y si es de frente limitate a ponerte comoda que si te lo doy toda posh girl necesita un bad boy y que no soy malo pero tengo un palo que si abre boca te va a dejar un regalo ese culo esta grande no es humano agarrarlo bien tengo que usar las dos mano ese pussy esta clean me tiene comiendo sano bad gyal en el toto siempre lleva un gramo ponte tonto y te buscamo y nos diferencia por los oro en el cuello como el vaticano ma tu noviecito que se quite el guille de malo preguntale por que me dio unfollow sabe que de vez en cuando te lo instalo y que no se me ponga bruto que aqui las balas son hollow dile que se quite el guille de malo preguntale por que me dio unfollow sabe que de vez en cuando te lo instalo y que no se me ponga bruto que aqui las balas son hollow las balas son hollow las las balas son hollow las balas son hollow las las balas son las balas son hollow las las balas son hollow las balas son hollow las las balas son,0dba65ae4bd00a6f8326d61304a57e0363b7c1d034ff9068df526fb3792bdbbc,592,1,es,letras.com,,2026-03-09 15:32:58.790091+00,2024
1109,1201,aunque no estes aqui y estes alla mami tu estas clara que siempre te vo a clavar que esto nunca va a acabar si siempre vo a acabarte tu siempre vas a tenerme y siempre vo a tenerte tu siempre vas a llamar y voy a responderte tu siempre vas a llamar y voy a responderte me enchule de tus defectos imperfectamente perfectos le contesto en to momento monumento es ese cuerpo ma cuando vamo a vernos? que el infierno esta viniendo y me quiero morir viniendome metiendote tengo mari pali y xanny mami vivo en un party apuntame a chola con mi pistola y dime papi siempre oculto illuminati en ducati por miami aunque no estes aqui y estes alla mami tu estas clara que siempre te vo a clavar que esto nunca va a acabar si siempre vo a acabarte tu siempre vas a tenerme y siempre vo a tenerte tu siempre vas a llamar y voy a responderte bebecita te lo dije que siempre voy a ser el que te parte tengo roleta y ella cartier tu sabes que soy el uno y soy aparte tu estas ricota tu eres arte te gustan los artistas y los gansters te gustan los artistas y los gansters tu no estas cuando quiero es cuando tu quieres si el amor es de verdad pues que me hieres? te di todo lo que pediste que mas tu quieres? con to y pienso tanto baby que hasta me conformo con que tu me mires y me escuches me transformo cuando entra y dejo que me uses me trastorno cuando no te siento cerca mio encima mio me escalofrios me enchule de tus defectos imperfectamente perfectos le contesto en todo momento monumento es ese cuerpo ma cuando vamo a vernos? que el infierno esta viniendo y me quiero morir viniendome metiendote tengo mari pali y xanny mami vivo en un party apuntame a chola con mi pistola y dime papi siempre oculto illuminati en ducati por miami me enchule de tus defectos imperfectamente perfectos le contesto en to momento monumento es ese cuerpo ma cuando vamo a vernos? que el infierno esta viniendo y me quiero morir viniendome metiendote tengo mari pali mami vivo en un party apuntame a chola con mi pistola y dime papi siempre oculto iluminati en ducati por miami,197a3ea8c0fc602da29b2cd045c4644922ba2bf476adbea95d50918019a976b1,390,1,es,letras.com,,2026-03-09 15:33:21.836623+00,2024
1111,1203,caer caer dame espacio estoy cayendo sal del barrio vuelve al pueblo me paso vida escapando corriendo de algo que no identifico por mucho que quiera no encajo en el sitio me voy y repito que no necesito de nadie me explico nos hicimos ricos contando miseria romantizando nuestras propias tragedias nenos costa con sal nas arterias co mar como escudo e o dor por bandeira cai tantas veces que el fondo ya es mio cuando me levanto es cuando paso frio hundido en el mar como tantos navios que no regresaron y siguen perdi os perdi fe en dios ahora soy un bandido metido en noche me tiene comido contigo en el coche pintando escondi os llenando con fango todo este vacio dame espacio estoy cayendo sal del barrio vuelve al pueblo soy como un pendulo de lado a lado manana no se pero hoy voy cansado aprendes del palo que lleva el vecino que termina estando siempre marcado que triste es que vivamos tan preocupados de lo que opine otro puto ser humano veo algo en mi contra y me duele me enfado que ese quiere mi vida? desgraciado si es mi chulo matarte a currar no tener un te llenas de oro y vives en un zulo y por algo propio venderias el culo menudo futuro le das a tus hijos antes que pobres que sean pijos antes que ricos que tengan valores hombres de verdad no sacos de ilusiones no me menciones que no te respondo ya tengo mi vida no esta aqui de adorno buscando salidas no me conformo con estar en cima de esta montana de polvo dame espacio estoy cayendo muy despacio hacia el infierno sal del barrio vuelve al pueblo que no te aten mas los suenos dame espacio estoy cayendo muy despacio hacia el infierno sal del barrio vuelve al pueblo que no te aten mas los suenos outro caer caer caer caer caer caer caer caer caer caer caer caer caer caer caer caer,c824ff49a190eb10dbd7c4fc7c16bc89ddfcc9231121ef0cac3dc5ab225581d1,334,1,es,letras.com,,2026-03-09 15:33:28.480106+00,2025
1116,1208,aria vega ryan castro costenita premium y el awoo que chimba sog chevere remix ¡ ! a ti no te quiero un rato a ti te quiero siempre no se por que nos alejamo como no te quiero ausente y tu baby tu me gusta full imagina una vida cool tu y bajo un cielo azul bebe dime como lo consigo mi amor tu aqui me tiene solitario en el olvido el pan esta caliente y que va a comerlo frio? hoy te tiro true plena juntico somos un mood sabes que estoy puesta ti ti ti que a nadie miro asi asi asi aprietame y no me deje ir no me deje ir no sabes que estoy puesto ti ti ti que a nadie miro asi asi asi acercate y no me deje ir no me deje ir uoh costenita mamacita a mi me gusta tu style si me pide que te llegue te llego a one time me le pongo romantico tomando red wine contigo quiero una caribbean life se que a ti te gusta el flow de este bad boy caballero con dinero y coleto como totoy monta o en el bote en el mar un party energia caliente en quillami chevere costenita hasta que quedemo chevere ya estamo 3 15 y pasamo chevere ponte las pila o habla ve te has queda o ponte diez chevere un guarito para que quedemo chevere estamo en farra y me siento chevere ponte las pila o habla ve te has queda o ponte diez dime como lo consigo papa tu aqui me tiene solitaria en el olvido el pan esta caliente y que va a comerlo frio? hoy te tiro true plena juntico somos un mood sabes que estoy puesta ti ti ti que a nadie miro asi asi asi aprietame y no me deje ir no me deje ir no sabes que estoy puesto ti ti ti que a nadie miro asi asi asi acercate y no me deje ir no me deje ir uoh dame lu i give you luz verde babe un futuro caribbean costa vibe con lanchita lista en el muelle una casita en puerto frente al mar y si quiere city nos vamo arenosa don t thinkin lo feo que? si pienso en lo pretty troja con mini mini chevere costenita hasta que quedemo chevere ya estamo 3 15 y pasamo chevere ponte las pila o habla ve te has queda o ponte diez chevere un guarito para que quedemo chevere estamo en farra y me siento chevere ponte las pila o habla ve te has queda o ponte diez upa je soy aria vega esta chevere o no esta chevere? ¡ ! vacilate esta tiburon di di dimelo hokai beats cule vibe nena de quilla,66bece5b9c0c353d9256878a944619f19e9c74b5af65f05e544cb0876ce59e93,462,1,es,letras.com,,2026-03-09 15:33:54.83722+00,2026
1120,1212,otra de mas de las cumbias originales sus compas de fuerza regida y grupo frontera vuelvale a marcar compa carlos pensando y viendo las estrellas pregunte si en algun lugar esto se estaria repitiendo si es que en otro mundo tal vez nos gano el deseo o si solo fuimos un error del universo baby besame quiero que vuelvas a mis brazos sentirnos eternos como ultima vez quiero confesarte te extrano como un loco te pienso se que tu tambien porfa ma ya vuelve conmigo pero no como amigos como ultima vez quiero confesarte te extrano como un loco te pienso se que tu tambien coqueta si me quieres solo di neta que se entere todito el planeta chula ya decide que onda nena que onda nena coqueta si me quieres solo di neta que se entere todito el planeta chula ya decide que onda nena que onda nena dame dame un besito mami como no quieres que me clave? de mi cel ahi te va clave que no hablo con nadie nomas contigo dame dame un besito mami como no quieres que me clave? de mi cel ahi te va clave que no hablo con nadie nomas contigo ¡esto es otro pedo! grupo frontera y fuerza regida ¡ ! es que me mata el recuerdo y solo pienso que pienso que te quites los dolce gabbana solo siento que siento que no se que es lo que siento tanto nos paso en una semana ya bloqueame si no es cierto pero se baby cierto que ambos mami nos teniamos ganas puede que si reconozco se que apenas te conozco lo que me mato fue tu mirada baby besame quiero que vuelvas a mis brazos sentirnos eternos como ultima vez quiero confesarte te extrano como un loco te pienso se que tu tambien porfa ma ya vuelve conmigo pero no como amigos como ultima vez quiero confesarte te extrano como un loco te pienso se que tu tambien coqueta si me quieres solo di neta que se entere todito el planeta chula ya decide que onda nena que onda nena coqueta si me quieres solo di neta que se entere todito el planeta chula ya decide que onda nena que onda nena dame dame un besito mami como no quieres que me clave? de mi cel ahi te va clave que no hablo con nadie nomas contigo dame dame un besito mami como no quieres que me clave? de mi cel ahi te va clave que no hablo con nadie nomas contigo,9a832994eafc97b2f00f48432ce60c36cb8533db13f7a1be81bf48bd56751586,422,1,es,letras.com,,2026-03-09 15:34:13.030402+00,2025
1130,1222,no no vengo a molestarte pero queria acercarme por si hoy habia explicacion dos millones de horas en trance seis gritos cuatro romances pero ninguna razon sigo llegando tarde se me hace largo el viaje para esta conversacion no quisiera molestarte pero queria gritarte ¡me duele el pecho de amor! tiene que haber una salida tiene que haber una salida tiene que haber una para tanto dolor y ahora se que salvacion estaba dentro de un beso y una caricia en el pelo y aquella noche en el espigon quisiera ser cobarde pero he elegido hablarte y todo pesa un millon no no quiero nada de nadie pero queria gritarte ¡me duele el pecho de amor! tiene que haber una salida tiene que haber una salida tiene que haber una para tanto dolor y ahora se que salvacion estaba dentro de un beso y una caricia en el pelo y aquella noche en el espigon salvacion de tantos dioses modernos no me compensa el momento de haber tenido que decir adios tiene que haber una salida tiene que haber una salida tiene que haber una salida tiene que haber una salida tiene que haber una salida tiene que haber una para tanto dolor salvacion salvacion salvacion salvacion salvacion salvacion,75e0619fcee506c85f31c46711139b72fb6828fa9e3f263522f3e106794e195b,209,1,es,letras.com,,2026-03-09 15:34:48.392012+00,2023
1131,1223,que hubiera sido si antes te hubiera conocido? seguramente estarias bailando esta conmigo no como amigos sino como otra cosa usted cerca me pone peligrosa por un besito hago cualquier cosa novia suya me pone celosa y aunque es hermosa ¡! no te va a tratar como no te va a besar como no esta tan rica asi como ella es timida y no con estas ganas que tengo me atrevo a comerme a los do hoy estas jangueando con ella pero despues tal vez no que hubiera sido si antes te hubiera conocido? seguramente estarias bailando esta conmigo no como amigos que hubiera sido si antes te hubiera conocido? seguramente estarias bailando esta conmigo no como amigos y te veo y no se como actuar bebe conquistarte que me pasen el manual espero lo que sea no me voy a quitar tengo fe que esos ojito un dia me van a mirar me caso contigo mi nombre suena bien con tu apellido estoy esperando el primer descuido presentarte como mi marido me caso contigo mi nombre suena bien con tu apellido estoy esperando el primer descuido presentarte como mi marido no has entendido que no te va a tratar como no te va a besar como no esta tan rica asi como ella es timida y no con estas ganas que tengo me atrevo a comerme a los do hoy estas jangueando con ella pero despues tal vez no que hubiera sido como? seguramente estarias bailando esta conmigo no como amigos no no no,055a994934a99ba7a48c77d6a67c3d70565a6bc039e490d602e0b2bd823d90bc,255,1,es,letras.com,,2026-03-09 15:34:50.575543+00,2025
1132,1224,siempre tan zorrona y tan coqueta se me ve el hilo del tanga en el bemeta siempre que me siento me acomodo las teta que el push up las suba porque soy una muneca y se tie que ver el sujetador lo anillo el pelito y cruz siempre por una xxs un relleno y cinturon que no me aprieta nada pero me hace cadera to me queda sexy soy el diablo con un tanga del leftie voy con las zorra las puta y las travesti los julapa vampira y mis besties me fui ella estaba timida me dijo que nunca habia teni o una intimidad no te tenses pero esto es un sacrificio oficial ponte to lo zorra que sepa po que hoy se va a dar pu pu pu puta ponte puta que me se poner bruta esta noche va a debutar te voy a dar tanto meneo te voy a hacer vomitar pu pu pu puta ponte puta que me se poner bruta y esta noche va a debutar te voy a dar tanto meneo te voy a hacer vomitar te llevo con las zorra de party hasta manana soy barbie xanax te manipulo como me gana no era que te gustan mala ? siempre a lo calla o que no me vea venir minifalda y make up de catrice te canto te finjo porque soy mocatriz no te va poder olvidar de mi a mi no me hace falta hacer que te enamore lo mio no son polvo son posesione te vo a ensenar lo loca que estoy que te obsesione te jodo vida y despues compro uno condone puta ponte puta que me se poner bruta esta noche va a debutar te voy a dar tanto meneo te voy a hacer vomitar pu pu pu puta ponte puta que me se poner bruta y esta noche va a debutar te voy a dar tanto meneo te voy a hacer vomitar siempre tan zorrona y tan coqueta se me ve el hilo del tanga en el bemeta siempre que me siento me acomodo las teta que el push up las suba porque soy una muneca y se tie que ver el sujetador lo anillo el pelito y cruz siempre por una xxs un relleno y cinturon que no me aprieta nada pero me hace mas puta quiero que me escupa vampirina y peluca te veo y me entra gana de matar baja y chupa que te vean zorra callate ya pu pu pu puta ponte puta que me se poner bruta esta noche va a debutar te voy a dar tanto meneo te voy a hacer vomitar pu pu pu puta ponte puta que me se poner bruta y esta noche va a debutar te voy a dar tanto meneo te voy a hacer vomitar pu pu pu puta,12813cb3b856e88b651722f9f26a14b4e5cb185597b3500e288f65446df79cd5,472,1,es,letras.com,,2026-03-09 15:34:53.398202+00,2026
1135,1227,¡daddy yankee! zumbale mambo que mis gatas prendan los motore zumbale mambo que mis gatas prendan los motore zumbale mambo que mis gatas prendan los motore que se preparen que lo que viene es que le den mamita se que tu no te me vas a quitar lo que me gusta es que tu te dejas llevar todos los weekend ella sale a vacilar mi gata no para de janguear porque a ella le gusta gasolina como le encanta gasolina a ella le gusta gasolina como le encanta gasolina ella prende las turbinas no discrimina no se pierde ni un party de marquesina se acicala hasta esquina luce tan bien que hasta sombra le combina asesina me domina janguea en carros motoras y limosinas llena su tanque de adrenalina cuando escucha regueton en las bocinas a ella le gusta gasolina como le encanta gasolina a ella le gusta gasolina como le encanta gasolina aqui somos los mejores no te me ajore en pista nos llaman los matadore tu haces que cualquiera se enamore cuando bailas al ritmo de los tambore esto va las gatas de to colore las mayore las menore las que son mas zorras que los cazadore las mujeres que no apagan sus motore tenemos tu y algo pendiente tu me debe algo y lo sabe conmigo ella se pierde no le rinde cuentas a nadie tenemos tu y algo pendiente tu me debe algo y lo sabe conmigo ella se pierde no le rinde cuentas a nadie zumbale mambo que mis gatas prendan los motore zumbale mambo que mis gatas prendan los motore zumbale mambo que mis gatas prendan los motore que se preparen que lo que viene es que le den mamita se que tu no te me vas a quitar lo que me gusta es que tu te dejas llevar todos los weekend ella sale a vacilar mi gata no para de janguear porque a ella le gusta gasolina como le encanta gasolina a ella le gusta gasolina como le encanta gasolina,ffd906675fe4a814c142dfb56e90e952e87804e37239d15a28e20efa88ea0069,337,1,es,letras.com,,2026-03-09 15:35:18.829462+00,2024
1138,1230,bassyy haha hello baby soy que hace ? aqui llegando a tu casa si? y tu mama esta por ahi? se acaba de ir hace 20 minuto okey llegale contigo quiero amore contigo quiero amore baby te quiero comer desde que te vi tus foto en ig las imagino nudy dice que es for me pero mami for you es este bi sabe que soy soy fan de tus polvos only a mitad de polvi pichamo el condi y volvi lo escondi tu y tenemo una conexion especial tu eres como un angel se siente celestial se siente cabron ese culo siempre tiene razon enchula o como yovngchimi y claudia estoy por el area saque presidential como trump y melania me lleve ver lo elefante por tailandia mami contigo quiero amores como arca y te daria a diario te pienso bien arrebata o como eladio si un nene escribiria de ti en el diario mami es ousi tengo que tener cuida o que estos cabrone capean el flow las sabanas versace las pijama hearts chrome le gusta en cama king y a vece en el balcon y termina en mi pecho como cadena el corazon baby te quiero comer desde que te vi tus foto en ig las imagino nudy dice que es for me pero mami for you es este bi sabe que soy soy fan de tus polvos only a mitad de polvi pichamo el condi y volvi lo escondi ese culo es danger como nori esta gigante me pierdo en dime doris me meti una pepa tengo el bicho flow chuck norris si me pego no me vo a separar nova y jory es que nadie como tu ma cuando quiere viene a huma cada vez que le meto me siento en casa dentro de ti siento que el totito me abraza los dm lleno pero a todo los rechaza tu te acuerdas cuando te daba en el mazda? ahora te pongo en cuatro en chancletas prada no es de trujillo pero se quedo encantada tas brillando como los diamante russo aviani se que te fuiste de isla como esta miami? veo que estas balling mami que te cree ? giani? te pusiste ti ahora shorty ponte mi cuando chingamo intercambiamo energia esta buenota como en el 2000 thalia en mi house of pleasure ella tiene estadia nunca eres mi plan b soy tuyo y tu ere mia empezamo a 11 como que ya es de dia? el sol te saludaba mientras luna se despedia tu estabas tan feliz recuerdo como sonreia y te agarre cara y baby como tu miraba con los ojos habla dijo que moria de gana siempre le doy nocaut este bicho es como xanax chingame como si me vo a morir manana y si no me muero repetimo tu me llama baby te quiero comer desde que te vi tus foto en ig las imagino nudy dice que es for me pero mami for you este bi sabe que soy fan de tus polvos only a mitad de polvi pichamo el condi y volvi lo escondi chingame como si me vo a morir manana y si no me muero repetimo tu me llama chingame como si me vo a morir manana y si no me muero repetimo tu me llama con los ojos habla dijo que moria de gana siempre le doy nocaut este bicho es como xanax chingame como si me vo a morir manana y si no me muero repetimo tu me llama,918a1e6be9a9f054ef44653a01ce0e5a0c47fe0406c3e9c31ddb84bd2a0ffb72,583,1,es,letras.com,,2026-03-09 15:35:34.905112+00,2026
1141,1233,no somos nada pero casi casi estamos casi aunque no te lo ponga nada facil soy mami que tu quieres te gusta que te lo ponga asi dificil quiero que sepas que te amare te amare te amare te amare te amare que te amare te amare te amare te amare te amare que te amare te amare te amare te amare te amare que te amare te amare te amare te amare te amare baby es diferente lo que tengo contigo en verano mi brisa y en invierno mi abrigo te has vuelto mi refugio mi razon mi testigo por ese motivo es que me gusta papi como tu me tratas a mi no soy facil de llevar pero te encanta abre bien los ojos y mirame por un segundo detente y escuchame quiero que sepas que te amare te amare te amare te amare te amare que te amare te amare te amare te amare te amare que te amare te amare te amare te amare te amare que te amare te amare te amare te amare te amare perdoname si no contesto detesto los mensajes de texto pero no por me compares con el resto creeme contigo quiero hacer lo correcto y que seas mi el hombre perfecto siendo honestos echo en falta tu aroma cuando me acuesto que te digo que te cuento que si te extrano por supuesto escuchame baby es diferente lo que tengo contigo en verano mi brisa y en invierno mi abrigo te has vuelto mi refugio mi razon mi testigo por ese motivo quiero que sepas que te amare te amare te amare te amare te amare que te amare te amare te amare te amare te amare que te amare te amare te amare te amare te amare que te amare te amare te amare te amare te amare,b43224f4278b70b8d1c100ef744c9e8fafc8857dd3859c7c34642d8920ead54e,309,1,es,letras.com,,2026-03-09 15:35:44.150455+00,2025
1144,1236,todavia no se por que me has elegido si solo se caer y caer y arrastrarte conmigo como un angel al infierno en el que vivo desde que te vi habia algo en tu mirada tan profunda y real como mis antiguas punaladas y con inseguridad de aquel que no merece nada prometeme que tu vas a seguir aqui cuando mi mentira ya no se crea nadie y sea tan vulnerable cuando del pasado como un infeliz buscando en basura algun poema que cantarte prometeme quedarte nena dejame no quiero marearte si amenazo con volver maldito miserable me he tatuado tres espinas olvidarte arrancame piel si asi vas a sanarte si me tengo que marchar sera lanzando un beso al aire lo que tenga que pasar paso y no borra lo anterior prometeme que tu vas a seguir aqui cuando mi mentira ya no se crea nadie y sea tan vulnerable cuando del pasado como un infeliz buscando en basura algun poema que cantarte prometeme quedarte prometeme que tu vas a seguir aqui cuando mi mentira ya no se crea nadie y sea tan vulnerable cuando del pasado como un infeliz buscando en basura algun poema que cantarte prometeme quedarte,f44cedd782209fdfef7768149a6d28957554845c0335597fa420e50120a6b356,200,1,es,letras.com,,2026-03-09 15:35:59.976297+00,2025
1148,1240,quien pudiera vivir entre los dos primero amare el mundo y luego amare a dios quien pudiera vivir entre los dos primero amare el mundo y luego amare a dios quien pudiera venir de esta tierra y entrar en el cielo y volver a tierra que entre tierra tierra y el cielo nunca habia el suelo en el primero sexo violencia y llantas deportes de sangre monedas en gargantas en el segundo destellos palomas y santas gracia y el fruto y el beso de balanza quien pudiera vivir entre los dos primero amare el mundo y luego amare a dios,f97e6b533a58bccb4f674ecc5d4315a5416da34bb5e8e3ba7dc6163d39af4395,100,1,es,letras.com,,2026-03-09 15:36:17.827602+00,2025
1150,1242,por poquito te olvido de verdad y habia dejado bebida senal que continua mi mala racha tus llamadas perdidas quisiera creer que te puedo ignorar que no importas tanto mi dignidad es un tablero en pared donde tu tiras dardos para ser mas sincero y certero mi signo de cancer es muy vulnerable para un leo puede que sea por venus que no puedo apagar las llamas y asi me quemo en tu amame solo un cc por lo menos quiereme nada ma un chinchin te lo ruego cuidado no abuses demasiado comprobado tu eres un caramelo envenenado amame solo un cc por lo menos quiereme nada ma un chinchin te lo ruego me han voceado bachatero aficiado embriagado dicen las malas lenguas idiotizado ya yaqui yaqui yaqui yaqui yaqui ya ya yaqui yaqui yaqui yaqui yaqui ya ya yaqui yaqui yaqui yaqui yaqui ya ya yaqui yaqui yaqui yaqui yaqui ya para ser mas sincero y certero mi signo de cancer es muy vulnerable para un leo puede que sea por venus que no puedo apagar las llamas y asi me quemo en tu amame solo un cc por lo menos quiereme nada ma un chinchin te lo ruego cuidado no abuses demasiado comprobado tu eres un caramelo envenenado amame solo un cc por lo menos quiereme nada ma un chinchin te lo ruego me han voceado bachatero aficiado embriagado dicen las malas lenguas idiotizado ya yaqui yaqui yaqui yaqui yaqui ya ya yaqui yaqui yaqui yaqui yaqui ya ya yaqui yaqui yaqui yaqui yaqui ya ya yaqui yaqui yaqui yaqui yaqui ya royce the biggest i m not okay ya no quiero ser esa burla no me gusta que seas tan cruel auxilio dios mio grito me haces sufrir si tiras un dardo mas no voy a aguantar me tiras un dardo mas me vas a matar dolores mal de amores voy a llorar mi amor si tiras un dardo mas voy a desangrar si tiras un dardo mas me vas a matar ouch you re killing me ma me han voceado bachatero aficiado embriagado dicen las malas lenguas idiotizado,400de4625bc3c780c02fe26bb8d8366221c048dc51115b2d08844efbfd1ca38f,352,1,es,letras.com,,2026-03-09 15:36:22.779827+00,2025
1156,1248,tu y y tu debajo de luna bebe que rica te ves desnu a te quiero volver a ver noche esta buena beber y comerno baby sigo preguntando cuando es que vamo a verno baby tu busca una excusa perderno viajamo a santorini esconderno tu no sabe cuanta gana tengo de comerno baby noche esta buena beber y comerno baby sigo preguntando cuando es que vamo a verno baby tu busca una excusa perderno viajamo a santorini esconderno tu no sabe cuanta gana tengo de comerno baby noche esta un phillie que te pegue estoy loco bebe de que te deje te lo doy to a noche que no te me queje nena tiene todo los podere conoci en shoko el booty se lo choco de barcelona baje a puertorro me gusta su booty me gustan sus coco shorty me tiene bien loco bien loco como si fuese jory bailando en una noti se reza conmigo y se besa con toki te escucha bien rica bellaqueando por el movil espanolita se que te gusta cuando te lo pone el bori oah oah nena buena pero es una bad gyal pensando cuando es que sera vez que te vuelva a ver volvertelo a hacer oah oah nena buena pero es una bad gyal pensando cuando es que sera vez que te vuelva a ver volvertelo a hacer noche esta buena beber y comerno baby sigo preguntando cuando es que vamo a verno baby tu busca una excusa perderno viajamo a santorini esconderno tu no sabe cuanta gana tengo de comerno baby caribeno me tiene prendi a pensandolo llevo to el dia su tamano juega en otra liga dios que rico te pongo cachonda tu te pone bellaco despues de santorini llevame a icaco estoy rica sin bikini y sin makeup te atrapo quiero sentirla adentro dentro del mar desde que me viste desnuda obsesionado el acento bori me lo pone mojado tu y matamo curiosidad ponemo lunita que no molesten noche esta buena beber y comerno baby sigo preguntando cuando es que vamo a verno baby tu busca una excusa perderno viajamo a santorini esconderno tu no sabe cuanta gana tengo de comerno baby bellaquita bellaquita bad gyal bad gyal comerno baby,a17b4f5a1b6285e3cb6ecdeee014b56a65d3d6796057f2e9e42d63f90e9b537a,371,1,es,letras.com,,2026-03-09 15:36:56.326977+00,2025
1157,1249,es que quiero que me dejes darte un beso un besito en tu boca azucarada para ver si asi te convenzo y que estes de mi enamorada quisiera saborearme tu boquita cuando estamos en pista aqui bailando alrededor todo el mundo se de cuenta que este beso si que lo estamos gozando si tu permites que te bese los labios sentiras lo que llevo por dentro y de seguro que no habra arrepentimiento y solo en mi tu pensaras ya lo veras ya lo veras ya lo veras ya lo veras porque quiero que me dejes darte un beso para que veas que divino pasamos no seas malita permiteme ese beso para ver despues del beso que encontramos quiero que me des un besito nada mas que me vuelva loco y me deje preso un beso un beso nada mas te quiero robar un beso te lo pido te lo rezo y siguelo gozando ¡nueva linea! p abajo p abajo p abajo mami p abajo p arriba p arriba p arriba p arriba mami p arriba vueltita vueltita vueltita un beso quiero que me des un beso tan grande que me llegue a los huesos quiero que tu entiendas y vuelve y te digo un beso quiero que me des un beso tan grande que me llegue a los huesos quiero que tu entiendas quiero un beso que suene quiero un beso que suene quiero un beso que suene quiero un beso que suene me gusta un beso quiero que me des un beso tan grande que me llegue a los huesos quiero que tu entiendas y vuelve y te digo un beso quiero que me des un beso tan grande que me llegue a los huesos quiero que me entiendas quiero un beso que suene quiero un beso que suene quiero un beso que suene quiero un beso que suene y siguelo gozando ¡nueva linea!,198ca4e5c46c9874f20fcbd96de42bf36000bdd2acdf1cffc30efaaf57532f6c,316,1,es,letras.com,,2026-03-09 15:37:03.365233+00,2025
1159,1251,karbeats bellaquita mami i miss you no se si es que estoy lonely o estoy bellaco por ahi dicen que vida es solo una si es asi por que no tas aqui conmigo haciendolo bien rico? tu encima de mi brincando hora pasando y el mundo olvidando bebe se to lo que te gusta te agarro las nalga te muerdo y lo hacemo otra ve tu ere mi nena que bellaquera tamo chingando y te viro al reve tu ere mi bebe si en otra vida aparezco te busco otra vez dime que haces bebe te pense cuando enrole me estabas sonando le llego a tu cuarto y ya estaba mojaita cuando llegue tu ere mi alma gemela luce led o las vela ? mi cuki mi rubia mi nena tu te imaginas tu y como de taba fumando me mira y te brillan los ojos como mis cadena te empiezo a tocar cama es como el mar y tu eres como una sirena lo hacemo escondio mami tu conmigo es el amor prohibido de selena dice que me ama y se que tu mientes tan bien como sin bandera fanatico de tu cuerpo en boca pongo los deo sabe a que me refiero noche de sexo como romeo fanatico de tu cuerpo en boca pongo los deo sabe a que me refiero noche de sexo como romeo tu encima de mi brincando hora pasando y el mundo olvidando bebe se to lo que te gusta te agarro las nalga te muerdo y lo hacemo otra ve tu ere mi nena que bellaquera tamo chingando y te viro al reve tu ere mi bebe si en otra vida aparezco te busco otra ve nadie va a saberlo dejame esconderlo ma nadie va a saberlo dejame esconderlo ma tu encima de mi brincando hora pasando y el mundo olvidando bebe se to lo que te gusta te agarro las nalga te muerdo y lo hacemo otra ve tu ere mi nena que bellaquera tamo chingando y te viro al reve tu ere mi bebe si en otra vida aparezco te busco otra ve nadie va a saberlo dejame esconderlo ma nadie va a saberlo nadie va a saberlo,4ec57329ccea083b6e127d33adb554adecc945b5889b959583cb10929efda140,367,1,es,letras.com,,2026-03-09 15:37:17.633898+00,2026
1161,1253,kapo ryan castro gangsta que chimba sog the real combination one more time again and again and again si quiere me busca me busca en un party si quiere me busca me busca que aqui toy me gusta tu boca y curva de tu body ven bailemos que ya casi me voy que suene ese vals y si entra el awoo mami que prendan los flash no me voy de aqui si no tengo una peli black que escuche dancehall y tenga grande atras un recuerdo un flashback que hasta sin joya tu brilla nuevecito mamacita cero milla vamos todo el finde a parcharno en villa esto es secretico donde nadie nos pilla nadie nos pilla una que baile dancehall el doctor me receto su mini mini mini a mi me hipnotizo sexy gyal tu anda suelta mami lo se to su mini mini mini a mi me hipnotizo una que baile dancehall el doctor me receto su mini mini a mi me hipnotizo sexy gyal tu anda suelta mami lo se to su mini mini a mi me hipnotizo llego to a mafia que convoquen las muneca hoy voy salido lleca vamo finca despues de discoteca no te haga santa mamacita que tu peca no baby don t go vamo a cogerlo slow siente vibra escuchando este dancehall pero tenemos algo pendiente tu y despues del show bye bye todos nos miran pero chao bye bye conmigo estas chimba no women no cry aunque ya se que es que menos runfly biram una que baile dancehall el doctor me receto su mini mini mini a mi me hipnotizo sexy gyal tu anda suelta mami lo se to su mini mini mini a mi me hipnotizo una que baile dancehall el doctor me receto su mini mini a mi me hipnotizo sexy gyal tu anda suelta mami lo se to su mini mini a mi me hipnotizo me fascina tu style me fascina tu style arrebata hopi bo sanka mami me sonsaca y mano en pared asi tal cual el doctor me medico nada generico original sin quimico y soy su kapo tambien soy su lollipop brilla mi lollipop como estrella de pop mami una que baile dancehall el doctor me receto su mini mini mini a mi me hipnotizo sexy gyal tu anda suelta mami lo se to su mini mini mini a mi me hipnotizo una que baile dancehall el doctor me receto su mini mini a mi me hipnotizo sexy gyal tu anda suelta mami lo se to su mini mini a mi me hipnotizo,dbe5130f606f7d15a3bf22451c96cf678a605eca608bda7b1cf9dbfb4bce4544,428,1,es,letras.com,,2026-03-09 15:37:27.475672+00,2025
1167,1259,demasiada personalidad tiene mucha actitud una luz en oscuridad me hace sentir very good tiene una boquita bonita y una miradita coqueta cuando me tiene cerca se pone rojita cuando esta solita invita al poeta y no es por como se vista ni porque este buena es porque con ella mi corazon se llena ella fue curita que me quito pena de mi estrellita mi luna llena mi betty boop mi cenicienta mi cangri mi hello kitty y el tetris de mi atalipa everybody ella es mi sweetie mi monchi mi gucci gucci mi titiri tiriri mi loki mi niji mi titi mi sweetie sweet honey my baby mi chichi mi topi topi mi mickey mi winnie mi barbie mi very happy y el kaki ella no viste chupi mi kuki dari dari mirale el cuti que es una mami mi monchi mi gucci gucci mi tiriri mi loki mi niji mi titi mi sweetie sweet honey my baby mi chichi mi topi topi mi mickey mi winnie mi barbie mi very very happy demasiada personalidad tiene mucha actitud una luz en oscuridad me hace sentir very good tiene una boquita bonita y una miradita coqueta cuando me tiene cerca se pone rojita cuando esta solita invita al poeta y no es por como se vista ni porque este buena es porque con ella mi corazon se llena ella fue curita que me tito pena es mi estrellita mi luna llena tu eres una shorty muy bella tu estas en otro way quiero llevarte un hotel cinco estrellas que contigo sean seis tu eres una shorty muy bella tu estas en otro way quiero llevarte un hotel cinco estrellas que contigo sean seis ya los piquitos en boca es lo mas heavy es el unico gustico que queda libre de este dia ella es mi mami soy su papi no queremos fila nos vamos a casar mi monchi mi gucci gucci mi tiriri mi loki mi niji mi titi mi sweetie sweetie mi honey my baby mi chichi mi topi topi mi mickey mi winnie mi barbie mi berry happy tiene una bonita bonita y una miradita poqueta cuando me tiene cerca se pone rojita cuando esta solita se invita al poeta y no es por como se vista ni porque este buena es porque con ella mi corazon se llena ella fue curita que me quito pena de mi estrellita mi luna llena esta poesia es diria de parte de mi corazon para mi sirena princesa estrella doncella mariposa cenicienta angel de luz que dios dirigio a mi vida y aunque no sea mis universos ni mis planetas tierra eres mi cielo mi corazon y miss mami chula,b5970da8b610b6f0954bc1d561b0e652bcff326cd2e389048db268f86441c1ab,449,1,es,letras.com,,2026-03-09 15:37:58.441834+00,2025
1168,1260,cari cari cari ih ih no se como estaras se que me faltas y aunque me joda que decir que por ti todo lo apostaba y quede sin nada no se por que vente conmigo al peor antro de ciudad en el que te encuentras lo mejor de cada portal alli donde se esconden los que quieren olvidar y los besos saben a tabaco a diazepam el rojo de tu boca y tu olor a mota whisky a roca mi vida loca aprender de derrota y echarle pelotas del sitio del que venimos es lo que nos toco por un beso de flaca daria lo que y ahora no se si los ojos de esa gata miran asi a cualquiera heridas que no puedo coser para volver a ser ese que era antes de que tu me conocieras y que ultima vez que te a comer sea como primera y ahora quiero vivir sin miedo al manana como si nada importara tuve que alejarme a mi pesar ya no puedo verte una vez mas si me miras se me olvida hasta respirar me quede sin lagrimas de tanto llorar y lo que era un para siempre se quedo en en el salon escuchando blues oliendo a creed aventus bebiendo grey goose sueno con el jet privado desde que iba en bus ahora el parking del estudio parece puerto banus si me llama el abogado bad news le di mano a judas y he acabado en cruz cuando cago pago por hago mas flush solo puedo ver tu cara cuando apago luz escribo desde el hoyo que me cave no me juzguen me busque mori por gente que no he vuelto a ver si es por el arte lo volveria a hacer vivo de los huecos que dejo el olvido escribo poema que no calmo el vino besos que sonamo y que nunca dimos por miedo que ahora cuido como amigos ya no puedo verte una vez mas si me miras se me olvida hasta respirar me quede sin lagrimas de tanto llorar y lo que era un para siempre se quedo en por los besos que no me dabas cuando mas te necesitaba por volver a volar sin alas ya no puedo verte una vez mas,83c7818cb2b53984a09fe43f5175aef068c6e4605436ad839f0a534037be4cfd,376,1,es,letras.com,,2026-03-09 15:38:04.80374+00,2026
1178,1270,en las noches mas frias que momentos mas tristes todo parece perdido todo esto vivido nada tiene sentido pero por ti soy mas fuerte en penumbra y bruma una luz aparece tu presencia aqui se siente ya se esconde luna oscuridad desvanece y tu eres mi sol mi fuente de amor en mi te busque siempre te sone en cada suspiro hoy te siento conmigo y tu eres mi sol mi fuente de amor te tengo aqui en mi corazon eres mi abrigo tu fuerza en cada latido eres fuerza que necesito para sonar y aguantar por ti hoy escribo esperar el momento y hacer el intento combatir el silencio y los miedos como el huracan fuerte como el viento por tu amor voy a alcanzar el poder por libertad quiero cantar desde arriba esa vieja melodia nos despierta nos anima y nos llena de vida pero por ti soy mas fuerte en penumbra y bruma una luz aparece tu presencia aqui se siente ya se esconde luna oscuridad desvanece y tu eres mi sol mi fuente de amor en mi te busque siempre te sone en cada suspiro hoy te siento conmigo y tu eres mi sol mi fuente de amor te tengo aqui en mi corazon eres mi abrigo tu fuerza en cada latido,0b57974bec5c4f69f9999dffc53d5c6d6ab2c438a2d86b6fbb49058abffea129,216,1,es,letras.com,,2026-03-09 15:38:47.08369+00,2025
1179,1271,el usa el arma con intencion me cambia de posicion le gusta que me ponga violenta metelo preso en esta prision que aguanto presion vamo a otro que el primero no cuenta y a mi me gusta lo que inventa propietario tu no paga renta cualquier tiguere no entra pero tu rompiste quitaste el seguro a puerta el baby que tengo en el sexo es especialista me lo entra lo siento ese tamano estoy lista dame al ritmo de pista dame al ritmo de pista se dio corono con boca el tanguita me quito mas artista que me puso a cantar el micro agarrar y ahora estoy envuelta reina no princesita escupeme en boquita que linda carita mas linda tiene y a mi me gusta lo que inventa propietario tu no paga renta cualquier tiguere no entra pero tu rompiste quitaste el seguro a puerta el baby que tengo en el sexo es especialista me lo entra lo siento ese tamano estoy lista dame al ritmo de pista dame al ritmo de pista,b6efced74318d5da4830bb84c30f729c7047895c2bd0e4a0b80892d36ac944ed,173,1,es,letras.com,,2026-03-09 15:38:49.527539+00,2025
1181,1273,en las fotos que tengo de crio miro a camara y sonrio como si te hubiera conocido antes en otras se nota el vacio como si me hubieran advertido de todo lo que iba a pasar mas tarde guardo las entradas de esa peli que no se quien se atrevio a recomendarte te tapabas los ojos en las escenas de sangre pero cuando fui el que se desangro si miraste conducia hasta tarde te pedia por favor que dieras conversacion pero te quedabas dormida al instante solo me queda el recuerdo de otro recuerdo que es mas grande miro las fotos contigo y se me olvida por que lo dejamos pero luego recuerdo que no se hacen fotos de los momentos malos miro las fotos contigo y se me olvida por que lo dejamos pero luego recuerdo que no se hacen fotos de los momentos malos entre todas esas ciudades londres berlin y copenhague siempre recuerdo tus habilidades en cama de los hostales si fuiste feliz no debes volver porque nunca vuelve a ser primera vez es como lanzar al mar barcos de papel y salirlos a buscar despues de llover salir un martes una frase mal escrita en un parque el tatuaje que he pensado en borrarme para asi no tener que acordarme y al dormirme tarde tu cancion sonando fuerte en un after tu chaqueta en otra chica en calle me he jurado que no voy a pensarte mas pero siempre miro las fotos contigo y se me olvida por que lo dejamos pero luego recuerdo que no se hacen fotos de los momentos malos miro las fotos contigo y se me olvida por que lo dejamos pero luego recuerdo que no se hacen fotos de los momentos malos,157c8c0bcbe70b7a84028e869dda0cede461fd9616488ae64188cb6dfa93af38,291,1,es,letras.com,,2026-03-09 15:38:57.837185+00,2023
1183,1275,to los dias son buenos dia despierto y doy gracia que abri los ojo cuido bien mi alma y energia no se comparte con todo no todo puede ser alegria que aprender a bailar en lluvia que las gota limpien to a mala vibra padre tiempo se encarga de las herida solo espera que ya todo alivia gracia gracia gracia por todo lo que tengo y no tengo si no esta mi no lo fuerzo el tiempo aqui que tengo es corto por solo quiero intenciones genuina relaciones saludable par de peso encima par de almas confiable no afecta lo que opinen envidioso que ello hablen mis errore no me definen mis emocione estan estable veia vida bella hasta cuando se puso fea el progreso es progreso no importa cuan poquito sea aprendi a navegar el mar y fluimo con marea nada bueno en vida llega solo levantate y josea gracia gracia gracia por todo lo que tengo y no tengo si no esta mi no lo fuerzo el tiempo aqui que tengo es corto to los dias son buenos dia despierto y doy gracia que abri los ojo cuido bien mi alma y energia no se comparte con todo no todo puede ser alegria que aprender a bailar en lluvia que las gota limpien to a mala vibra padre tiempo se encarga de las herida solo espera que ya todo alivia gracia,06865eb8bf11bc1a0bdd0343be963bdfd138b8e63a4387d028d5627969983126,233,1,es,letras.com,,2026-03-09 15:39:06.440631+00,2026
1200,1292,si tu no vuelves se secaran todos los mares y esperare sin ti tapiado al fondo de algun recuerdo si tu no vuelves mi voluntad se hara pequena me quedare aqui junto a mi perro espiando horizontes si tu no vuelves no quedaran mas que desiertos y escuchare por si algun latido le queda a esta tierra que era tan serena cuando me querias habia un perfume fresco que respiraba era tan bonita era asi de grande y no tenia fin y cada noche vendra una estrella a hacerme compania que te cuente como estoy y sepas lo que dime amor amor amor estoy aqui no ves? si no vuelves no habra vida no se lo que hare si tu no vuelves no habra esperanza ni habra nada caminare sin ti con mi tristeza bebiendo lluvia que era tan serena cuando me querias habia un perfume fresco que respiraba era tan bonita era asi de grande y no tenia fin y cada noche vendra una estrella a hacerme compania que te cuente como estoy y sepas lo que dime amor amor amor estoy aqui no ves? si no vuelves no habra vida no se lo que hare,fc8182a2c7b75a22b37afd3845f537f26d41a9415fdd6b75da4f06aee9903cdd,197,1,es,letras.com,,2026-03-09 15:40:15.184091+00,2025
1202,1294,me equivoco una y otra vez y te puedo asegurar que el paso de los anos no impide que vuelva a tropezar ni que me vuelva a romper contra otro desengano volveria a mis adicciones si acaso si necesario caer en los mismos errores si acaso si necesario ibamos dejandonos llevar pero inercia se acabo y siguio corriendo el tiempo quedate escuchado esta cancion que me tengo que marchar esta cambiando el viento volveria solo por amor si acaso si necesario cometer de nuevo el mismo error si acaso si necesario una luz encendida claridad perdida busco en medio de esta oscuridad senales de mi mismo sentado en este abismo con el que me suelo tropezar no puedo perder nada que vengo de nada y solo vivo provisionalmente no puedo caer mas bajo que vengo del fracaso y acaso ser solo un superviviente siempre le pregunto a razon y me contesta que tal vez que se lo esta pensando voy a preguntarle al corazon que se tiene que marchar me lo estan arrancando volveria a mis adicciones si acaso si necesario caer en los mismos errores si acaso si necesario buscare entuertos que deshacer y batallas que librar perdidas de antemano buscare imposibles que lograr que no me importa fracasar y volver a intentarlo volveria a hacerlo por amor si acaso si necesario cometer de nuevo el mismo error si acaso si necesario una luz encendida claridad perdida busco en media de esta oscuridad senales de mi mismo sentado en este abismo con el que me suelo tropezar no puedo perder nada que vengo de nada y solo vivo provisionalmente no puedo caer mas bajo que vengo del fracaso y acaso ser solo un superviviente no puedo perder nada que vengo de nada y solo vivo provisionalmente no puedo caer mas bajo que vengo del fracaso y acaso ser solo un superviviente,15bde4cba4965b5ffa9668b6239cd2be4ad883a39c204967e01aea22f944f84f,312,1,es,letras.com,,2026-03-09 15:40:26.518775+00,2026
1203,1295,un 6 de febrero un te amo que ya no esta de lo verdadero a lo lejano tu de que vas? fue un invierno en el que fuimos dos es mas frio cuando no estas tu hoy ya no puedo escuchar tu voz otra vez sola en mi cuarto azul porque todavia te quiero te quiero maldito me olvidaste de primero tu que me prometiste el mundo entero ahora devuelveme mi 6 de febrero porque vivo bailando para no llorar mas te veo en todas partes todavia no te vas que hago para olvidarte sin poder devolver el tiempo atras? si perdi que mas ? te crei que lastima y a veces pienso que tal vez tu me usaste para olvidarte de otra que no olvidaste si piensas en mi te pido un favor no hagas lo de siempre no escribas mi amor ya dejame aqui que aqui estoy mejor aunque por ahora parezca peor porque todavia te quiero te quiero maldito me olvidaste de primero tu que me prometiste el mundo entero ahora devuelveme mi 6 de febrero porque vivo bailando para no llorar mas te veo en todas partes todavia no te vas que hago para olvidarte sin poder devolver el tiempo atras? no puedo olvidarte sin poder devolver el tiempo atras,245093c9a610b3c5d44d78c0b493fb52c0fa88881b056830c8abe45af406df97,214,1,es,letras.com,,2026-03-09 15:40:28.692693+00,2025
1209,1301,cuantas peleas recuerdan las lineas de mis manos? cuantas historias caben meti as en veintiun gramos? tu que ta lejos y a vez mas cerca tu que ta lejos y a vez mas cerca que mi propia vena yugular mira no tengo tiempo para odiar a lucifer estoy demasiado ocupada amandote a ti undibel mi corazon que siempre esta en una carrera estoy cortando las flores antes de que sea primavera donde atan a los caballos los mios bien amarra os sangre y suerte aqui me han arrastra o tu amor es una avalancha cae por su propio peso al existir ayer hoy y manana nieve en que me quiero hundir quepo en el mundo y el mundo cabe en mi ocupo el mundo y el mundo me ocupa a mi quepo en un haiku y un haiku ocupa un pais un pais cabe en una astilla una astilla ocupa galaxia entera galaxia entera cabe en una gota de saliva una gota de saliva ocupa quinta avenida quinta avenida cabe en un piercing y un piercing ocupa una piramide y una piramide cabe en un vaso de leche y un vaso de leche ocupa un ejercito y un ejercito cabe meti o en una pelota de golf una pelota de golf ocupa el titanic el titanic cabe en un pintalabios un pintalabios ocupa el cielo el cielo espina una espina ocupa un continente y un continente no cabe en el pero el cabe en mi pecho y mi pecho ocupa su amor y en su amor me quiero perder seven heavens big deal i want to see the eighth heaven tenth heaven thousandth heaven you know it s like break on through to the other side it s just like going through one door one door isn t enough a million doors aren t enough,cd7e722386a87edc203dcb317ab0a2e5c2ad5ec50cf3f731036dcfc9829d015f,305,1,es,letras.com,,2026-03-09 15:40:51.349063+00,2025
1216,1308,quiero firmar esta ultima carta enfrente de este mar dandole las gracias por acercarme al sol por sacarme de cama abriendome de par en par los parpados y las persianas tierra a vista vestida de gala lentejuelas de arena tan guapa tan fea tan de pueblo tan urbana viajando a tu centro me perdi entre tus faldas en mis oidos el placer madonna cantaba en el paraiso no forma de saber si esta lloviendo y no importa el tiempo es infinito y puede ir al reves tan solo pide por esa boca conciertos tan tristes que nos alegraban con cuatro cervezas soltamos toda mierda que nos preocupaba vermut a las doce tus rizos naranjas inventabamos juntos forma de vernos dos o tres veces por semana asomados al borde de nuestra terraza dejando en al tiempo llevar las penas tan lejos que no molestaran en el paraiso no forma de saber si esta lloviendo y no importa el tiempo es infinito y puede ir al reves tan solo pide por esa boca en el paraiso no forma de saber si esta lloviendo y no importa el tiempo es infinito y puede ir al reves tan solo pide por esa boca en el paraiso no forma de saber si esta lloviendo y no importa el tiempo es infinito y puede ir al reves tan solo pide por esa boca,96fc03eaa656ef2bcbc46be4629565b6c6dd225be039dfc6e48ef4892939bf47,227,1,es,letras.com,,2026-03-09 15:41:11.602388+00,2023
1217,1309,las mias funcionan a golpe de tarjeta si las subes al beemeta te ensenan las tetas las mias funcionan a golpe de tarjeta si las subes al beemeta te ensenan las tetas playboy todos los dias halloween en mansion playboy esta llena de monster high soy zorra final boss intento no beber sangre porque estoy en detox playboy playboy playboy entramos todas con las mini nicotina y pussy skinny una es negra y otra es guiri que te voy a romper toda amo como me apodas y que me llames conejita playboy a todos los lados donde voy tienen que ser gay los boys ninguno podido conmigo por lo loca que estoy a todos los llevo de toy toy toy conejita playboy a todos los lados donde voy tienen que ser gay los boys ninguno podido conmigo por lo loca que estoy a todos los llevo de toy toy toy toy toy toy siempre jodiendo con zorritas con enfermedades viricas desde el vih a mas tipica de mi no te fies soy una coneja mala y una cinica hablame si quieres guionista para tu pelicula te squirteo con regla y parece que te acabo de matar esa es mi fantasia sexual no me quito cruz ni para chingar te pongo los cuernos y te dejo por instagram pensabas que sin ti me iba a matar y fuck hace dos ex que me das igual las extensiones hasta el culo soy una plastica mas que me entierren con el overlip y bien decolorada y con mini nicotina y pussy skinny una es negra y otra es guiri que te voy a romper toda amo como me apodas y que me llames conejita playboy a todos los lados donde voy tienen que ser gay los boys ninguno podido conmigo por lo loca que estoy a todos los llevo de toy toy toy conejita playboy a todos los lados donde voy tienen que ser gay los boys ninguno podido conmigo por lo loca que estoy a todos los llevo de toy toy toy toy toy toy,e67e9098570e0803e124480010383fa8e1ef88b1480a16a50f22e3d304a15979,343,1,es,letras.com,,2026-03-09 15:41:14.38839+00,2026
1218,1310,mira lo que nosotras queremo es que tu hagas una cancion inspirada en nosotras tre soy nicole soy sofia y entonces soy paola pues okey esas son mis nenas somos tres siempre estamos arriba y abajo y nadie puede con nosotra baby a ti te conozco de ante callaita buena estudiante hasta que se enamoro de un cantante ahora ve en calle y en las rede mai cuando sale le pide a dios que vele si viera ahora fuma bebe los weekene traete par de friende que ando con el crew baby come through una amiga bori otra son vene no son las mismas cuando beben aqui to el mundo esta bellaqueando si no tan puteando saquen de disco a que no chiche saquen de disco a que no chiche saquen de disco a que no chiche saquen de disco a que no chiche saquen de disco a que no chiche saquen de disco a que no chiche como que mira a ver que va a hacer papi cachala en palomino encima el jetsko fotos de espalda el booty gigantesco parto a mitad como una perco me tiene haciendo fila como el cesco tu sabes que ese culo me lo merezco tu eres blanquita que decia jhayco te pongo el calvo venoso como akon lo quiere en cara baby no es maybelline pide un trago de gin tonic tengo nota de marc anthony ta tan dura tuve que aplicarle honey traete par de putitas l cori ella tiene to los codi se los tiro como hector en el choli traete a vale traete a fani traete a sofi traete par de putitas l cori saquen de disco a que no chiche saquen de disco a que no chiche saquen de disco a que no chiche saquen de disco a que no chiche ahora fuma bebe los weekene traete par de friende que ando con el crew baby come through una amiga bori otra son vene no son las misma cuando beben aqui to el mundo esta bellaqueando si no tan puteando marihuana sustancia y hookah tu tiene una amiga que me gusta si no lo quiere adentro que cuca ? toy en alta no me discutas no no me hables de money hablame de tu moviendo ese culo hablame de quiero ver como es que se mueve no me pare de mover esas nalga no me pare de mover esas nalga no me pare de mover esas nalga no me pare de mo no me pare no no me pare de mover esas nalga no me pare de mover esas nalga mami no te salga mami no te salga no me pare de mover esas nalga no me pare de mover esas nalga ponlo ahi no te salga si no te salga no me pare de mover esas nalga no me pare de mover esas nalga si no te salga si no te salga no me pare de mover esas nalga no me pare de mover esas nalga si no te salga si no te salga saquen de disco a que no chiche no me pare de mover esas nalga saquen de disco a que no chiche no me pare de mover esas nalga saquen de disco a que no chiche si no te salga saquen de disco a que no chiche si no te salga saquen de disco a que no chi,3ce554ae7be9d46529288cfd7346c1bc18698429680d9eea509239badecf0533,563,1,es,letras.com,,2026-03-09 15:41:17.279389+00,2026
1220,1312,camisa transpirada melena mojada me puse los zapatos me pegue una perfumada me voy a bailanta a tomarme unas cuantas soy el rey de noche y hoy salgo con banda voy con los muchacho pero estan medio lento en caceria siempre enfocado atento una morocha sola se esta moviendo quiere un cuartetazo violento que alguien saque a bailar a morocha que se muere de ganas no puede hacer todo el campeon quiero que juegue banda que alguien saque a bailar a morocha que se muere de ganas no puede hacer todo el campeon quiero que juegue banda a mi me gusta morochas bien bonitas y mi amigo busca una rubiecita ella quiere un cuartetazo violento y si ponen reggaeton que baje lento lento lento pero siempre atento me gusta que te guste pero cero sentimientos mi amor soy asi no quiero meter cuento pero si te digo que no te entro te miento baby soy el hombre que tu cuerpo necesita soy el que sabe que tenes ganitas de que te saque a tirar unos paso vamos paso a paso me tomo un par de vaso y saco saco a bailar a morocha que se muere de ganas no puede hacer todo el campeon quiero que juegue banda y que alguien saque a bailar a morocha que se muere de ganas no puede hacer todo el campeon quiero que juegue banda,cc742ad39daac921296dca7a61a59e70e7d481913a54381259240279deea36a9,231,1,es,letras.com,,2026-03-09 15:41:23.547605+00,2023
1221,1313,conoci en miami en brickell ella sabe que aqui ticket quiere que se aplique que casa trafique vo a llevarte pr mami que vea como es que se perrea traete a tu amiga si te gusta idea dile que esta noche vamo a janguear que rico vamo a pasar aqui nadie se va a casar pero tu te va a querer quedar aprovecha qu estoy soltero single miram mal si quiere que te singue te vo a llevar pr to el finde despue de mi va a borrar tinder y estoy suelto mami estoy suelto mirame ahora perreando un experto estoy suelto mami estoy suelto hoy calle esta prendi a hookah pastilla moli a no pierdo tiempo las cambio como rosalia que me mira a los ojo por cinco segundo ya se que es mia donde estan las mala ? que son bienveni a toy puesto l lio dime si tu lia tus amiga y to el corillo tan bien rica pero ese culo tuyo sobresalia salimo de disco y estaba de dia obviamente sali con que queria que puteria tan tan chuleria dime si te va a montar isla tengo el portal bien borracho los tre baby a las do me las vo a llevar me quiere besar que puse mal tirate fotito ahora porque ahorita te vo a despeinar vo a llevarte pr mami que vea como es que se perrea traete a tu amiga si te gusta idea dile que esta noche vamo a janguear que rico vamo a pasar aqui nadie se va a casar pero tu te va a querer quedar si si esto es pr mami aqui naci y el reggaeton que sepa voy cazando y muero perreando voy cazando y muero perreando voy cazando y muero perreando que bailen toa las gata nos fuimo algarete tas escuchando el que mas le mete mami sueltate el grillete ponte en cuatro que te vo a dar fuete ponte en cuatro que te vo a dar fue,b5500de66eb06f6b0bd364fa80ba44a041ff560e11170ac6e5210c28ccb32cea,331,1,es,letras.com,,2026-03-09 15:41:27.756007+00,2025
1238,1330,me ensenaste que el amor no es una estafa y que cuando es real no se acaba intente que no me veas llorar que no vieras mi fragilidad pero las cosas no son siempre como las sonamos a veces corremos pero no llegamos nunca dudes que aqui voy a estar hablame que te voy a escuchar y aunque vida me tratara asi voy a ser fuerte solo para ti lo unico que quiero es tu felicidad y estar contigo una sonrisa tuya es mi debilidad quererte sirve de anestesia al dolor hace que me sienta mejor para lo que necesites estoy viniste a completar lo que soy se nos rompio solo un plato no toda vajilla y aunque no se poner otra mejilla aprender a perdonar es de sabios que solo te salga amor de esos labios si las cosas se danan no se botan se reparan los problemas se afrontan y se encaran que reirse de vida a pesar de que duelan las heridas se de entregar entero el corazon aunque le hagan dano sin razon lo unico que quiero es tu felicidad y estar contigo una sonrisa tuya es mi debilidad quererte sirve de anestesia al dolor hace que me sienta mejor para lo que necesites estoy viniste a completar lo que soy sirve de anestesia al dolor hace que me sienta mejor para lo que necesites estoy viniste a completar lo que soy,e253c3e414a8e79bec7d6c74ab6e1b039df52d10a2bd81b4e9e092f6115fa53e,236,1,es,letras.com,,2026-03-09 15:42:43.136994+00,2024
1246,1338,seguiria de bares llegando a casa cuando otros salen a vidas que no queria a responsabilidades lleno de noches vacias decepcionando a mis padres seguiria de bares si tu no hubieras llegado de tanto haberme callado el dano que hice a gente no haberme puesto de frente con quien me hubiera ayudado lo siento no era consciente de tanto haber disparado no fui del todo valiente con tanto muerto a mi lado pero llegaste tu y decidi cambiarlo ahora que veo luz no pienso estar callado voy a hablar de tu latir de tu forma de reir de lo mucho que me calmo cuando al fin te veo aqui no es cosa tuya es cosa mia de algun modo pararia aquel infierno que ahora es vida despertarme cada dia con tu tiempo mi momento cuando enciendo tu sonrisa y tu ropa cae al suelo y tu boca se hace mia pero llegaste tu y decidi cambiarlo ahora que veo luz no pienso estar callado voy a hablar de tu latir de tu forma de reir de lo mucho que me calmo cuando al fin te veo aqui pero llegaste tu y decidi ser algo mas cerca de luz no pienso estar callado voy a hablar de tu latir de mis ganas de vivir de lo mucho que me calmo cuando al fin te veo aqui,33477552c89492c2aa360bd73638598142ddb34ee886b3a2e53c1c0562a31c10,225,1,es,letras.com,,2026-03-09 15:43:16.541879+00,2026
1251,1344,que hago solo ma si hoy es 7 del 7? cuando le cogi este miedo a to lo que me compromete? pense que seria feliz estando bien algarete durmiendo con cualquiera y si supiera que llevo un mes igual tus fotos con el me sientan fatal y finjo aunque no me igual aqui estoy listo si el no te habla le llego quickly darte tabla en tu chat metido tumba o en cama esperando que me hable cuando el no te habla mami no me hable esto es olvidarte echame un cable que si no no lo consigo no lo consigo mami no lo consigo explicame como olvido ese piercing de tu ombligo y to lo que mas abajo baby cuando nos tocabamos siempre se mojaba to hasta el amanecer ultima vez te lo meti porque dijiste que no estabas con el fallo mio por confiar en una infiel mala y adicta a fallar que facil soy de enganar jure no verte otra ve pero se que aun asi caeria una y mil vece en tu juego mientras tu sigas queriendo jugar te veo en todos lado aunque cambie de lugar y claro que duele au si hace un ano tu jangueaba a mi o esperando se me derritio el hela o y si ahora tu me hablara volveria aunque ya de igual aqui estoy listo si el no te habla le llego quickly darte tabla en tu chat metido tumba o en cama esperando que me hable cuando el no te habla sigues presente no en mi cama pero si en mi mente contigo todo era diferente todavia sigues presente no en mi cama pero si en mi mente todavia sigues presente no en mi cama pero si en mi mente contigo todo era diferente todavia sigues presente no en mi cama pero si en mi mente a tu lado to era diferente y si tu te va llegan veinte ma si me pongo te olvido tu sabes que soy capaz el problema es que no quiero quiero besarme contigo ma quiero perrear contigo ma chi chi chingar contigo ma sigues presente no en mi cama pero si en mi mente contigo todo era diferente todavia sigues presente no en mi cama pero si en mi mente a tu lado to era diferente todavia sigues presente no en mi cama pero si en mi mente contigo todo era diferente todavia sigues presente no en mi cama pero si en mi mente a tu lado to era diferente el verano pasa rapido el verano ya va a acabar y no quiero que termine sin que te lo vuelva a dar,ce8750a6b2ce1dfb8f9812fdb4fda1883fce7f317bfa845c369359cc803349f7,440,1,es,letras.com,,2026-03-09 15:43:44.200211+00,2025
1252,1345,mi piel es fina de porcelana rota en esquina mi piel es fina de porcelana y de ella emana luz que ilumina o ruina divina el placer anestesia mi dolor el dolor anestesia mi placer lo que tengo lo que hago mi valor y el dolor siempre vuelve a aparecer en ti no creo hasta que te derrames en mi pecho dentro de mi corazon y mi cerebro como un cubata cae en mi garganta y se vierte en mi pelo hasta el suelo ego sum nihil ego sum lux mundi ego sum nihil ego sum lux mundi ego sum nihil ego sum lux mundi traje algo que tu te relajes aqui tienes este homenaje soy diva del tigueraje traje algo que te pueda dar coraje en tu gloria falta viaje pero a ti te sobra equipaje te puedo enamorar te puedo inspirar te puedo envenenar y te puedo curar te puedo elevar o te puedo humillar bien o para mal transformarte traje algo que tu te relajes aqui tienes este homenaje soy diva del tigueraje traje algo que te pueda dar coraje en tu gloria falta viaje pero a ti te sobra equipaje,ed4ccdc9fe3b862384914737e5de5f6cb28e490c5784028e27fd2ba2510a1003,194,1,es,letras.com,,2026-03-09 15:43:48.038313+00,2025
1256,1349,dieron las 11 11 y pense en ti en mi culito forever si el sexo es una religion pues somos diose me acorde que un polvito me debe quiero que llegue siempre que llueve eres mi bebe mami duerme conmigo chinga conmigo papi duerme conmigo chinga conmigo que esta noche te vo a hacer de to calientito se duerme mejor me dice duerme conmigo chinga conmigo me acuesto en su body las nalgas de pillow por ese culito llego tarde a trabajar no te vayas todavia quedate un ratito ma como bad bu y el mynor lo de nosotros son polvos legendario si me tira voy voy como zion mami te extrano si te hablo claro baby tu te acuerdas cuando nosotro nos dejamo ? que te puse cancion esa que decia baby dime si te acuerda cuando chingamo en el parking del mall tus ojo alumbraban como el sol ya se que cuando ella me un call ella quiere sexo moja o no seco por ti me porto bonito como chencho que no nos pase como rauw y rosalia es un secreto como anuel y carolina ella quiere sexo moja o no seco por ti me porto bonito como chencho que no nos pase como rauw y rosalia ella no me escribe to el dia pero en las noche me dice papi duerme conmigo chinga conmigo papi duerme conmigo chinga conmigo que esta noche te vo a hacer de to calientito se duerme mejor me dice bellaquita de contacto una r con gotita a ahora mismo baby ni se que somo me confundo cuando me mira a los ojo a sola me agarra el cuello usa su mano de collar hacemos de todo todo y nadie sabe encima mio pero debajo de las sabana se siente rico calientito lo quieres de lengua o de piquito? los polvos de nosotro deben ser un mito me estoy envolviendo como te explico que? se siente rico calientito lo quieres de lengua o de piquito? los polvos de nosotro deben ser un mito me estoy envolviendo como te explico que? toy falling es l sexo cuando tu tas calling ultima vez me quede con tu hoodie me quede dormida con el sin panty mami duerme conmigo chinga conmigo papi duerme conmigo chinga conmigo uoh que esta noche te vo a hacer de to calientito se duerme mejor toy falling es l sexo cuando tu tas calling ultima vez me quede con tu hoodie me quede dormida con el sin panty mami duerme conmigo chinga conmigo papi duerme conmigo chinga conmigo uoh mami duerme conmigo chinga conmigo papi duerme conmigo chinga conmigo uoh te reiras porque ni tu me conoces ni te conozco pero creo que reconocer una persona igual por lo que ves por lo que escuchas en sus canciones te haces una idea no? el escuchar tus canciones ya sea por manana o por tarde o por noche no se me arregla el dia y solo era chao,f04c1f43b2424a17761576d6e80ca5fbe4ac20f12553ab2ce6147e61bf890eab,496,1,es,letras.com,,2026-03-09 15:44:00.707425+00,2026
1259,1352,mirame tienes algo mio tienes algo tuyo en mi y me costado tanto tanto soltarlo que gran error llorar por alguien que no fue capaz ya se que volveras perdiste tu oportunidad que gran error sentir que esta vez iba ser diferente que iba a sufrir por ti ahora que me eres indiferente no eras para mi que bien que lo vi cuenta a los demas que fui una mas que es gracias a ti que llegue hasta aqui y ahora mientete y mienteme y dime que no estas llorando en cama mientras te pasan los dias por ventana todo lo malo se pasa mirame a mi estoy bien sin ti y aunque fue un gran error llorar por alguien que no fue capaz ya se que volveras perdiste tu oportunidad que gran error sentir que esta vez iba ser diferente que iba a sufrir por ti ahora que me eres indiferente gran error gran error gran error gran error gran error gran error que gran error llorar por alguien que no fue capaz ya se que volveras perdiste tu oportunidad que gran error sentir que esta vez iba ser diferente que iba a sufrir por ti ahora que me eres indiferente,bf07f0fbce9113bd35ce2ad0626875c19c130b8c3c4bb439790344e0537ff356,202,1,es,letras.com,,2026-03-09 15:44:14.866475+00,2026
1260,1353,trr trr trr trr dani flow y bellakath what s up? estoy que te parto y tu gato barato quiero que te pongas en cuatro baby vamos a hacer un trato vente un fin de semana a irapuato dani flow el bellaco si hoy te toca dick en el hampton inn pito ti si lo permite chuchin tengo mucha feria cachin chin chin y mamasota prende el blunt te hago el ron toron ton ton el estilo chacalon de mexico el reggaeton para coger tengo un don y condon te mando a operar el culo con el doc que me adelanto el menton aqui se factura gacho no me voy para el gabacho se que tu quieres verme en el show te wacho tira no me engancho pero tampoco me agacho mucho menos en el antro si vengo con los muchachos con el fronteo a full una perla negra con red bull quieres que te llene carita de yakult? quieres que te grabe mientras te reviento el cu? rosita a lo bubblegum me parece cool reggaeton champan pan pan pan pan pan reggaeton champan pan pan pan pan pan no tengo problema si tu fumas hierba ojala te de tos para que saques mucha flema le pongo tu pones lena y mientras el beat suena te recito un poema que bonitos ojos tienes quiero chuparte el pene con todo respeto espero no te moleste esta cerca diciembre ojala no te enfermes y que no te de fiebre para que tu me lo entierres baby ponme como quieras no me molesta introducela completa rosa bien rico aprieta puedo ser tu puta tambien tu princesa y si te soy honesta quiero que me chupes una teta arriba de mesa santa clara de fresa atraviesa cabeza cuando ya tengas tiesa a mi me gusta grande me gusta bien gruesa reggaeton champan pan pan pan pan pan re re reggaeton champan pan pan pan pan pan pero no puede ser es dani flow y chica de las poesias bellakath en kittyponeo mafia del perreo pu pu puma pu pu pu puma what s up? pu pu pu puma pu pu puma reggaeton mexa pu pu pu puma,0ff7d532e1de0887da4a5cef009e47cfa4644c912d32afaf6c00c402fad3c2bf,363,1,es,letras.com,,2026-03-09 15:44:20.385245+00,2023
1265,1358,no puedes luchar en una guerra tu solo el corazon como armadura se consume y no se cura parece tan complicado pedir ayuda pero basta un solo paso como el primer hombre en luna desde no se ve las veces que has llorado nacemos solos y morimos en el alma de otro somos angeles con un ala quebrada y podremos volar solo quedando uno junto al otro caminare al lado tuyo parando el viento dentro de los huracanes superheroes como tu y tomame mano para unirnos como imanes porque juntos somos invencibles y donde estes ahi voy superheroes solo tu y dos gotas de lluvia que salvan el mundo de tempestad algunas heridas incluso en el tiempo no desaparecen mas profundas de lo que parecen son como espinas que nacen entre las flores que crecen he vertido un oceano de lagrimas hasta odiarme a mi mismo tu me diste luz y contigo sali del abismo cada vez que tu lloras el mundo me devora el cielo tambien llora no tengo mucho que darte pero juro que caminare al lado tuyo parando el viento dentro de los huracanes superheroes como tu y tomame mano para unirnos como imanes porque juntos somos invencibles y donde estes ahi voy superheroes solo tu y dos gotas de lluvia que salvan el mundo basta un momento y entiendo que las cicatrices tuyas son las mias basta un momento y entiendo que contigo pasa mi melancolia porque juntos somos invencibles y donde estes ahi voy superheroes solo tu y dos gotas de lluvia que salvan el mundo de tempestad caminare al lado tuyo parando el viento dentro de los huracanes superheroes como tu y tomame mano para unirnos como imanes porque juntos somos invencibles y donde estes ahi voy superheroes solo tu y dos gotas de lluvia que salvan el mundo de tempestad,7b0f39c1952276c4a0e68ca2c54bdd23776ba23a7fd7ed2ba3784c06d7f1e9e7,307,1,es,letras.com,,2026-03-09 15:44:36.715464+00,2025
1267,1360,room service huele a rosas lo que te prendi que buenos dias te di el mananero y cuenta corre por mi te pusiste rock star con el bicho mio y se te quito lo de lesbi tengo ejercitando pelvis how i fuck you a tu ex le causa envi how you fuck me deberia irse trending como una lollipop pop te lambi tengo el gatillo plop plop l squirtie con diosito ahora tengo el cielo pending porque a ti ya mi alma te vendi soy tu u u u uyo mira a ver que haces what you gonna do do do do do si me con enchularme? ese cu u u u u es mio pase lo que pase baby en esa pu u u u ussy es que quiero hospedarme te como te lambo hasta que empieza el temblequeo mis manos en tu boca que me chupes los deo trabajando en ese culo porque ahi el futuro veo tengo los superpoderes romperte sin recreo veo veo que veo? una cosita deliciosa te busco to los finde es una cosa religiosa lo toxicos que somos es una cosa venenosa no te creo to porque tu eres labiosa soy tu u u u uyo mira a ver que haces baby what you gonna do o o o o si me por enchularme? ese cu u u u u es mio pase lo que pase what you gonna do o o o o si me por encularme? pase lo que pase soy tuyo y esa pussy es mi hotel sin checkout te imagino en cuatro y me siento conectao el 69 es lo mejor que se han inventao que rico porque tu gozas gozo estar dentro de ti es como coronar un coso i m a liar pero mi bicho no es mentiroso a mina como paco le gusta amoroso i don t give a fuck si termino enculao ultima vez que chingamos me tenia amarrao baby tu eres una zorra pero no soy rauw tu me dices presion cuando lo dejo enterrao room service huele a rosas lo que te prendi que buenos dias te di el mananero y cuenta corre por mi te pusiste rock star con el bicho mio y se te quito lo de lesbi tengo ejercitando pelvis how i fuck you a tu ex le causa envi how you fuck me deberia irse trending como una lollipop pop te lambi tengo el gatillo plop plop l squirtie con diosito ahora tengo el cielo pending porque a ti ya mi alma te vendi soy tu u u u uyo mira a ver que haces what you gonna do do do do do si me con enchularme? ese cu u u u u es mio pase lo que pase baby en esa pu u u u ussy es que quiero hospedarme,f1a6aa7a28a74be4e940133e945a11f90ceeafce224d59008c457d7a8bc9a818,472,1,es,letras.com,,2026-03-09 15:44:42.913067+00,2026
1275,1368,como diablos vo a olvidarte si ya te vi sin ropa? uou que obra de arte se que prometi que iba a alejarme pero como quiere que me bien si tu no me saca de los close friends? me paso stalkeandote ver que hace enchula o puede que se me pase pero como quiere que me bien si tu no me saca de los close friends? me paso stalkeandote ver que hace enchula o puede que se me pase como diablo vo a olvidarte? si cuando estoy solo y prendo lo que hago es pensarte mami me dejaste hipnotiza o coloniza o otra galla como tu todavia no pisa o ese totito era bello precioso cute me dejaste envicia o pelinegra o blondie ma tu ere baby dando vuelta por sanse escuchando a dei v y a ousi to lo mio es tuyo si quiere te doy oc quiero comerte esos labio glossy si esto no tiene que pasar no pero veo el circulito verde y me vuelvo a ilusionar tu ere mala tu lo hace intencional una player profesional total esto no iba a funcionar pero te veo y me vuelvo a ilusionar tu ere mala tu lo hace intencional a tu nombre me lo voy a lesionar ta cabron que ti es normal pero como quiere que me bien si tu no me saca de los close friends? dime que paso mi amor que ya no me envia los bueno dia por manana y en noche ante de acostarte ya no me llamas sera que ya encontraste a alguien ma y me cambiaste? esta cabron como de tu vida ya desapareci que triste que termino asi que termino asi sera que a otro ahora le cuentas tu dia y lo hace reir con los chiste que tu me hacia ? no tengo stickers nuevo mami porque ya tu no me los envia te fuiste cuando mas te queria y ya nadie sabra lo que tu y pudo ser que triste no conocera esa parte de mi que se que te iba a gustar y nadie sabra lo que tu y pudo ser que triste no conoceras esa parte de mi que a nadie le suelo mostrar,4b13d05c70169dd5e255d0dc8177f818c6940094e861a7a8faa31e5e2d5dd828,368,1,es,letras.com,,2026-03-09 15:45:13.047934+00,2025
1280,1373,oah si sientes algo dilo ma por que lo va a callar? te han herido mil veces conmigo no va a pasar tu mirada me dice que aqui te quieres quedar pero es tu decision no te vo a rogar si ta bien dizque no me quieres ver tal vez te asusta mi forma de ser to bien se que vo a volver que? hacer lo que hicimos ayer hacer lo que hicimo ayer hacer lo que hicimos ayer no importa si hablamo o no se sabe que el dia va a llegar nena y tu nene y no vamo a poder aguantar que sepa que sepa que esa ya me se que sepa que sepa que aquella te pegue y siempre le doy solo ante habana siempre nos gustamo fue por tus beso y mis beso se extranan tu cara y mi cara ta intenso me quiere pero mala fama y lo que siento por ti no era que me salga con cosa rara pero si esto es parte del proceso alright si ta bien dizque no me quieres ver tal vez te asusta mi forma de ser to bien se que vo a volver que? hacer lo que hicimos ayer hacer lo que hicimo ayer hacer lo que hicimos ayer no puede mentir se que te gusta lo que te hago sentir lo que paso en bahama tenemo que repetir me acuerdo afuera lloviendo adentro de ti es un infierno verano sin ti es un invierno por que ya no esta? no entiendo dime donde esta nena tu sabe que no lo vo a pensar las gana no se van verdad es que no quiero sentir a otra si ta bien dizque no me quieres ver tal vez te asusta mi forma de ser to bien se que vo a volver que? hacer lo que hicimos ayer hacer lo que hicimo ayer hacer lo que hicimos ayer hacer lo que hicimo ayer aye lo bueno se repite ma,c4ba824f3e0ed8115a8e6cd5d388f46383c0b83022aaef1314bf1a4ab54032af,330,1,es,letras.com,,2026-03-09 15:45:30.563956+00,2026
1282,1375,los 4kt a todas las munequitas le gustan los hombres malos que tienen pistolas y bala como halo que culeen bien nunca olvidarlo que le pongan cacho to lo dia llorarlo a todas esta perra le gustan los hombres malo que tienen pistolas y bala como halo que culeen bien nunca olvidarlo y que le pongan cacho brother despues llorarlo ella se cree yailin me le sente en silla viene me lo mama te besa y no se cepilla le corro tanga y se meto por orilla el bueno tiene el pipi pequeno y no le hace ni cosquillas alo alo otra perra a vista de noche prepago y de dia manicurista salen los catalogos y no son de revista van al gimnasio y el gordito las conquista un perreo en suite a las 6 de manana una perra mala catalina santana que se preste ella amiga y hermana recien me conocio me lo entrego por fama en lo oscuro que tu novio no te vea mirala como mueve las tapas a los malos nos busca dea esa carita de mala te delata ella viene de mamar no bese no bese viene de mamar no bese no bese ella viene de mamar no bese no bese no bese no bese no bese a todas las munequitas le gustan los hombres malos que tienen pistolas y bala como halo que culeen bien nunca olvidarlo que le pongan cacho to lo dia llorarlo a las munequitas le gustan los hombres malos que tengan pistolas y bala como halo que culeen bien nunca olvidarlo nunca olvidarlo ella es una muneca ella es muneca de mafia su estilo no es de aqui es de otra galaxia le gustan los bandidos los ganster paso en farmacia el amor ella no existe no es importancia esa linda es una mala es amante a los extremos desde que anda con los malos no le gustan mas los buenos nosotros somos bandidos codeina y sprite me enveneno mala que queremos en trinchera tenemos senorita quiere plata por anda con los malo desde muy pequena a ella le gustan los regalos sabe que soy un bandido de verdad que jalo que le doy muy feo cuando droga me instalo ella viene de mamar no bese no bese viene de mamar no bese no bese ella viene de mamar no bese no bese no bese no bese no bese the fama fucking gone le cambiamos el juego con el americano y los 4kt dime que lo que de tumaco a tura y de tura a tumaco que las perras se quiten los taco,448006d35eec07915e89f6f80a85465aa592082ea4bddf250c9aa4c226c14ed4,433,1,es,letras.com,,2026-03-09 15:45:48.360766+00,2025
1287,1380,porque si el senor te va a sanar si el senor te va a restaurar no es para que te sientas bien es porque tienes un proposito eterno en cristo jesus que cumplir en esta tierra y el te necesita sano te necesita entero te necesita completo cristo jesus eres mi plenitud cristo jesus eres mi plenitud cristo jesus eres mi plenitud cristo jesus eres mi plenitud declaramos cristo jesus eres mi plenitud cristo jesus eres mi plenitud si te tengo a ti lo tengo todo mi amado mi tesoro de ti nada deseo senor si te tengo a ti lo tengo todo mi amado mi tesoro de ti nada deseo senor si te tengo a ti lo tengo todo mi amado mi tesoro de ti nada deseo senor cantamos juntos si te tengo si te tengo a ti lo tengo todo mi amado mi tesoro de ti nada deseo una generacion que se satisface en cristo jesus somos completos en cristo jesus nada nos hace falta en cristo jesus de ti nada deseo senor si te tengo a ti lo tengo todo mi amado mi tesoro de ti nada deseo senor si te tengo a ti lo tengo todo mi amado mi tesoro de ti nada deseo los deseos se enfocan en cristo jesus canta iglesia cristo jesus eres mi plenitud cristo jesus eres mi plenitud solo las familias cantando y si te tengo a ti lo tengo todo de ti nada deseo senor si te tengo a ti senor que ninguno se pierda que todos se arrepientan llamamos todos senor a restauracion en cristo jesus que corran a gracia y a misericordia que hagan de gracia un trono en su interior una gracia que perdona una gracia que se reconcilia un amor que no busca lo suyo un amor que no se ofende facilmente que no lleva registros de las ofensas recibidas un amor que no se goza de injusticia sino que solo se alegra con verdad nos alegramos con verdad nuestra familia esta fundada en roca que es cristo podran venir cientos de tempestades pero las familias seguiran firmes en nuestra plenitud que es cristo jesus podemos perder lo material podemos perder lo circunstancial pero si te tenemos a ti lo tenemos todo senor lo declaramos y lo vivimos lo declaramos y lo vivimos esa leve y momentanea tribulacion no se compara al mayor y eterno peso de gloria que se produce cristo en nosotros esperanza de gloria senor escucha el clamor de cada familia aqui si te tengo a ti lo tengo todo mi amado mi tesoro de ti nada deseo senor,234963404cfe6a6aa21707e316f84a1794b815a0d66b44f19395786c8d86f565,436,1,es,letras.com,,2026-03-09 15:46:03.068186+00,2024
1290,1383,sigo viendo todo con los mismos ojos todo brilla en ellos desde que tu estas hoy sigo besando con los mismos labios pero fue tu boca que me supo amar tuve que perderme para encontrarme tuve que encontrarte para respirar tuve que volarlo todo por los aires tuve que morir para saber amar tu me encendiste luz tu me llenaste de suenos ahora mi mundo eres tu no nadie mas como tu me siento como un nino pequeno y me encendiste luz y me borraste los miedos ahora mi mundo eres tu no nadie mas como tu los dos pegaos sin ropa en invierno por primera vez me atrevere a decirles que no me equivoque que contigo estoy borracho sin beber que desayunarte a mi me sabe bien no se donde cono te me habias metido no se como le haces para acelerar mis latidos ya hable con tu padre y le dije tranquilo que ahora estas conmigo tu me encendiste luz tu me llenaste de suenos ahora mi mundo eres tu no nadie mas como tu me siento como un nino pequeno y me encendiste luz y me borraste los miedos ahora mi mundo eres tu no nadie mas como tu los dos pegaos sin ropa en invierno y estoy hecho de ti de ti de ti de pedacitos de ti de ti de ti y tu estas hecha de mi de mi de mi de pedacitos de mi de pedacitos de que estoy hecho de ti de ti de ti de pedacitos de ti de ti de ti y tu estas hecha de mi de mi de mi de pedacitos de mi de pedacitos de tu me encendiste luz tu me llenaste de suenos ahora mi mundo eres tu no nadie mas como tu me siento como un nino pequeno y me encendiste luz y me borraste los miedos ahora mi mundo eres tu no nadie mas como tu los dos pegaos sin ropa en invierno,a1cfdd0aee30bdad9709519aad44eb65ad0b69a396aa90f95a10917833091cd3,328,1,es,letras.com,,2026-03-09 15:46:13.245466+00,2025
1300,1393,me pregunto si sera ya un capitulo cerrado o si releere los versos para nunca olvidarlo que fui un dia fui algo inevitable ahora las calles se preguntan que donde me he dejado aquello que cargaba si se lo llevo el verano fui si un dia fui algo inevitable y ahora se que soy tu palabra prohibida tu inicial perdida tu norma no romper se que soy una etapa en tu vida que tu cuerpo no me olvida y que es ultima vez es ultima vez que vas a oir de mi hablar de ti que mi boca se esta olvidando como es tu nombre en mis labios sin querer sin saber como pasado me cuesta recordarlo es tu nombre en mis labios tengo tu voz en punta de lengua amenazandome con saltar tenia ganas y ahora pereza algo tiene que significar pienso en ti y no color lo veo gris ya no amor y ahora se que soy tu palabra prohibida tu inicial perdida y tu norma no romper se que soy una etapa en tu vida que tu cuerpo no me olvida y que es ultima vez es ultima vez que vas a oir de mi hablar de ti que mi boca se esta olvidando como es tu nombre en mis labios sin querer sin saber como pasado me cuesta recordarlo es tu nombre en mis labios,89752d86a3691c8ac524c9b68c5c70c4acaa71268cd74f5f7bce352ffb1f173d,229,1,es,letras.com,,2026-03-09 15:47:02.100001+00,2023
1308,1401,cuando te vi supe que eras mi quise parar el tiempo pero no era el momento taba roto por dentro no se como te fijaste en este chico raro malo con ojeras y los labios cortados mi tiempo es oro si lo paso a tu lado a ello se lo vendo pero a ti te lo regalo salte al vacio con los ojo cerrados y acelero el corazon como un coche robado quiero hacerme viejo a tu lado y que dure 100 anos este amor de verano cuando nos ven junto se preguntan quien eres tu piel es de seda como hermes te haria 10 nenes mi nina no se lo que tienes vamos a perder esos trenes todo va bene todo va y viene menos tus ojitos chinos y tu pelo pantene me escape contigo sin testigos ni rehenes conozco un atajo al cielo baby dime si te vienes cuando te vi supe que eras mi quise parar el tiempo pero no era el momento taba roto por dentro me quiero morir pero dentro de mi algo sigue latiendo cuando no estas aqui todo pasa tan lento cuando te vi supe que eras mi quise parar el tiempo pero no era el momento taba roto por dentro me quiero morir pero dentro de mi algo sigue latiendo cuando no estas aqui todo pasa tan lento siempre lejos del rebano un gato madrileno con miedo al amor y al dano tu tan falta de carino y que moriria por un beso y un guino cogi tu destino y lo hice mio te di mi corazon y tu me diste dos crios sin arnes ni rede salte al vacio agarre tu mano y de perdidos al rio pero no todo fue perfecto hicieron mella los excesos las noches de conciertos las historias nunca son como en los cuentos no malos ni buenos no todo es blanco o negro y lo siento de verdad lo siento y no pasa un minuto en el que no me arrepiento tengo miedo de que todo sea un sueno pero sigo teniendote al lado cuando me despierto cuando te vi supe que eras mi quise parar el tiempo pero no era el momento taba roto por dentro me quiero morir pero dentro de mi algo sigue latiendo cuando no estas aqui todo pasa tan lento cuando te vi supe que eras mi quise parar el tiempo pero no era el momento taba roto por dentro me quiero morir pero dentro de mi algo sigue latiendo cuando no estas aqui todo pasa tan lento que decirte que no sepas? je ne sais pas te quiero a rabiar cortame con radial el corazon porque eres mi mitad se que nunca voy a encontrar una igual tu con tu cara de chula y con una babushka me clavaste mirada en medio de marabunta y te agarre por cintura como se que te gusta mientras me frien a preguntas y las luces me apuntan escucha no sabia distinguir un louis vuitton de un louboutin ni tu a los wu tang de tupac pero en verdad me dio igual era un fumachustas tu una chula refina estabas cansa de rugrats y de rumbear como nunca he teni o canto nanas cantona contra grada me pongo de rodillas le jodan a guevara somos el vagabundo y dama cuando te vi supe que eras mi quise parar el tiempo pero no era el momento taba roto por dentro me quiero morir pero dentro de mi algo sigue latiendo cuando no estas aqui todo pasa tan lento cuando te vi supe que eras mi quise parar el tiempo pero no era el momento taba roto por dentro me quiero morir pero dentro de mi algo sigue latiendo cuando no estas aqui todo pasa tan lento,e5a8acc616f2ec98b842dbca46b15e095e0f82681ae911650d618a58fc73d8c9,631,1,es,letras.com,,2026-03-09 15:47:37.414338+00,2026
1317,1410,me merezco esto to lo que viene ahora calienta lucho que este ano es tu hora y no se si quiero que sea mi hora guardo mis secreto en caja de pandora el cora late como a dosciento por hora y ahora solamente quiero estabilidad quien no esta luego se le anora lo siento abuela pero tuve que volar mierda esos momento eran los mejore no los like las visitas seguidore me dijeron que vendran tiempo mejore sin ello no se si son mejore cuanto queda emilio cuanto queda salir? preso en mi cabeza y de aqui no puedo huir ocultandome del que esta en el espejo busco las mano de mis padre seguir abuela siempre cogi tus consejo un padre nuestro siempre ante de dormir abuelo se que ve esto de lejo por ti supe siempre que lo iba a conseguir hijo de carlos y alexia del ano 2000 tuve para dar tambien tuve que pedir abuelo supo de dinero y abundancia y que sin billete poco te van a seguir papa siento mis mala palabra esos ano donde no supe de ti llamada sin respuesta que miraba sin colgarla esperando que insistiera para decir si? estoy bien mama igual espero que tu tambien lo que no te dije nunca con palabra antes de irte ya te las demostrare no se querer y no te echo culpa se que me perdi el odio fue mi ruta pero quien nace sabiendo? alguien que me lo discuta que veo mucho santo y teresa de calcuta pero aqui estoy a pie del canon no nada mas bonito que dar gracia y pedir perdon las cosas salen solo si es de corazon todo cae por su peso no nos queda otra opcion asi que que este quien tenga que estar que voy a seguir en el mismo lugar luchando por volver donde conoci el querer y donde supe el sentido de lo que era un hogar porque por mi vida lo prometo woah y por mi sangre lo juro woah que voy a conseguir los mio el mundo woah por mi vida lo prometo woah y por mi sangre lo juro woah que voy a conseguir lo que mi abuelo nunca pudo woah,5a944e5d160afd211d1e0b483aeaa071807166b705b5b53296e81c7527ff3b01,370,1,es,letras.com,,2026-03-09 15:48:37.257098+00,2024
1324,1417,woah woah let s go miro al espejo toy bien tamo feten todo lo tengo casi no siento los pie fanatico fiel muchos eventos elevado hasta el eden ya no me ven tocando el cielo enamorando a mi ex el nene flex no me detengo un dos tre cero estre te lo resuelvo subo sin arnes tamo blessed desde el comienzo meditando tamo zen salgo al show y te lo prendo cocinando en sarten salsa d l chef no te vendo d l aeropuerto al hotel y del hotel para el concierto empece tocando cien y ahora son ciento sin asiento todo los show sold out saltando se quedan knocked out mirando fila llega a avenida las piba desfilan y me quedo sali de mi zona e confort taba lowcost ahora uso un perfume tom ford en mis hombros te juro que no me asombro ya pase por las mala pero no me acostumbre ahora cuando suena el fono no respondo toy afuera con el combo y si me escondo es para bajar el estre no quiero saber de usted que voy bien bien bien cuanto tiempo paso? no lo se pero con fe nos manejamo el dinero contamo gente hace pogo en el party cuando llegamo miro al espejo toy bien tamo feten todo lo tengo casi no siento los pie fanatico fiel muchos eventos elevado hasta el eden ya no me ven tocando el cielo enamorando a mi ex el nene flex no me detengo un dos tre cero estre te lo resuelvo subo sin arnes tamo blessed desde el comienzo meditando tamo zen salgo al show y te lo prendo cocinando en sarten salsa del chef no te vendo hace rato no salgo de party workin for the mami mira mis pie como esta cami? como se toma esto cami? milo el tsunami mclain y los feka tan droppin los resi estan workin nunca me lo olvide extrano a los compi a veces toy lonely pero no le baje fuck that mi alma se desgasta cansa pienso veo a los que faltan trauma siento un nudo en garganta basta pausa esta shit me encanta toy cocinando tengo oro en olla una estrella gano estrella michelin haciendo mas obvia cosas que son obvia quiero que conozcan lo peor de mi sacando todo mi demonios afuera le estuve rapeando una decada entera los temas son tanto que no entran entero y ustede ni se enteran to lo que vivi tengo una 40 se llama auto tune con bhavi hago magia antisocial blood bibidi babidi bu transformo enemigo en muneco vudu hablame de flow hablame de groove modo diablo es el unico mood desde el fin del mundo luz en el sur le robo a las major como robin hood mis flow son tanto que soy acrobatico tengo a mi gente cruzando el atlantico vida rockstar no me importa esto es ilogico puro profit mucho crossfit aerobico miro al espejo toy bien tamo feten todo lo tengo casi no siento los pie fanatico fiel muchos eventos elevado hasta el eden ya no me ven tocando el cielo enamorando a mi ex el nene flex no me detengo un dos tre cero estre te lo resuelvo subo sin arnes tamo blessed desde el comienzo meditando tamo zen salgo del show te lo prendo cocinando en sarten salsa del chef no te vendo e e ever,f83b0c1b36f8c1d23c5f9119c08b3528bd409295db8cfed42f123206ecec02f3,564,1,es,letras.com,,2026-03-09 15:49:07.439507+00,2023
1325,1418,cierra los ojo y piensame estoy bebiendo y tambien queme ella quiere un mensaje que diga ven me paso mirando ese culito en internet pegate sientelo baby obvio si nina como no? te lo pongo a vibrar como un telefono no se si tiene dueno o no pero cuando nos vemos subimo a las nube al cielo se siente cabron cuando arriba te sube mi cielo cuando te vas que rico tu perfume que enchule ya yaviah mente esta dana y tu arriba te sube y tu arriba te sube los ojo se le achina achinan cuando de fumar termina se como lo hace por como camina llego y de una se me trepa encima penso que era el mar baby esta es piscina sube alcoba prende caoba le llego ella no quiere dormir sola metio mano por el pantalon como punta de pistola tu me va a llamar borrachita si estas de joda en el sky nota nos tiene en alta ya pasamo de las nube las luces son violeta y azule camisa corta que se le ve v le llego los vierne y despues me voy los lunes si prende el aire zion dijo caile me paso en lenta como biden le pongo musiquita que baile sky ponle musiquita que baile pegate sientelo baby obvio si nina como no? te lo pongo a vibrar como un telefono no se si tiene dueno o no pero cuando nos vemos subimo a las nube al cielo se siente cabron cuando arriba te sube mi cielo cuando te vas que rico tu perfume que enchule ya yaviah mente esta dana y tu arriba te sube y tu arriba te sube mami que ricota cuando estas arriba parece una diosa arriba los labios rosita baby te los dejo lila mi musica en las bocinas mami a mi no se me olvida aquella noche tu encima baby como me decias que eras mia? tu me mentia pero sabia aunque nadie me mira como tu me mira no mezclamo amor mezclamo sudor y saliva se que piensa lo mismo que se sintio cabron ma cuando se dio aquella noche tu encima subimo a las nube al cielo se siente cabron cuando arriba te sube mi cielo cuando te vas que rico tu perfume que enchule ya yaviah mente esta dana y tu arriba te sube y tu arriba te sube,48dabb0a106badf0a23ee949332014e08118f7b8e54159e55626f88c0e6eb921,396,1,es,letras.com,,2026-03-09 15:49:12.381839+00,2026
1333,1426,quiero vivir contigo algo nuevo sin pensar hacia donde me llevas a las alturas no les tengo miedo porque cuando me agarras siempre al cielo me eleva tu tienes algo tu tu tienes algo tu tu formas un escandalo cuando dices algo tu algo tu un algo tu anda en un escandalo asi como bailas tu igual ya que igual ya que igual ya que igual ya que somos dos ojos del mismo sueno somos dos ramas del mismo arbol vamo en carretera nada en el maletero y a donde vida nos lleve to lo bonito queda queda pega o n el pecho y lo que no sirv fue fue fue aye oah somo espuma de misma ola una ola de misma orilla una orilla de esas del tayrona voy a hacerte una casa en el aire al ito de de escalona como el magdalena desemboca quiero descansar en tu boca si tenemo algo que decir lo decimo cantando y si que llorar entonce lo hacemo tomando tu y somos el alegre y el llamador somos dos ombe en un vallenato que fluya se desborda el rio que fluya sube marea que fluya que fluya y si me critican que fluya no me ni pena que fluya nunca me meto que fluya en vida ajena que fluya vamo en carretera nada en el maletero y a donde vida nos lleve to lo bonito queda queda pega o en el pecho y lo que no sirve fue fue fue aye no aye tu ere que cule bombon tu ere que cule bombon tu ere que cule bombon tu ere que cule bombon y si me critican que fluya no me ni pena que fluya nunca me meto que fluya en vida ajena que fluya que fluya que fluya que fluya que fluya,228bb41a43dee5c18cb9094cb83c64928e6d58265c888e5fb2df377e67f149e7,301,1,es,letras.com,,2026-03-09 15:49:50.94316+00,2026
1339,1432,hace mucho tiempo le hago caso al corazon y pasan los dia los mese pensando en tu olor llegado el tiempo para usar razon ante que sea tarde y sin querer me parta en do antes de que salga el sol hunde el acelerador aunque sin freno y pierda el control nada mas seremos do tu y acariciandono en medio del tiempo sin decir adio y solo mirame con esos ojito lindo que con estoy bien hoy he vuelto a nacer hace tiempo que no agarro a nadie de mano hace tiempo que no envio buenos dias te amo pero tu me tiene enreda o me envolvi iba por mi camino y me perdi mi mirada cambio cuando tus ojos vi bye bye a los culo ni me despedi no te busque no chocamo en el trayecto con tu alma es que conecto tranquila no tiene que ser perfecto no aqui no existe el pecado y equivocarse es bonito los errores son placere igual que to tus besito y solo mirame con esos ojito lindo que con estoy bien hoy he vuelto a nacer y solo mirame con esos ojito lindo que con estoy bien hoy he vuelto a nacer tu y tu y tu y tu y tu y tu y tu y tu y tu y tu y no me dejo llevar de nadie solo me dejo llevar de tu sonrisa y del lunar cerquita de tu boca si estoy loco tu estas loquita pero baby como tu no otra no quiero regalarte girasole ir playa y buscarte caracole cuando estoy contigo no miro el rolex vamo a bailar doscientas cancione nadie me pone como tu me pone le hablo a dio y tu ere su respuesta aprendi que los momento lindo nunca cuestan como cuando me regalas tu mirada y el sol su puesta y el sol su puesta cuando estoy encima de ti de ti mami me olvido de todo de todo no hace falta nadie aqui solamente tu y antes de que salga el sol hunde el acelerador aunque sin freno y pierda el control nada mas seremos do tu y acariciandono en medio del tiempo sin decir adio y solo mirame con esos ojito lindo que con estoy bien hoy he vuelto a nacer y solo mirame con esos ojito lindo que con estoy bien hoy he vuelto a nacer,b3dadd1f07d62ada022fbbea0eae2ac2568550d82a8dd7a45a429d73356efd12,396,1,es,letras.com,,2026-03-09 15:50:21.575612+00,2023
1352,1445,he cruzado caminos que no evitaron batallas he podido dudar del amor sin perderle las ganas he sabido encontrarme por fin en mitad de nada encontre ese lugar que me dio lo que buscaba apareces sin avisar y ahora todo esta en llamas me acuerdo de ti cuando no lo esperaba volvieron las ganas de morirme aqui contigo en mi falda dejar de sufrir me acuerdo de mi en las noches de barna buscando refugio intentando escapar de gran ciudad en busca del mar en busca del mar he cantado he llorado en busca de algunas palabras he viajado por ultima vez al lunar de tu espalda he subido a cima mas alta nunca me importa el lugar si me abraza calma apareces sin avisar y ahora todo esta en llamas me acuerdo de ti cuando no lo esperaba volvieron las ganas de morirme aqui contigo en mi falda dejar de sufrir me acuerdo de mi en las noches de barna buscando refugio intentando escapar de gran ciudad en busca del mar en busca del mar en busca del mar me acuerdo de ti cuando no lo esperaba volvieron las ganas de morirme aqui contigo en mi falda dejar de sufrir me acuerdo de mi en las noches de barna buscando refugio intentando escapar de gran ciudad en busca del mar en busca del mar,8c9215eb499d6489a0fa9d0a4120f95c95f291cd0142855c00550ecf09c893e5,225,1,es,letras.com,,2026-03-09 15:51:23.647087+00,2025
1355,1448,mi luz prendere con el rolls royce que quemare se que mi paz ganare cuando no quede nada de que perder ya no quiero perlas ni caviar tu amor sera mi capital y que mas si te tengo a ti? no necesito nada mas un sauvignon blanc a tu lado mi futuro sera dorado ya no tengo miedo del pasado esta en el fondo de mi copa de sauvignon blanc de mi copa de sauvignon blanc a mi dios escuchare mis jimmy choo s las tirare mi porcelana dejare caer y regalare mi piano de pared estoy bien si estas tu si hoy estas tu bebere sauvignon blanc a tu lado mi futuro sera dorado ya no tengo miedo del pasado en el fondo se hundio en mi sauvignon blanc a tu lado mi futuro se bien que sera dorado,9cd0e57647b25d1b1b7fea87326021a22a685d6fadcb88c5fdd484e42fff6667,140,1,es,letras.com,,2026-03-09 15:51:44.036695+00,2026
1362,1455,que perdi mis manos en jerez y mis ojos en roma creci y el descaro lo aprendi por ahi por barcelona perdi mi lengua en paris mi tiempo en l a los heels en milan sonrisa en u k pero mi corazon nunca sido mio siempre lo doy coge un trozo de mi quedatelo cuando no este sere tu reliquia soy tu reliquia sere tu reliquia perdi fe en d c amiga en bangkok un mal amor en madrid y en mexico el blunt mala hostia en berlin y el arte en grana en pr nacio el coraje pero el cielo nacio en buenos aires en japon llore y mis pestanas deshile y en ciudad de cristal fue que me trasquile pero el pelo vuelve a crecer pureza tambien pureza esta en mi y esta en marrakech no no no soy una santa pero estoy blessed pero mi corazon nunca sido mio siempre lo doy coge un trozo de mi quedatelo cuando no este sere tu reliquia soy tu reliquia sere tu reliquia huyendo de aqui como hui de florida somos delfines saltando saliendo y entrando en el aro escarlata y brillante del tiempo es solo un momento es solo un momento mar eterno y bravo eterna cancion ni tiene salida ni tiene mi perdon,54dbefd7fd9a54ee9201a0bfc5e3b64c4fb6196f0d5a6ceaeddac194a9122aad,215,1,es,letras.com,,2026-03-09 15:52:25.27364+00,2025
1363,1456,como tu me baila do you love me? me acelera como kawasaki tu me tiene loco loco por ti quedate esta noche no te ya ya eu quero mais contigo quiero quiero pegate mais no me importan las demais contigo quiero quiero tu a mi me acelera como kawasaki como tu me baila do you love me? me acelera como kawasaki tu me tiene loco loco por ti quedate esta noche no te ya ya te miro y si tu me mira te sigo a donde me diga como tu me baila do you love me? me acelera como kawasaki como kawasaki como kawasaki mie mie mientras sale el sol tu y bailando quiero besarte dime cuando quiero que el tiempo pase mas lento porque noche se esta acabando eu quero mais contigo quiero quiero pegate mais no me importan las demais contigo quiero quiero tu a mi me acelera como kawasaki como tu me baila do you love me? me acelera como kawasaki tu me tiene loco loco por ti quedate esta noche no te ya ya te miro y si tu me mira te sigo a donde me diga como tu me baila do you love me? me acelera como kawasaki como kawasaki como kawasaki como kawasaki,0bcbf2951d2666678ad5419195dc07b0aa68a9d201ddac693c8e52ab33d94bb4,209,1,es,letras.com,,2026-03-09 15:52:27.733933+00,2026
1364,1457,y rezo porque ella es rezarla y beso porque ella es besarla solo de noche cuando quiere estar conmigo me su mano y me lleva l hotel mete sus dedos por debajo de mi ombligo lo volveria a hacer lo volvere a hacer mi nina tierna nunca sientas que te olvido si cuando huyo lo que pienso es en volver en que tu pelo se me enrede con el mio y en todas las cosas que nos quedan por hacer ya se que por mi te mueres y por ti a veces me duele estar asi sabes que estoy lista sufrir pero estoy cansada de mentir mi amor cuando empieza el dia y veo cama vacia cierro mis ojitos y vuelvo a sentir tu piel voy a llevarte a andalucia a ver si alli tambien dices que no es mio tu querer,0a347b6ade01fb7d75ee5831dba81af67554cd40fc3ebb31adad9b75f37ceb69,142,1,es,letras.com,,2026-03-09 15:52:36.647569+00,2025
1375,1468,eres de el canto desde los diecisiete y lo primero fue a contracorriente fiestas de pueblo con novias y amiguetes fue como subir en un cohete eres de nokia de juego de serpiente eres llama y cuelga y de sms foto en blanco y negro de fondo rosa y verde aquellos anos locos quedaran presentes que me subas los cuernos que quieras cantar suerte de mi vida y despues volvera 16 anitos emocional que bonita vida y todo vuelve a empezar otra vez de cero todo vuelve a girar suena zapatillas y despues peter pan no no vuelve lo dije y jamas volvera el canto y estamos vivos las manos donde estan? eramos felices no existian redes una mirada era el like por el que mueres veranos de amores inviernos en el messenger insoportable que pasabas de mi siempre que me subas los cuernos que quieras cantar suerte de mi vida y despues volvera 16 anitos emocional que bonita vida y todo vuelve a empezar otra vez de cero todo vuelve a girar suena zapatillas y despues peter pan no no vuelve lo dije y jamas volvera el canto y estamos vivos las manos donde estan? que me subas los cuernos que quieras cantar suerte de mi vida y despues volvera 16 anitos emocional que bonita vida y todo vuelve a empezar otra vez de cero todo vuelve a girar suena zapatillas y despues peter pan no no vuelve lo dije y jamas volvera el canto y estamos vivos las manos donde estan?,5ce33a2468b1445805e7ebbf8bfa09f132d05b385a1ab1157a3fd67e98d96dc1,253,1,es,letras.com,,2026-03-09 15:53:35.938665+00,2025
1376,1469,dime si te besa como lo hacia si te abraza el alma como mi vida dime de que valen palabras vacias si con mis hechos si te llenaria cuantas veces te prometido alegria? y sin decirte nada tenias pasado el tiempo pero no mi vida desde que vi que te ibas ya sabes donde vivo porque estoy en ti por que te enganas en buscar lo que esta aqui? a nadie le conte de que un dia te marchaste por si aun no era tarde y volvias hacia mi por que sigues con el? te vale con cualquiera quizas te trate bien pero no a mi manera todo te sabe a miel vives en primavera nadie mas te cree nadie mas te cree nadie mas te cree si empiezo a preguntarte no quiero tus respuestas solo tu sonrisa porque cualquier cosa que digas me haria trizas siendo sincero prefiero ser ignorante sobre tu vida yendo por partes podrias decirme donde pusiste mia? se que si me tienes delante no eres fria asi que dime estas con el o confias? ya sabes donde vivo porque estoy en ti por que te enganas en buscar lo que esta aqui? a nadie le conte de que un dia te marchaste por si aun no era tarde y volvias hacia mi por que sigues con el? te vale con cualquiera quizas te trate bien pero no a mi manera todo te sabe a miel vives en primavera nadie mas te cree nadie mas te cree nadie mas te cree nadie mas te cree nadie mas te cree,911ff92303479b80519124389e5f6604db8078decc688c1eae99820f6403e388,263,1,es,letras.com,,2026-03-09 15:53:43.870815+00,2025
1378,1471,guardo bajo llave junto al poemario que me regalaste donde todo vale una historia que no entiende de finales una casa donde vida descanse campos de amapola y manantiales cantame al oido cuentame tus males abramos las ventanas que se marchen no logro verte a donde vas? dejaste puerta cerra sin miedo te vas si pudiera tirar atras quitarme el velo y olvidar que te quiero volar no busco tu perdon si te fuiste sin razon si te llevaste mi ilusion sangre de mi corazon decias que no pero al final fallaste tu siempre jugando al despiste y en esto del amor ya te graduaste ahora tus verdades son un chiste dicen que si juegas con puedes quemarte y tu en trampa ya te caiste y ahora por mas que vayan a regarte ya no te salen raices y no ya no te calor el sol ni te ilumina luna el viento no ya no esta a tu favor el mal no necesita ayuda no voy a llorar ni una vez mas ya perdi fe lo nuestro me hace mal ahora soy quien tiene puerta cerra no vuelvas a llamar no vuelvas a llamar no voy a llorar ni una vez mas ya perdi fe lo nuestro me hace mal ahora soy quien tiene puerta cerra no vuelvas a llamar no vuelvas a llamar no vo a llorar ni una vez ma ya perdi fe lo nuestro me hace mal ahora soy quien tiene puerta cerra no vuelvas a llamar no vuelvas a llamar,07556c47e34fb5563e570cda96b32f746433ef91680b50059e0cecc067b27b52,254,1,es,letras.com,,2026-03-09 15:53:52.182805+00,2023
1379,1472,vida ahora gira del reves con veinte vertigo y sed sentir que tal vez no este tan bien y matarse en el camino un secreto que nadie pidio pero igual quemaba lo escribi en un espejo con labial de madrugada soledad enamora y las chicas nunca lloran voy a perder cabeza poner en riesgo mi integridad brindar por duda y pena no sirve repetirse por pensar en que diran voy a quemar esa carta quiero dejar toda esa mierda detras el pasado no vale de nada no sirve arrepentirse por pensar en que diran tal vez no tenga respuesta y no es tan grave lo que sienta voy a dejarlo y a subirme al tren si esto acaba mal al menos que duela bien nunca entendi ningun proposito como saber que iba tan rapido velocidad me pasado factura no quiero llegar el final no es cura puede ser un kamikaze y tan solo un viaje ya te lo dije no tengo intencion de ser cobarde soledad enamora y las chicas nunca lloran voy a perder cabeza poner en riesgo mi integridad brindar por duda y pena no sirve repetirse por pensar en que diran voy a quemar esa carta quiero dejar toda esa mierda detras el pasado no vale de nada no sirve arrepentirse por pensar en que diran no sirve arrepentirse por pensar en que diran no sirve arrepentirse por pensar en que diran no sirve arrepentirse por pensar en que diran no sirve arrepentirse no sirve arrepentirse no sirve arrepentirse por pensar en que diran no sirve arrepentirse por pensar en que diran no sirve arrepentirse por pensar en que diran no sirve arrepentirse no sirve arrepentirse,624f44d7166b9b27bd74071257bd28a1927acee548780d9ba28b98dca42099ed,279,1,es,letras.com,,2026-03-09 15:53:54.908396+00,2024
1380,1473,una reina me enveneno y le escribo esta cancion en mitad de este calendario nos declaramos nuestro amor como el agua clara del sur asi es como llegaste tu despacio volando me acercas los labios dime verdad que lo dejo todo besos dorados rayos de luz dime verdad que lo vendo todo besos dorados rayos de luz lo hacemos por facetime diez de manana y por midnight estamos tan lejos de gran ciudad andamos borrachos con vista al mar cuando baila se muere pista tiene a to los gangsters en lista pero sabe quien se lo de verdad no subimos nada por el instagram una presumida con los pintalabios sabores vestidos de to colores vida se pone mas bonita con las flores veneno me diste y con tus aires me envolviste perreando contra mi despacio volando me acercas los labios dime verdad que lo dejo todo besos dorados rayos de luz dime verdad que lo vendo todo besos dorados rayitos de luz dime verdad que lo dejo todo dime verdad que lo vendo todo besos dorados rayitos de luz besos dorados rayos de luz el amor se esconde en las esquinas y cuando menos te lo esperas un beso puede descifrarte todos los enigmas todo el dano que te hicieron deja de tener efecto porque lo que tu me has dado enterrado el resto amores como el tuyo van mas alla del cuerpo piel no es solo piel cuando por dentro esconde ese universo dime verdad dime verdad que lo dejo todo besos dorados rayos de luz dime verdad que lo vendo todo besos dorados rayitos de luz dime verdad que lo dejo todo dime verdad que lo vendo todo besos dorados rayitos de luz besos dorados rayos de luz,619edad9a1d104d2ef664b477c5679a1b183f24381fe724815cc3c63f8fe7847,290,1,es,letras.com,,2026-03-09 15:53:57.441662+00,2026
1382,1475,de madruga de madruga de madruga de madruga de madruga de madruga de madruga de madruga de madruga de madruga de madruga de madruga de madruga de madruga de madruga de madruga cruz en el pecho calibra mi cuerpo para desquitarme tengo derecho cruz en el pecho calibra mi cuerpo para desquitarme tengo derecho me pesan las cadena tanto mirar no un arma una glock o beretta que dispare y te traiga de vuelta todos los luceros del cielo se reflejan en mi pelo traigo mil lenguas de todas en mi pelo de madruga de madruga de madruga de madruga de madruga de madruga de madruga de madruga de madruga de madruga de madruga de madruga de madruga de madruga de madruga de madruga,ed4e2df4e207a716458ff3e02bfe4c7fa16397fbfa58b019abe9fb0b7f632aaf,124,1,es,letras.com,,2026-03-09 15:54:02.342215+00,2025
1383,1476,me has invitado a bailar estas espectacular no he terminado y ya se que me voy a querer quedar tienes un brillo especial una manera de hablar que sin saber lo que dices ya estoy convencido y tengo todo preparado cuando estes lista nos vamos y no me hace falta regresar quiero que me dejes entrar donde no te han visto jamas y antes de llegar al final apunta y dispara que vuele por los aires lo demas como no te voy a cuidar si haces que me quiera quedar y llevaba de casa tanto ya? has conseguido cambiar lo que creia real y me he quedado despierto por pasar un rato mas casi puedo levitar con esta electricidad que me recorre por dentro cuando estoy contigo no se si me estoy pasando pero se de lo que hablo cuando digo que no quiero mas quiero que me dejes entrar donde no te han visto jamas y antes de llegar al final apunta y dispara que vuele por los aires lo demas como no te voy a cuidar si haces que me quiera quedar y llevaba de casa tanto ya? no se que pasara pero creo que tengo mucho mas puesto en juego quiero pasar noche en tu pelo desenredar todos tus recuerdos no se que pasara pero creo que tengo mucho mas puesto en juego quiero pasar noche en tu pelo desenredar todos tus recuerdos quiero que me dejes entrar donde no te han visto jamas y antes de llegar al final apunta y dispara que vuele por los aires lo demas como no te voy a cuidar si haces que me quiera quedar y llevaba de casa tanto ya? no se que pasara pero creo que tengo mucho mas puesto en juego quiero pasar noche en tu pelo desenredar todos tus recuerdos no se que pasara que tengo mucho mas quiero pasar noche en tu pelo desenredar todos tus recuerdos,60c6f7b56cf7af81bb2c18299ab94a36d9e40c488d649c9783faf9d2aa3d36cd,322,1,es,letras.com,,2026-03-09 15:54:04.771521+00,2024
1391,1484,tengo un hacha sin usar tengo veneno en el bar y una pistola que he aprendido a limpiar una almohada abrazar que me ayuda a calmar las ganas de ahogarte y no esta bien desearle muerte a nadie pero quisiera que te faltara el aire abrirte el corazon y sacar mi parte tengo diez mil maneras para matarte si tu quieres largate largate que ya no puedo verte de frente verte con otra me vuelve criminal mejor que ya no te encuentre y si tu quieres largate largate que nuestro amor no fue suficiente tengo diez mil maneras para matarte amor amor y asi ya no verte tengo diez mil maneras para matarte y asi ya no verte colgue tu foto en pared los dardos quiero tu casa llenarla de petardos rompiendo cada copa y que te cortes los labios te escribi una cancion aunque no suene en radio y me enamore de un infeliz que nunca soporto verme feliz si este amor me dejo una cicatriz tuya va a ser de muerte y si tu quieres largate largate que ya no puedo verte de frente verte con otra me vuelve criminal mejor que ya no te encuentre y si tu quieres largate largate que nuestro amor no fue suficiente tengo diez mil maneras para matarte amor amor y asi ya no verte tengo diez mil maneras para matarte y asi ya no verte que nuestro amor no fue suficiente tengo diez mil maneras para matarte amor amor y asi ya no verte,814fb01b2bbf2100c06c3cee0d2cc010a901ff275e8fb5709566b23f4b2f30e8,253,1,es,letras.com,,2026-03-09 15:54:44.308494+00,2025
1397,1490,dicen que si vieras pasar a tu o muerte en mercedes que es alarga te buena suerte todos habeis venido hasta mis enemigos hoy lloran tirame magnolias tirame magnolias tirame magnolias tirame magnolias sobre mi ataud ktms quemando rueda lagrimas y gomas se derriten en madera gasolina y vino tinto puros y chocolates bailando con amor encima de mi cadaver hoy se derrocha burlando suerte y lo que no hice en vida lo haceis en mi muerte tirame magnolias tirame magnolias tirame magnolias tirame magnolias tirame magnolias tirame magnolias tirame magnolias tirame magnolias algun que otro navajazo me he llevado de vida ella a mi me desarmo y le estoy agradecida y lanzad azucar moreno sobre mi ataud quedaros despiertos hasta que vuelva otra vez luz promete que me protegeras a mi y a mi nombre en mi ausencia que vengo de las estrellas hoy me convierto en polvo volver con ellas,05dca734af739f04ca2e19fa7b05336fb3764569176c4a14602dedf6443bdfe0,152,1,es,letras.com,,2026-03-09 15:55:17.406011+00,2025
1401,1494,cuando hables con el dile que me viste que le mando un hola que aunque no se bien lo que este haciendo ahora de corazon espero que este bien cuando hables con el dejale saber que aunque estuve un tiempo con otra persona ya no estoy con el y no me siento sola y dile que de vez en cuando pienso en el cuando hables con el pero no le cuentes todo que no le quiero hacer dano porque a su lado vivi mis mejores anos cuando hables con el porfa dile todo lo que estoy sintiendo que aunque pasen anos lo llevo dentro que lo echo de menos que lo quiero ver y cuando hables con el dile que en noche a veces me arrepiento se que dejarle fue una estupidez como lo siento me estoy muriendo por hablar con el para decirle que aunque se que no fue perfecto el primer amor tiene esos efectos que no se olvidan no pero se olvida lo que te dolio que me perdone por las canciones musica tambien se equivoca porque tus ojos azules me volvian loca pero tu no le cuentes todo que no le quiero hacer dano porque a su lado vivi mis mejores anos y cuando hables con el porfa dile todo lo que estoy sintiendo que aunque pasen anos lo llevo dentro que lo echo de menos que lo quiero ver y cuando hables con el dile que en noche a veces me arrepiento se que dejarle fue una estupidez como lo siento me estoy muriendo por hablar con el se que dejarle fue una estupidez como lo siento y hoy me estoy muriendo por hablar con el,66ad00aff4ecee91316a5b276a8717a2700a13ffd30c3e6d8f289c4df9312d34,281,1,es,letras.com,,2026-03-09 15:55:47.813866+00,2025
1409,1502,es sobrenatural con tan solo mirarme puede reventar y tirarme por los aires no lo veo mal cuando entienda este desastre vuelvo a mirarla vuelvo a buscarla es una criminal que apunala en silencio mata su mitad y otra cuando miento si vuelve a pasar mira a ver si me despierto vuelvo a mirarla vuelvo a buscarla y seguire cantando versos a luna que me recuerde el vaiven de tu cintura un hombre lobo que lo perdido todo me faltas tu y me desangro poco a poco un deja vu que me tiene un poco roto siempre lo mismo que ya me sabe a poco un hombre lobo que lo perdido todo me faltas tu y me desangro poco a poco es una conexion con tan solo tocarme sabe como hacerlo morirme al instante y no soy capaz de aguantar este desastre vuelvo a mirarla vuelvo a buscarla una interpretacion de leer su cuerpo en braille una alucinacion de que pueda reventarme si vuelve a pasar mira a ver si me despierto vuelvo a mirarla vuelvo a buscarla y seguire cantando versos a luna que me recuerde el vaiven de tu cintura un hombre lobo que lo perdido todo me faltas tu y me desangro poco a poco un deja vu que me tiene un poco roto siempre lo mismo que ya me sabe a poco un hombre lobo que lo perdido todo me faltas tu y me desangro poco a poco me faltas tu me faltas tu y seguire cantando versos a luna que me recuerde el vaiven de tu cintura un hombre lobo que lo perdido todo me faltas tu y me desangro poco a poco un deja vu que me tiene un poco roto siempre lo mismo que ya me sabe a poco un hombre lobo que lo perdido todo me faltas tu y me desangro poco a poco,8bc77b35d2aa98f7d9ea26535ea23cc707de794f84337cf80e4c235ac8c8d953,312,1,es,letras.com,,2026-03-09 15:56:25.047206+00,2025
1425,1518,donde nos llevo imaginacion donde con los ojos cerrados se divisan infinitos campos donde se creo primera luz junto a semilla del cielo azul volvere a ese lugar donde naci de sol espiga y deseo son sus manos en mi pelo de nieve huracan y abismos el sitio de mi recreo viento que en su murmullo parece hablar mueve el mundo y con gracia le ves bailar y con el el escenario de mi hogar mar bandeja de plata mar infernal es un temperamento natural poco o nada cuesta ser uno mas de sol espiga y deseo son sus manos en mi pelo de nieve huracan y abismos el sitio de mi recreo silencio brisa y cordura dan aliento a mi locura nieve deseo ahi donde me recreo,4dffd7f02f5c0931d6cd2d5c83c5f74dfbba5c884fbdb993dd4f4bc6fb90eb4a,128,1,es,letras.com,,2026-03-09 15:57:46.85613+00,2025
1429,1522,no tenia fe y fuiste agua bendita tienes un no se que ya no se le quita dicen que me enfrian los ojos que tengo mas bonito el aura lo que siento solo una palabra enamorada me tienes asi no solo el corazon me lo pone a latir bailando samba en cima de ti a mi no mucha gente que pone a sentir pero tu solo tu si me preguntan quien solo tu tienes culpa de que este enamorada solo tu tienes culpa de que este enamorada no queria contar a nadie pero tu me desparta o un interes era una noche y llevamos cuatro weekends toy guardando to lo viaje que planeo hacer contigo en el pinterest si me vieras si me vieras no era que te conociera si te digo verdad no sabia lo que era estar enamorada me tienes asi no solo el corazon me lo pone a latir bailando samba en cima de ti a mi no mucha gente que pone a sentir pero tu solo tu si me preguntan quien solo tu tienes culpa de que este enamorada enamorada me tienes asi no solo el corazon me lo pone a latir bailando samba en cima de ti a mi no mucha gente que pone a sentir,ef4ac4a101fb2981d9ae67b99de954d52dc4e038e6a826538dda4346a847bc75,211,1,es,letras.com,,2026-03-09 15:58:02.785567+00,2026
1439,1532,palabras que te pegan como un huracan miradas que no sabes bien a donde van dime que pasaria si no hubiera nadie? siguiendo mi camino se a donde voy sintiendome insegura y aunque no lo soy no ver tus intenciones me hace vulnerable son miles de historias que estan enterradas en algun cajon son tantos gritos que no escucha nadie tantas preguntas tan inevitables como logramos que cuando haya un beso solo sea uno de esos que no te hacen dano? que de un abrazo todo el mundo salga ileso que no este mal quedarnos solas entre extranos como hacemos que cualquier mirada siempre este librada de interpretaciones? que ni una mas deba permanecer callada que ni una mas sufra por dobles intenciones ni una mas ni una mas ya no quiero pretender que es normal sentirse asi ya no volvere ignorar el silencio tras de mi si callarnos no va a cambiar las cosas sabes que esa es realidad son tantos gritos que no escucha nadie tantas preguntas tan inevitables como logramos que cuando haya un beso solo sea uno de esos que no te hacen dano? que de un abrazo todo el mundo salga ileso que no este mal quedarnos solas entre extranos como hacemos que cualquier mirada siempre este librada de interpretaciones? que ni una mas deba permanecer callada que ni una mas sufra por dobles intenciones ni una mas ni una mas ni una mas ni una mas ni una mas ni una mas ni una mas ni una mas ni una mas ni una mas palabras que te pegan como un huracan miradas que no sabes bien a donde van dime que pasaria si no hubiera nadie?,22f1b429b3047f03c10cb5c079fb5218acd38b38764faab4d81d68d1f5c8bf5a,282,1,es,letras.com,,2026-03-09 15:59:09.109109+00,2024
1441,1534,tu y tu compadre de corazon inseparables pero algo paso habia un quilo sin corte en tu cajon y de pura envidia alguien te lo robo tu mejor amigo el que tocaba guitarra que sera lo que paso que de golpe guitarra ya no sonaba y ni sonaba el telefono? no seria tan amigo cuando aflojo las cuerdas de guitarra de primera al bordon y ahi dentro metio el quilo e igual que el quilo el tambien desaparecio pero to ito te lo perdono to ito te lo perdono to ito te lo perdono to ito te lo perdono cuando dijiste voy a bajar por tabaco mirando a los ojos a tu hijo menor le prometiste que en tu estarias de vuelta y nunca volviste a cruzar el umbral de puerta por que te fuiste pero se que tu eres mi se que tu eres mi se que tu eres mi se que vendras a mi dice calle que tu eres mi dice quien sabe que tu eres mi se dice en plaza que tu eres mi dile a tu mare que tu eres mi to ito te lo perdono to ito te lo perdono to ito te lo perdono to ito te lo perdono al que no tiene sangre meti a en las venas primero viene el veneno y luego pena que piensa que puede escaparse del plan divino y el que le esta gritando del quinto al cuarto a su vecino que siempre esta dando muela y en habladurias el que nunca dice lo que piensa aunque deberia el que me dejo a mi antes que dejar su botella que se muerde los punos de rabia y rabia muerde a ella cuando el poder pesa mas que el amor cuando el miedo esta en ti y el deseo a tu alrededor el que mato a punala y el pulso ni le temblo clavo el cuchillo tan hondo que lo perdio el que tiene alma de santo pero sigue pecando cuando menti o por mentir o menti o por tu verdad cuando has queri o mas de lo que dios te queri o dar anudar y desanudar desnudarse y desnudar para hacerlo como se debe tres cosas necesitaras en las manos ternura en los ojos y a mi presente en el lugar tecnicamente seria un trio pero si solo miro no contara,b6e2a5017b2dcf8debf74c35041e3a45d15d6420789f809cdb7e8c42c8e1cbd1,393,1,es,letras.com,,2026-03-09 15:59:19.675937+00,2025
1446,1539,quema el manual para lo mismo quema el manual para lo mismo lo mismo lo mismo y este manual para los tuyo y este manual para los tuyo los tuyos los tuyo los tuyos los tuyo ya me libere te libere ya me libere te libere me libere te libere me libere te libere me libere te libere me libere te libere me libere y te libere me libere y te libere jiqiren nuyou shi ni dangjin xiang yao you de duibuqi wo de airen a dan wo shi zhenshi cunzai de jiqiren nuyou shi ni dangjin xiang yao you de duibuqi wo de airen a dan wo shi zhenshi cunzai de soy roro llevo tutu soy roro llevo tutu muy rococo y tengo actitud muy rococo y tengo actitud soy diva soy delulu soy diva soy delulu hasta por lo que el mataria y el dice que hasta por lo que el mataria y el dice que un trofeo que quiero por el que compito y ando sonando un trofeo que quiero por el que compito y ando sonando lo ilustraria cada dia que to el mundo me vea brillar lo ilustraria cada dia que to el mundo me vea brillar un llavero que quiero colgarlo un llavero que quiero colgarlo con el abriria todas las puertas que pueda encontrar con el abriria todas las puertas que pueda encontrar y mi florero favorito no es el de agata no y mi florero favorito no es el de agata no es gata que tenga al lado es gata que tenga al lado se quedo sin digo del gin que cabe en su corazon se quedo sin digo del gin que cabe en su corazon el lo que quiere es el poder el lo que quiere es el poder no entiende que nosotras nacimos con el no entiende que nosotras nacimos con el pero sera verdad pero sera verdad que un dia lo entendera que un dia lo entendera guapa para dios guapa para dios me pongo guapa para dios me pongo guapa para dios nunca ti ni para nadie nunca ti ni para nadie solo guapa mi dios solo guapa mi dios guapa para dios guapa para dios me pongo guapa para dios me pongo guapa para dios nunca ti ni para nadie nunca ti ni para nadie solo guapa mi dios solo guapa mi dios noldati leimaochuo wo ani bohuire leimaochuo yin laji miying yaoling leima women kouleima bu miling,a4ce8d69a6e9adaa51f6665188fb444792c96a37a8567fd74ddaef0d49b58579,411,1,es,letras.com,,2026-03-09 15:59:48.873153+00,2025
1454,1547,a veces ser valiente es correr menos que los demas soltar el aire cuando saltas al mar hundirnos juntos y subir a respirar miro galeria y en verdad pienso no lo pasamos tan mal cerrando bares y firmando por lugares por los que no volvimos a pasar y tu y tu y tu buscando luciernagas que jueguen con las mariposas de tu estomago y una polilla que va siempre a tu relampago te daria razones para quedarte cada dia que compartamos una misma energia y que recuerdes por noche mi voz y haria canciones que no te sientas vacia aunque este lejos tu casa de mia se que recuerdas por las noches mi voz a veces ser sinceros es no regalar te quieros y quedarnos con las dudas de quien lo dira primero no somos tan distintos todos tiemblan cuando se enamoran y he querido hacerme el fuerte y hasta el hombre mas valiente llora tambien llora una vida es suficiente si podemos compartirla toda toda y tu y tu y tu buscando luciernagas que jueguen con las mariposas de tu estomago y una polilla que va siempre a tu relampago te daria razones para quedarte cada dia que compartamos una misma energia y que recuerdes por las noches mi voz y haria canciones que no te sientas vacia aunque este lejos tu casa de mia se que recuerdas por noche mi voz a veces ser valiente es correr menos que los demas soltar el aire cuando saltas al mar hundirnos juntos y subir a respirar,71640625db1786c699fc518ebad17b1d172c8791d338c0136b2aabe174f94bf8,256,1,es,letras.com,,2026-03-09 16:00:21.919751+00,2025
1468,1561,pregunto quieres hacer el amor conmigo? me contesta que quiere escucharlo bajito al oido morena me pones enfermo con esas fotitos te escribo privados y siempre los dejas en visto que puedo hacer para que un santo dia me hagas caso y me dejes que pase a buscarte y juntar los ombligos? me vuelves puto loco tu cara de angelito te pareces a rosalia y al cantante de cupido me vuelves puto loco me contestas cada siglo que sepas que voy a escribirme con las de carino ya no se va a los bares a ligar ahora se hace por instagram si has recibido like en foto antigua te toca darle igual y ahora te mando un md y seguidito sonare que me contestas que te mueres de ganas de hacerlo conmigo y que llegue un melocoton y dos corazoncitos me vuelves puto loco tu cara de angelito te pareces a rosalia y al cantante de cupido me vuelves puto loco me contestas cada siglo que sepas que voy a escribirme con las de carino que puedo hacer para que un santo dia me hagas caso y me dejes que pase a buscarte y que seas mi novia y saltar al vacio? me vuelves puto loco tu cara de angelito te pareces a rosalia y al cantante de cupido me vuelves puto loco me contestas cada siglo que sepas que voy a escribirme con las de carino me vuelves puto loco me vuelves puto loco me vuelves puto loco,0f4d97df20078d8104086452b44aff3b6d9f5c000f36ed3e3bbfdcd17f1e4ca7,249,1,es,letras.com,,2026-03-09 16:01:56.950568+00,2024
1471,1564,hoy es el ultimo dia de nuestra vida hoy es el ultimo dia de nuestras vidas vamos a dormir en paris que saquen dom perignon faire l amour en hotel costes quiero recorrer nueva york emborracharme en berlin que no se acabe esta noche quiero que te vuelvas loca y que te toques mientras conduzco un 911 de camino por costa oeste y parar en una playa en pebbles beach vamonos a dar vuelta al mundo vamos a olvidarnos de todo madrid vamos a inventarnos que hoy sea el ultimo el ultimo dia de nuestra vida aqui vamonos a dar vuelta al mundo quiero que te olvides solo piensa en ti vamos a reirnos del futuro que esto sea lo que quede por vivir quiero poder engordar que tu lo hagas tambien que las siluetas no importen quiero una vida normal que no queramos pasar si no te sale te jodes quiero que te vuelvas loca y que te toques mientras conduzco un 911 de camino por costa oeste y parar en una playa en pebbles beach vamonos a dar vuelta al mundo vamos a olvidarnos de todo madrid vamos a inventarnos que hoy sea el ultimo el ultimo dia de nuestra vida aqui vamonos a dar vuelta al mundo quiero que te olvides solo piensa en ti vamos a reirnos del futuro que esto sea lo que quede por vivir hoy es el ultimo dia de nuestra vida hoy es el ultimo dia de nuestras vidas hoy es el ultimo dia de nuestra vida hoy es el ultimo dia de nuestras vidas porque hoy es el ultimo dia de nuestras vidas porque hoy es el ultimo dia de nuestras vidas de nuestras vidas de nuestras vidas porque hoy es el ultimo dia de nuestras vidas,c66efe47a1abba9639b22e69c0aab5bdec035fd030af8ceba397e3b7acdc0b21,296,1,es,letras.com,,2026-03-09 16:02:09.699981+00,2024
1472,1565,no eramos perfectos fuimos inertes y no supimos como reaccionar solo se que tuve ganas de verte y luego no recuerdo nada mas dejame contarte que ya nada es como antes pero tampoco esta tan mal y no supimos contar las historias ni los cuentos que calmaran los defectos y no pude controlar y ahora sufro los efectos de estar solo y es invierno necesidad de estar despiertos de no malgastar ningun momento de tirarnos por el suelo v rnos con el pecho abierto d spedirnos sin quererlo y si lo hacemos? y si lo hacemos? y si lo hacemos? y si lo hacemos? estabilidad no fue mi fuerte y no quisiste sobras para cenar me hiciste el amor por accidente y luego no recuerdo nada mas dejame olvidarte o ponte de mi parte al menos que no se esta tan mal y no supimos contar las historias y los cuentos que amainaran los defectos necesidad de estar despiertos de no malgastar ningun momento de tirarnos por el suelo vernos con el pecho abierto despedirnos sin quererlo y si lo hacemos? y si lo hacemos? y no supimos contar las historias ni los cuentos que amainaran los defectos y no pude controlar y ahora sufro los efectos de estar solo y es invierno necesidad de estar despiertos de no malgastar ningun momento de tirarnos por el suelo vernos con el pecho abierto despedirnos sin quererlo y si lo hacemos? y si lo hacemos? y si lo hacemos? y si lo hacemos? y si lo hacemos?,72fdf64a15417e21a7f542603e4f56b42e07b12e9001d4e917069aae7f0e7bf9,255,1,es,letras.com,,2026-03-09 16:02:16.468499+00,2024
1477,1570,nunca llegue a imaginar que en solo un segundo todo podria cambiar pero llegaste sin mas y tengo preguntas sobre que podria pasar si piensas igual? si somos amigos o existe algo mas? me han dicho que si que me quieres cuidar que no estare sola quiero volver a perderme contigo otra vez y sentir que el resto no nos ven y quiero creer que sin ti tambien puedo pero te echo de menos sin saber por que y si nos vemos luego podriamos quedar tu eres mi cocinero que se te genial me acaricias el pelo esa es mi debilidad se que no nadie nadie que lo pueda frenar nos pueda frenar quiero volver a perderme contigo otra vez y sentir que el resto no nos ven y quiero creer que sin ti tambien puedo pero te echo de menos sin saber por que perderme contigo otra vez y sentir que el resto no nos ven y quiero creer que sin ti tambien puedo pero te echo de menos y ahora se por que,b07cd1e9df6be9eac96efc1ffa9d443acc5bed39720be840fa0f153ec9a57cd3,175,1,es,letras.com,,2026-03-09 16:02:57.437285+00,2024
1483,1576,al alcanzar el sol aunque me queme aunque me queme cierro los ojos quien va a creer en mi si no creo en mi? ya lo perdi todo quien va a competirle a un monstruo como ? seco mis lagrimas vuelvo a intentar me despierto para sonar me saca el sueno ir del suelo al cielo asi es como me vuelvo inmortal son las ganas las que arden no importa que duela todo lo que recorri esta en mis venas seguiran quemando hasta el dia en que me muera si es por el dolor naci inmortal cada meta cada sueno gets me high leading me closer to heaven nacimos para correr sentir volar fuerte y aunque hoy no pueda aguantar me vuelvo a levantar me cuesta al respirar de mas si insisto una vez mas no se rendirme sin hacer historia highway to he e e ell arde el infierno hasta el cielo tocar he e e ell me hice mas fuerte de tanto pelear he e e ell no doy vuelta atras conmigo no podran he e e ell sola secando mis lagrimas ya no me pueden quebrar no estoy hecha de cristal soy presa de un sueno que no puedo callar soy mi propio limite y decidi romperlo no pueden creerlo puse mi meta en el cielo i don t want my freedom hasta el ultimo suspiro en mi historia pruebas de mi voluntad y aunque hoy no pueda aguantar me vuelvo a levantar me cuesta al respirar de mas si insisto una vez mas no se rendirme sin hacer historia highway to he e e ell arde el infierno hasta el cielo tocar he e e ell me hice mas fuerte de tanto pelear he e e ell no doy vuelta atras conmigo no podran he e e ell sola secando mis lagrimas soy solo mis suenos que vivo de dia y mis ganas promesas que me hice de chica fuerza interior que me mueve es distinta no voy a rendirme porque las voces en mi cabeza que intentan frenarme se quedan en silencio no logran quebrarme quieren que me baje que no gane que me calle que no suene que me aplasten que me largue sin coraje y conformarme con morir siendo nadie quieren que me rinda que no encaje que rompa mi alma en mil partes aunque este por desangrarme me duele mas estancarme ya no vuelvo a conformarme mi unico duelo es solo interno si el camino al cielo se siente un infierno i ll take the highway to hell highway to he e e ell arde el infierno hasta el cielo tocar he e e ell me hice mas fuerte de tanto pelear he e e ell no doy vuelta atras conmigo no podran he e e ell sola secando mis lagrimas al alcanzar el sol aunque me queme al alcanzar el sol aunque me queme,d4cff2014858ac535bb5d3dec8455c2fd8fc235db33258d1f07df6560dd56f82,483,1,es,letras.com,,2026-03-09 16:03:29.481022+00,2025
1489,1582,reina remix dice piensa bien proxima jugada que tu vas a hacer no sos el unico que me quiere tener piensa bien porque a mi no me gusta perder que tu no puedes ser rey si no tiene a reina esta noche por ley soy quien te despeina cuando nos comemo tu y tu y nadie te lo hace como lo hace rei como lo hace rei si te veo con ella se que rapido te late pero no competencia le di su jaque mate tu tiene un alfil pero sin feel y a tu jeva que darle kill bill pero aqui natural chill culo boobies y labios sin fill hoy reina se come a su rey me traje a do amiga hacer un three way vamo de party en party rompiendo ley paseando realeza por miami bay que tu no puedes ser rey si no tiene a reina esta noche por ley soy quien te despeina cuando nos comemo tu y tu y nadie te lo hace como lo hace rei como lo hace rei labio rojo piel canela cintura nunca frena esta cadera te envenenan lola donde estan esos latinos que lo mueven hasta el piso? desde europa usted se vino ese flow mi dios bendito somo reina donde quiera en glow up quien pudiera? from the street to pasarela paparazzi nunca frena somo reina donde quiera en glow up quien pudiera? from the street to pasarela que tu no puedes ser rey si no tiene a reina esta noche por ley soy quien te despeina cuando nos comemo tu y tu y nadie te lo hace como lo hace rei no que escandalo que villana fue vista con otro vandalo? type it out bitch then mandalo ese loco si lo estoy viendo mirando no que escandalo ciertamente ya no estoy considerandolo dripping up ho estoy desbaratandola de pendejo te vieron con otra zangana le pongo lo cacho donde estan lo macho ? bota caliente es pitorro de pistacho me le vengo to ma abajo del mostacho cuando me los como de mi lista los tacho que soy reina tu un cucaracho seguiras llorando llamandome borracho bendito muchacho machito camacho jode una vez y rapidito te despacho muah que tu no puedes ser rey si no tiene a reina esta noche por ley soy quien te despeina cuando nos comemo tu y como lo hace rei como lo hace rei como lo hace reina,f1e9b9459760ae61950ad1a5d87fff7534e56b4fe13f3f6e4f735c6788dbfe63,406,1,es,letras.com,,2026-03-09 16:03:57.122886+00,2025
1493,1586,decia que tenia un sol justo en mitad del pecho que me podia calentar si me asomaba a verlo hacia bromas kamikazes por vencer el miedo por esta vamos al infierno pero primero me dijo al oido guarda un secreto conmigo hoy hazlo como si no importara como si irremediable ensename a bailar pena como si no mirara nadie hazlo aunque nadie va a aprender de tus peores errores alguien tiene que ofenderse por el caso y atencion hazlo porque si el infierno aguarda y espera puede concedernos una ultima cancion hazlo otra vez como si no importara como si irremediable ensename a bailar pena como si no mirara nadie sin prisa sin remordimiento si tiene que pasar que pase como si un secreto que nunca le cuentas a nadie me dijo al oido guarda un secreto conmigo me dijo al oido guarda un secreto conmigo hoy hazlo como si no importara como si irremediable ensename a bailar pena como si no mirara nadie sin prisa sin remordimiento si tiene que pasar que pase como si un secreto que nunca le cuentas a nadie puedo ser ese secreto que nunca le cuentas a nadie,7cc07b55506a2b9c5f04caaeee77cb49a67c869998cc26d8f730c14fa959b89e,194,1,es,letras.com,,2026-03-09 16:04:18.643271+00,2025
1497,1590,besarte antes de irme he de besarte mas de cuatrocientas veces para cuando vuelva a verte tenga besos de mas tus brazos que creeran poder tocarme como tu boca y tu sangre seran del aire despues de ser tan mias cada tarde somos torpes sin querer mi intimidad como ves intimidad como puede ser que te haya recorrido desde el cuello hasta el ombligo y ahora dos besos sin mas y tienes que esconder que has coincidido en algun lugar conmigo que manera de perder llorarte por si el mundo se acabara cuantas veces nos dijimos que esto es puro y para siempre no ando despeinada es que tengo cabeza loca de no comprenderte mi intimidad como ves intimidad como puede ser que te haya recorrido desde el cuello hasta el ombligo y ahora dos besos sin mas y tienes que esconder que has coincidido en algun lugar conmigo que manera de perder y aunque nuestra historia se dinamitado te sigo por los tejados para ver quien vive en ti mi intimidad como ves intimidad como puede ser que te haya recorrido desde el cuello hasta tu ombligo y ahora dos besos sin mas y tienes que esconder que has coincidido en algun lugar conmigo que manera de perder,3df415b00cd2f09bd22bbfdf0e133c0d076f15368d12789bce755492cac80666,209,1,es,letras.com,,2026-03-09 16:04:37.829264+00,2025
1500,1593,creo que es una cancion importante para el disco sabes? hablar de esto o sea si estoy hablando de una cosa inti intima como no he hablado de esto? sabes? bueno voy despues de tanto tiempo en rueda entendi que quiza todo este mundo no era para mi han pasado siete anos y aunque pensaba que si no lo consegui entender quiero volver donde creci y ahora estoy completamente vulnerable un poco triste pero de no soy culpable y que me creia que no iba a llegar llego de golpe y todo lo arraso noches de insomnio y inseguridad quiero volver donde creci por favor no quiero viajes entre las estrellas nunca me considere una de ellas me cuesta tanto desaparecer mejor me voy para poder volver para volver con lo que siento que he perdido mi alma ya no viste de azul cristalino quiero volver a ser el quinto elemento es mucho lo que siento y todo lo llevo conmigo no me olvido de donde he empezado mi abuelo desde el cielo me guiado y tengo tanto que puedo perder pero ahora quiero desaparecer y aqui estoy completamente vulnerable un poco triste pero de no soy culpable y que me creia que no iba a llegar llego de golpe y todo lo arraso noches de insomnio y inseguridad quiero volver donde creci por favor no quiero viajes entre las estrellas nunca me considere una de ellas me cuesta tanto desaparecer mejor me voy para poder volver mejor me voy para poder volver mejor me voy para poder volver,6aaff65dedd1bb93ccd7e056f6ab28e62457d229169a343efe9839672400d9bb,259,1,es,letras.com,,2026-03-09 16:04:44.973462+00,2025
1502,1595,quizas bastaba respirar solo respirar muy lento recuperar cada latido en mi y no tiene sentido ahora que no estas ahora donde estas? porque no puedo acostumbrarme aun diciembre ya llego no estas aqui te esperare hasta el fin en cambio no hoy no tiempo de explicarte ni preguntar si te ame lo suficiente estoy aqui y quiero hablarte ahora ahora por que se rompen en mis dientes las cosas importantes? esas palabras que nunca escucharas las sientes ya? pesan y se posaran entre nosotros dos si me faltas tu no las puedo repetir no las puedo pronunciar en cambio no no tiempo de explicarte tambien tenia mil cosas que contarte y frente a mi mil cosas que me arrastran junto a ti que me arrastran junto a ti que me arrastran junto a ti que me arrastran junto a ti,eac6aed693affc2293621555eb5ee241a6201545455f165bf1ae487dafc48fed,141,1,es,letras.com,,2026-03-09 16:05:01.123985+00,2025
1503,1596,que suerte mia que puedo verte al despertarme cada dia y cuando viajo si me por extranarte tengo en mi cartera tu fotografia no se que tienen tus ojos tus labios tu piel que nunca se acaba esta luna de miel somos copa y el vino tu y vamos juntos desde que nos vimos subimos bajamos lloramos reimos y es que contigo mi amor todo me sabe mejor somos como una fogata quemamos noche bailando bachata gente no entiende que rayos me pasa y es que contigo mi amor todo me sabe mejor solo quiero tu sabor desde esa noche que nos probamos nos dimos gusto y mas nunca nos despegamos despues de tanto tiempo mira donde estamos seguimos juntos y asi nos quedamos porque llegaste para quedarte y ahora sin ti no voy a ninguna parte que ponga musica que hoy quiero bailarte dile al dj que toque humanos a marte que tienen tus ojos tus labios tu piel? que nunca se acaba esta luna de miel somos copa y el vino tu y vamos juntos desde que nos vimos subimos bajamos lloramos reimos y es que contigo mi amor todo me sabe mejor somos como una fogata quemamos noche bailando bachata gente no entiende que rayos me pasa y es que contigo mi amor todo me sabe mejor solo quiero tu sabor,4cab6f437607efd2f1b101a2da87e004e541de9727778035cd5decad1df082e8,224,1,es,letras.com,,2026-03-09 16:05:03.494751+00,2023
1507,1600,las tengo a ellas los tengo a ellos estan conmigo expectativas incertidumbre pero aqui sigo y llevo todo esto por dentro bajar barreras mientras tenga tiempo reconocerme en el reflejo voy a dejarme piel en el intento ya no quiero disimular miles de personas van a verme brillar se que si fallo hoy me vuelvo a levantar y aunque no se sienta real pasaran los anos mirare para atras y orgullosa podre recordar todo lo que vivi en ese lugar cada palabra cada gesto mirada es un momento que llevo clavaito adentro he cambiado no te miento siempre al borde de tiempo seguir solo es tan complejo pero se que estan conmigo y no hace falta buscar motivos porque desde el primer dia es por todos que sigo llevo todo esto por dentro bajar barreras mientras tenga tiempo reconocerme en el reflejo voy a dejarme piel en el intento ya no quiero disimular miles de personas van a verme brillar se que si fallo hoy me vuelvo a levantar y aunque no se sienta real pasaran los anos mirare para atras y orgullosa podre recordar todo lo que vivi en ese lugar y hoy nada me frena mi pulso se acelera tengo el cuerpo loco no apagues el foco se oyen gritos de emocion bienvenidos luces camara y accion tengo todo preparado mi momento ya llegado se muy bien lo que quiero hacer de un final nace un inicio nada es como al principio y a tu lado tengo claro que ya no quiero disimular miles de personas van a verme brillar se que si fallo hoy me vuelvo a levantar y aunque no se sienta real pasaran los anos mirare para atras y orgullosa podre recordar todo lo que vivi en ese lugar y hoy nada me frena mi pulso se acelera tengo el cuerpo loco no apagues el foco se que si fallo hoy me vuelvo a levantar y aunque no se sienta real pasaran los anos mirare para atras y orgullosa podre recordar todo lo que vivi en ese lugar todo lo que vivi en ese lugar todo lo que vivi en ese lugar,4c7b9129fba046bd914e001592a9c264a44c0d8dfc1b5e1cf889183cff492f39,357,1,es,letras.com,,2026-03-09 16:05:18.695102+00,2025
1508,1601,no nada mejor que desearte tu eres como el sol caliente y soy marte nunca es suficiente nunca se corresponderte pero no nada mas bello que intentarlo mil veces y quien me iba a decir a mi que todo esto existiria dejame ser tu refugio dejame que te ayudo aguantemonos vida te recuerdo si lo olvidas que hemos crecido peleando y sin quererlo nos gustamos cuantas cosas han pasado que ya no miedo de decir te amo te amo i penses qui t havia de dir que tot aixo ens passaria deixa m ser el teu refugi deixa m fer que jo t ajudi aguantem nos fort vida que et recordo si t oblides que hem crescut junts sempre lluitant ho sense voler vam agradar nos i despres de tot m adono que no tinc por de dir t adoro t adoro que no tinc por de dir t adoro,dc2a221549c97538ffe44fad1ab8f2ff7eb59362285f357bd540814cc99900a0,150,1,es,letras.com,,2026-03-09 16:05:27.440102+00,2025
1517,1610,pasa el tiempo mi corazon normalmente diria que es momento de otra ilusion otra fantasia y no entiendo que le paso que esta vez no me lo esta pidiendo cuando te tengo cerquita mia lo firmaria tenerte siempre toda vida cerquita mia todos los dias se que esto es para siempre porque contigo todo es tan facil me haces fuerte cuando estoy fragil vivo en tanta locura tu me curas de esta amargura y es que contigo todo es tan facil contigo todo contigo todo contigo todo ahora entiendo las senales que nunca veia lo que me decian es que contigo se cumplirian mis ilusiones mis fantasias cuando te tengo cerquita mia lo firmaria tenerte siempre toda vida cerquita mia todos los dias se que esto es para siempre porque contigo todo es tan facil me haces fuerte cuando estoy fragil vivo en tanta locura tu me curas de esta amargura y es que contigo todo es tan facil contigo todo contigo todo contigo todo pasa el tiempo y mi corazon tiene lo que pedia estar viviendo en esta ilusion que tanto se merecia contigo todo es tan facil me haces fuerte cuando estoy fragil vivo en tanta locura tu me curas de esta amargura y es que contigo todo es tan facil contigo todo contigo todo contigo todo,ab09ba132c076951a01534046d9a346f36d61932abfb4483cb75f9e5d5499af4,219,1,es,letras.com,,2026-03-09 16:06:14.934517+00,2026
1520,1613,cuando sera que el sol se asome en mi ventana y borre todas estas sombras en mi almohada? cuando sera que me despierte sin el miedo de no ser todo lo que todos esperaban? sera suficiente entonces ser solo y nada mas se que un dia de estos me atrevere a bailar en medio de gente no importa el que diran el sol saldra y ahi me encontrare de nuevo nina de antes sin miedo a jugar cuando sera que cuando mire en el espejo vea mi fuerza y no mis inseguridades? cuando sera que vuelva actuar por mis pasiones? cuando sera que no me importen los errores? sera suficiente entonces hacer lo que quiero y ya se que un dia de estos me atrevere a bailar en medio de gente no importa el que diran el sol saldra y ahi me encontrare de nuevo nina de antes sin miedo a jugar,35e4323feb538cb9c8501670af54e3cfc50f734ea406a3e7fd3a9f4ba0b7c462,152,1,es,letras.com,,2026-03-09 16:06:23.406478+00,2025
1526,1619,pasan las estaciones los meses las modas gente los planes y a veces haciendo angeles en nieve o tumbado en el cesped debajo del sol y una cancion en emisora me hizo pensar en una verdad demoledora porque en ocasiones sentirse un poco mal esta bien tambien tiene que llover porque tutto passa nadie muere nadie muere de amor tienes problemas en casa y lagrimas tras esas gafas de sol pero tutto passa siempre vuelve siempre vuelve el amor porque a mi tambien me pasa sube y baja como en un ascensor el mundo es un lugar extrano en este mismo instante miles besandose mientras otros millones se van a guerra unos estan durmiendo y otros despertando y tal vez alguien sobrevolando en globo el serengueti unos de fiesta pero otros barriendo confeti gente riendo y llorando todos perdidos pero en el mismo bando y mas de un plan improvisado lo hicimos inmortal que si no tiene solucion no te tiene que importar porque tutto passa nadie muere nadie muere de amor tienes problemas en casa y lagrimas tras esas gafas de sol pero tutto passa siempre vuelve siempre vuelve el amor porque a mi tambien me pasa sube y baja como en un ascensor porque tutto passa tutto passa tutto passa porque tutto passa porque tutto passa nadie muere nadie muere de amor tienes problemas en casa y lagrimas tras esas gafas de sol pero tutto passa siempre vuelve siempre vuelve el amor porque a mi tambien me pasa sube y baja como en un ascensor,faa307169bab0643dde73de77b01d8f0dac922790b209c3a3b015e33a3d1c9ed,257,1,es,letras.com,,2026-03-09 16:06:44.819704+00,2025
1531,1624,un misil en el cuello que espera ser detonado una nina a mi lado que me convence me atrapa y me vence una actriz preparada que a ratos se desmorona una ilusion que comienza sabiendo que tiene contadas las horas voy queriendote mas lento a mas lento me vas dando descosiendome por dentro las excusas que te he dado las excusas que te he dado si quisieras esperarme en otra vida estaria dispuesta a llegar sin hora venimos de atras te reconoci tranquila tenemos universo de sobra en algun lugar seguro volveremos a ser libres como son esos amantes que alardean del amor inventando el amor sin importarnos lo que diga nadie somos dos boxeadores que en cada asalto se calman hazme el amor que ausencia vendra a consecuencia porque te desarma si quisiera esperarme en otra vida estaria dispuesta a llegar sin hora venimos de atras te reconoci tranquila tenemos universo de sobra en algun lugar seguro volveremos a ser libres como son esos amantes que alardean del amor inventando el amor sin importarnos lo que diga nadie estaria dispuesta a llegar sin horavenimos de atras te reconoci tranquila tenemos universo de sobra,555a274c6d30f7ec6c4005d019d99034a5a10508e1fcb7c4eb0c2155567054cd,194,1,es,letras.com,,2026-03-09 16:07:01.841693+00,2025
1536,1629,suerte te beso hace ya mucho tiempo pero pides por favor que te eche de menos aunque tu estas muerto en realidad todo es falso y muy pronto hasta el fondo caeras vives del subidon y de emocion aunque poco rascaras y apuestas todo el as pero perderas no lo puedes evitar vas con todo aunque sabes que se acerca tu final o suerte cambiara vives del subidon y de emocion aunque nunca ganaras vas a apostar por mi por tenerme aqui y a mi lado siempre estar y tu crees que lo que buscas al final lo encontraras y suerte cambia,01411ce84f3efb88083ffbf8478bf8540e5f7d3cb13c4fe969167e32d5fc1d35,102,1,es,letras.com,,2026-03-09 16:07:22.058382+00,2025
1537,1630,me he clavado los rayos de tormenta de ayer quise sentir algo sin querer y al final he pasado de largo he sentido el rocio en mi piel ya noto como empieza a arder sube el pulso a medida que avanzo ahora nos toca perder ahora miro hacia arriba beso al cielo y empiezo a correr porque si a mi me hubieran dicho que esto iba a ser mas de lo mismo me hubiera despedido a mi manera todo aquello que nunca pudo haber sido hoy dejo las armas me doy por vencido llevo el arrepentimiento por bandera guitarra en mano abro el coche y enciendo el motor no paro de pensar que me merezco algo mejor acostumbrada a vivir en el barro el asfalto caliente y sed paro el coche en medio del arcen y continuo el camino descalzo ahora nos toca perder ahora miro hacia arriba beso al cielo y empiezo a correr porque si a mi me hubieran dicho que esto iba a ser mas de lo mismo me hubiera despedido a mi manera todo aquello que nunca pudo haber sido hoy dejo las armas me doy por vencido llevo el arrepentimiento por bandera porque si a mi me hubieran dicho que esto iba a ser mas de lo mismo me hubiera despedido a mi manera todo aquello que nunca pudo haber sido hoy dejo las armas me doy por vencido llevo el arrepentimiento por bandera por bandera me hubiera despedido a mi manera,db914a7e57c0b04631e003e109fdea05c644d88746b23bcfe7d8439a74cadece,247,1,es,letras.com,,2026-03-09 16:07:24.482414+00,2024
1543,1636,en cada viernes y en navidad en cada fiesta en cada ciudad en cada foto y en cada no puedo mas cuando me aburro y quiero llorar cuando nadie me entiende y quiero gritar cuando salimos y no nos dejan pasar ahi esta y mientras todos se iban yendo ella no ella se quedo en lo bueno y en lo malo en cada mal de corazon en invierno y en verano y en cada conversacion en todos mis cumpleanos en mi primera cancion en lo bueno y en lo malo en mis 10 y en mis 22 y mientras todos se iban yendo ella se quedo y se quedo cuando todos se fueron y me aguanto cuando le hablaba mal y aunque se que ella tiene mil problemas si tengo uno los deja atras y era hija unica pero ya no porque ya es parte de mi familia y aunque a veces grite que no soporto mis hijos llamaran tia y mientras todos se iban yendo ella no ella se quedo en lo bueno y en lo malo en cada mal de corazon en invierno y en verano y en cada conversacion en todos mis cumpleanos en mi primera cancion en lo bueno y en lo malo en mis 10 y en mis 22 y mientras todos se iban yendo ella se quedo ella se quedo cuando no habia nadie mas y mientras todos se iban yendo ella no ella se quedo,1c205ac2e9cdbcbba92a2ce96fab9aa9c08e97c104c5290b9f0e840dd7365172,242,1,es,letras.com,,2026-03-09 16:07:46.163022+00,2025
1546,1639,tu tan bueno con las palabras pero ahora ya no sabes que decir cuando estoy frente a ti no esto no era lo esperado giro 180 grados que te puedo decir? no sabiamos que esto era algo mas que quimica y escribiendo las canciones conexion psiquica como me encanta cuando me dices gracias por existir y es que si esto esta mal que me lleven presa baby es natural que bajo mesa se convierta en un accidente y si alguien se entera pues buena suerte si esta mal que se jodan si por mi ex me quedo sola esto es mucho mas que un accidente y si el se entera pues buena suerte no se no se no se tu me dices que si sabes y te quiero creer y no se por que me vuelves loca pones mi paciencia a prueba pero me queda poca ahora me gusta cuando nos llamamos y pasar las noches contigo hablando por fa no te vayas quiero un poco mas de tu love tu love tu love hum no sabiamos que esto era algo mas que quimica y escribiendo las canciones conexion psiquica como me encanta cuando me dices que no te quieres ir y es que si esto esta mal que me lleven presa baby es natural que bajo mesa se convierta en un accidente y si alguien se entera pues buena suerte si esta mal que se jodan si por mi ex me quedo sola esto es mucho mas que un accidente y si el se entera pues buena suerte y es que si esto esta mal que me lleven presa baby es natural que bajo mesa se convierta en un accidente y si alguien se entera pues buena suerte si esta mal que se jodan si por mi ex me quedo sola esto es mucho mas que un accidente y si el se entera pues buena suerte,d793e5b547d833f704097b42e668386ecfbcafa632d07e1effa9c2d8953baaa8,317,1,es,letras.com,,2026-03-09 16:07:55.079187+00,2025
1549,1642,confesiones justo al amanecer tu pintabas mi nombre en pared hace dias que no me encuentro bien no recuerdo si lo hice alguna vez probe con todo y no me basta quieres hacer que no me salga me hablabas de un lugar que te encantaba te notaba bajar por mi garganta no se quien eres y no me hace falta no me convence y luego todo cambia me abrias un champan mientras bailabas te escucho susurrar que esto no acaba no se quien eres y no te hace falta no te convence y luego todo cambia con alguna cuestion que resolver columpiabas tu cuerpo de alfiler cuantas noches llevaba sin llover he perdido cuenta de este mes cambie letra y no me encaja no es como lo que tu cantabas me hablabas de un lugar que te encantaba te notaba bajar por mi garganta no se quien eres y no me hace falta no me convence y luego todo cambia me abrias un champan mientras bailabas te escucho susurrar que esto no acaba no se quien eres y no te hace falta no te convence y luego todo cambia no se donde vamos tu subes las manos no lo dire jamas me apuntas desde atras sabes que veces que lo he pensado me hablabas de un lugar que te encantaba te notaba bajar por mi garganta no se quien eres y no me hace falta no me convence y luego todo cambia me abrias un champan mientras bailabas te escucho susurrar que esto no acaba no se quien eres y no te hace falta no te convence y luego todo cambia,5b77bb2d958516b14cffa3a1f75dc5fd25f71bd9cbd450a8aa5ef516f8652a05,271,1,es,letras.com,,2026-03-09 16:08:08.892064+00,2024
1554,1647,si mi corazon de acero hoy se cierra diles que un dia estuve plena de tu amor que aun me falta del que no tiene mi alma que cruel final nunca podre olvidar lo que tuvimos ya no esta tu rosa se marchitado cuento toda las vece que dijiste que me he quedado pegada a tu cicatrice cuento mirada que ante lanzamo y ahora me viste soledad siempre he pensado que te necesito y ahora tu ausencia marca mi camino di lo que quiera pero esto esta escrito dime un te quiero en este suspiro en este suspiro adio recuerdos que aun viven en mi piel dime que no moriran aunque este sea el final cuento toda las vece que dijiste que me he quedado pegada a tu cicatrice cuento mirada que ante lanzamo y ahora me viste soledad siempre he pensado que te necesito y ahora tu ausencia marca mi camino di lo que quieras pero esto esta escrito dime un te quiero en este suspiro en este suspiro si mi corazon de acero hoy se cierra diles que un dia estuve plena de tu amor que aun me falta del que no tiene mi alma,078db846cd92baa196d28d3036503726583249b0b094e7bdef96784e13a8933a,197,1,es,letras.com,,2026-03-09 16:08:37.161479+00,2025
1557,1650,dimelo rei mi amor vida se puso gris pero vos me abrazaste conmigo lloraste me diste un kiss en noches oscuras fuiste mi sutura my beautiful gift nuestras flores se secaron de raiz y ahora son cicatriz me dijo mi amor el destino es tan injusto tocamos el cielo caimos al suelo y nos levantamo junto toda esperanza se volvio desilusion y ahora nostalgia ya es parte del tu y baby don t be afraid aqui esta safe to you you know baby don t be afraid aqui esta safe to you baby don t be afraid aqui esta safe to you you know baby don t be afraid aqui esta safe to you baby you know no importan las circunstancias no baby you know si tu me amas y te amo baby you know everything for you baby you know baby baby por vos cruce cordillera y voy a navegar el rio de plata los que estan hablando que zarpen lata no existe fama ni cuento ni plata nosotros sabemos que de amor se trata visten caro y tienen mente barata es que no entienden que un pibe de barrio es el que de mejor forma a vos te trata te miro y pregunto queres que compartamos vida? nos tiremo sin paracaida hoy quiero abrazarme a tus heridas voy a amarte sin que lo pidas y te juro mi amor que no miento entraste a mi cora como allanamiento y alla adentro estaban las pruebas de lo que siento y decia amor vos sos nena de argentina pero para mi mujer de mi mundo me encanta perdernos armarlo prenderlo vayamo de viaje sin rumbo siempre te ame pero es al margen ahora te amo mas porque compartimo unos angele baby don t be afraid aqui esta safe to you you know baby don t be afraid aqui esta safe to you baby don t be afraid aqui esta safe to you you know baby don t be afraid aqui esta safe to you,c26ae4ade11fe097a5975f6251bd4a5e489dbafa7af4c0393781cea494591403,334,1,es,letras.com,,2026-03-09 16:08:48.703401+00,2025
1562,1655,todos me dicen que te debo olvidar que aunque lo intente no puedo cambiarte me pesa tanto to lo que hiciste mal pero me pesa mas dejar de esperarte y con los ojos me tocas te siento en mi boca pero al abrirlos no estas aqui es que no sabes lo que tu a mi me provocas ya no puedo sacarte de mi tocame para sentir que esto si es algo real mienteme si me olvidaste y no me quieres ver mas me disparo directo al corazon perfecta ejecucion me fallo intuicion tocame para sentir que esto si es algo real si esto es un juego dime quien gana dentro del pecho llevo tus balas y aunque lo intente nadie te iguala no muero de ganas de que estemos a solas en tu habitacion arrancame ropa rompe el corazon hagamoslo facil no te has pilla o pero casi me pides un taxi trayecto directo a tu colchon porque esta noche quizas quieras quedarte hasta que salga el sol tocame para sentir que esto si es algo real mienteme si me olvidaste y no me quieres ver mas me disparo directo al corazon perfecta ejecucion me fallo intuicion tocame para sentir que esto si es algo real,c20f2c36e059b7edcbefcc17ff75d713e69c479c809b72c51a08d427b48be65f,206,1,es,letras.com,,2026-03-09 16:09:09.439333+00,2025
1568,1661,palabras que te pegan como un huracan miradas que no sabes bien a donde van dime que pasaria si no hubiera nadie siguiendo mi camino se a donde voy sintiendome insegura y aunque no lo soy no ver tus intenciones me hace vulnerable son miles de historias que estan enterradas en un cajon son tantos gritos que no escucha nadie tantas preguntas tan inevitables como logramos que cuando haya un beso solo sea uno de esos que no te hacen dano? que de un abrazo todo el mundo salga ileso que no este mal quedarnos solas entre extranos como hacemos que cualquier mirada siempre este librada de interpretaciones? que ni una mas deba permanecer callada? que ni una mas sufra por dobles intenciones? ni una mas ni una mas ya no quiero pretender que es normal sentirse asi ya no vale ignorar el silencio tras de mi si callarnos no va a cambiar las cosas sabes que esa es realidad son tantos gritos que no escucha nadie tantas preguntas tan inevitables como logramos que cuando haya un beso solo sea uno de esos que no te hacen dano? que de un abrazo todo el mundo salga ileso que no este mal quedarnos solas entre extranos como hacemos que cualquier mirada siempre este librada de interpretaciones? que ni una mas deba permanecer callada? que ni una mas sufra por dobles intenciones? ni una mas ni una mas ni una mas ni una mas ni una mas ni una mas ni una mas ni una mas ni una mas palabras que te pegan como un huracan miradas que no sabes bien a donde van dime que pasaria si no hubiera nadie,a23004cfca1b7bcf226f2a7e2a90c524c9a007984a6ef950d15a121e42933b20,279,1,es,letras.com,,2026-03-09 16:09:49.212407+00,2024
1571,1664,sali despejarme y ya cansada de estar apagada decidi prenderme cambie de amigos porque los que estaban solo hablaban de el a las malas me toco aprender que no tengo nada que perder y como ellos tambien tengo derecho de portarme mal pasarla bien estoy suelta y ahora puedo hacer lo que quiera se pasa rico soltera tengo derecho de portarme mal pasarla bien estoy suelta y ahora puedo hacer lo que quiera se pasa rico soltera el dia esta bote playa y para pasarme de raya en arena sobre toalla ese plancito nunca falla lla lla esta nena tiene fans y el corazon partio como sanz muchos son los que me tiran pero pocos son los que me dan soy selectiva poca trayectoria normal por razones obvias al amor le cogi fobia perro que me escriba pantallazo y su novia nadie va a decirme como me debo comportar pueden opinar pero tengo el derecho de portarme mal pasarla bien estoy suelta y ahora puedo hacer lo que quiera se pasa rico soltera tengo derecho de portarme mal pasarla bien estoy suelta y ahora puedo hacer lo que quiera se pasa rico soltera con vista al mar reserve el hotel ya me prendi con un solo cocktail me puse poca ropa mostrar piel abeja reina esta botando miel aun huele a verano aqui que tiene de malo? si es para usarlo y mi cuerpo esta diciendo tengo derecho de portarme mal pasarla bien estoy suelta y ahora puedo hacer lo que quiera se pasa rico soltera aun huele a verano aqui que tiene de malo? si es para usarlo y mi cuerpo esta diciendo aun huele a verano aqui y es para usarlo si hoy algo me gano aqui ¡! se pasa rico soltera y ahora las lobas estoy suelta ahora puedo hacer lo que quiera que rico mira que rico se pasa rico soltera,4992bba8d99ce8792df95d123804f59a593cc7d865103684f837aed740a74940,315,1,es,letras.com,,2026-03-09 16:10:08.073549+00,2024
1576,1669,por completarte me rompi en pedazos me lo advirtieron pero no hice caso me di cuenta que lo tuyo es falso fue gota que rebalso el vaso no me digas que lo sientes parece sincero pero te conozco bien y se que mientes te felicito que bien actuas de no me cabe duda con tu papel continua te queda bien es show te felicito que bien actuas d no me cabe duda con tu papel continua te queda bien ese show te felicito que bien actuas esa filosofia barata no compro lo siento en esa moto ya no me monto gente de dos caras no soporto que ponia las manos al por ti y me tratas como una mas de tus antojos tu herida no me abrio piel pero si los ojos los tengo rojos de tanto llorar por ti y ahora resulta que lo sientes suena sincero pero te conozco bien y se que mientes te felicito que bien actuas de no me cabe duda con tu papel continua te queda bien ese show te felicito que bien actuas de no me cabe duda con tu papel continua te queda bien ese show te felicito que bien actuas hablandote claro no te necesito perdiste a alguien autentico algo me decia por que no fluiamo te va a picar cuando recuerde como nos comiamo como ante tu de espalda apoyandote del volante quemando el tranquilizante no te bloquee de las rede que vea otra en mercede no me cuente mas historia no quiero saber como es que he sido tan ciega y no he podido ver te deberian dar un oscar lo has hecho tan bien te felicito que bien actuas de no me cabe duda con tu papel continua te queda bien ese show te felicito que bien actuas de no me cabe duda con tu papel continua te queda bien ese show te felicito que bien actuas,d5160815e84709f633ca8dbf75095a20d53e9f413ca771a5dc403571a8a903e1,319,1,es,letras.com,,2026-03-09 16:10:29.945543+00,2024
1579,1672,no quisiera ser el cuando nota que me echas de menos de seguro que es un hombre bueno y merece que le traten bien no quisiera ser el deslizando en tu espalda sus dedos y sentir que no se eriza al menos como conmigo tu piel cuando te regale flores piensa en mi porque tendre canciones para ti y un lienzo de colores arrancarte cada parte que este gris cuando seas perfecta y no feliz y apenas te comprenda piensa en mi aun nos quedan tardes y no es tarde vida mia sentir hola llamame cuando estes sola sabes que esta es nuestra hora si todavia no me hablaste es porque estas mejor ahora aunque se que a veces lloras las mismas que te enamoras no busques misma historia en mil personas cuando te regale flores piensa en mi porque tendre canciones para ti y un lienzo de colores arrancarte cada parte que este gris cuando seas perfecta y no feliz y apenas te comprenda piensa en mi aun nos quedan tardes y no es tarde vida mia sentir y no es tarde vida mia sentir,c0834f6f50a106bd40bd3fdbfe749dd5f30c1b2803f27585c989776830121539,186,1,es,letras.com,,2026-03-09 16:10:39.437756+00,2025
1581,1674,dame un beso fuerte antes de irte que me aguante como un perfume caro cuando a despedirme hace un rato que no escucho nada de lo que me dices tu manera de mover el cuerpo al hablar hace que me despiste no se tocar a un ritmo paralelo no me he ido todavia y ya te echo de menos empieza a pesar el paso del tiempo algo tiene el amor que siempre me hace esto que ironia que el querer es tener algo que perder y aun asi vamos de cabeza con todo hagamos una apuesta quedara entre nosotros una en que solo puedan ganar los locos y decir bien alto que fuimos de los pocos que digan lo que digan se nos quedara corto y el dia que me lo hare solo si te veo pronto me estoy atando al vertigo autentico domesticando mi nervio tan belico es el estar contigo haces que alguien como tenga ganas siempre de volver no quiero sentir este latigo rapido en el borde de mi labio involuntario pierde todo el sentido lo que pide el corazon es lo mismo que lo puede hacer caer no se tocar a un ritmo paralelo no me he ido todavia y ya te echo de menos empieza a pesar el paso del tiempo algo tiene el amor que siempre me hace esto que ironia que el querer es tener algo que perder y aun asi vamos de cabeza con todo hagamos una apuesta quedara entre nosotros una en que solo puedan ganar los locos y decir bien alto que fuimos de los pocos que digan lo que digan se nos quedara corto y el dia que me lo hare solo si te veo pronto,c907d0af207f8607501a3d2af9c1b45ebe389df78729f40ebbf2eb00cd2394d9,287,1,es,letras.com,,2026-03-09 16:10:45.564623+00,2025
1583,1676,ayer saliste a tomarla y justo fue luna llena que bueno que es luna llena otra vez es luna llena tu le contagias tu baile a to el que te mira eres dura como calle cara como gasolina noto quimica en el aire miss catalina cuando dices que te vas se que te quedas en esquina dices que a mi no me vendes tu amor me regalas tu amor que me quieras es una bomba de amor una bomba que me quieras es una bomba miss catalina quiero morderte esa bemba de liga no manera de que algo tu me pidas y por conseguirlo no me juegue hasta vida que me quieras es una bomba miss catalina quiero morderte esa bemba de liga no manera de que algo tu me pidas y por conseguirlo no me juegue hasta vida eres divina al natural crudita te como sin limon y sal sin limon y sal eres divina al natural crudita te como sin limon y sal sin limon y sal que bonito seria hacerte el amor quiero hacerte el amor que me quieras es una bomba de amor una bomba que me quieras es una bomba miss catalina quiero morderte esa bemba de liga no manera de que algo tu me pidas y por conseguirlo no me juegue hasta vida que me quieras es una bomba bomba bomba es una bomba bomba bomba tu amor es una bomba bomba bomba es una bomba bomba bomba por ti mato si no me mata antes todo este tabaco no pienso soltarte cuando te vea en un rato lo que si voy a soltar es de mi boca este cigarro ensenarte un nuevo vicio voy a necesitar tus labios prestamelos mi eres dios cuando en mis suenos tu me haces el amor prestamelos mi eres dios cuando en mis suenos tu me haces el amor pasadita resaca no se se siente como en casa porque no estas a mi lado mi amor nadie sabe que me pasa ni se lo imaginan pero queda poco para explosion que me quieras es una bomba de amor una bomba de amor que me quieras es una bomba de amor una bomba que me quieras es una bomba miss catalina quiero morderte esa bemba de liga no manera de que algo tu me pidas y por conseguirlo no me juegue hasta vida que me quieras es una bomba bomba bomba es una bomba bomba bomba tu amor es una bomba bomba bomba es una bomba bomba bomba,e2974f9852218c1be55b2bc8a3cf317f85c7e3c24af175351080c5281077e978,419,1,es,letras.com,,2026-03-09 16:10:52.665121+00,2025
1591,1684,¡ ya! ¡quisiera! quisiera renegar y quisiera renegar de te mundo por entero volver de nuevo a habitar madre de mi corazon volver de nuevo a habitar por ver si en un mundo nuevo volver de ciego en un mundo nuevo auhah ¡y encontraba mas verdad!,837959b59a17029388ebdc9c7d9105a18a760365e5e303a5d2a757f54c5aec50,46,1,es,letras.com,,2026-03-09 16:11:24.80145+00,2025
1592,1685,o o ovy on the drums estaba buscandome en un party sin senal estoy perdido en el club buscando donde respirar bien o que me entienda alguien caras conocida mucha pero amigos nadie caele sigo buscandome no no no no sigo buscandome perdi direccion a casa ya no se volver como hago l tiempo retroceder? es una noche mas donde las horas se van queme un papel con tu nombre en las hogueras de san juan dime donde estas amor no santero ni doctor que me arranque este dolor no puedo mas necesito tu calor ver vida de color sin ti se apaga mi sol y a oscuras donde estoy? no lo se no lo se no lo se a donde voy? no lo se no lo se no lo se hoy no llego a casa mami por favor perdoname no habia senal en el party por no te llame donde estoy? no lo se no lo se no lo se a donde voy? no lo se no lo se no lo se hoy no llego a casa mami por favor perdoname no habia senal en el party por no te llame estaba buscandome en un party sin senal estoy perdido en el club buscando donde respirar bien o que me entienda alguien caras conocida mucha pero amigos nadie caele sigo buscandome no no no no sigo buscandome when the music play angelina hand the vibes everyday love how you whine and you fash everyday yah and everything happen fi wi way so mi big up every country me seh big up colombia puerto rican dominicana cubana from the caribbean go back to ghana dey dunno say a we got the farmer yuh know seh we bad bad long time inna days seh we bad bad long time inna days ovy on the drums hey yuh dunno,6c892f4b868f8ff83e71a2bb0c999f0d7e50352cecd4bcc3679d8e156b94ff38,307,1,es,letras.com,,2026-03-09 16:11:29.58938+00,2023
1595,1688,tu piel con mia se quiere encontrar no tenemos nada que perder baby piensalo solo tu y y una botella de champan senorita si me el placer te lo juro vamo a terminar en mi habitacion solo tu y y una botella de champan pan pan pan pan pan y una botella de champan pan pan pan pan pan y una botella de champan que me lleva a tu boca un beso de lengua nos sube nota es timida pero se nota que me va a pedir cuando prenda mota no te voy a mentir desde que te vi a mi me dio con usted y tu bailando asi se jodio lleva ropa en cintura y se jodio me respiras pegaito y se jodio si te estaban esperando se jodio porque eres mi completa tu piel con mia se quiere encontrar no tenemos nada que perder baby piensalo solo tu y y una botella de champan senorita si me el placer te lo juro vamo a terminar en mi habitacion solo tu y y una botella de champan pan pan pan pan pan y una botella de champan pan pan pan pan pan y una botella de champan pan pan ella quiere que le de que le de que le de pan pan pan pan pense que dormia solo pero tu boquita me cambio el plan en tus ojos me pierdo y en tu boca que me sabe a champan baby soy tu fan se me dio to lo que busque contigo se me dio tu querias un gatito y llegue to el que tiro mala se jodio porque eres mi completa tu piel con mia se quiere encontrar no tenemos nada que perder baby piensalo solo tu y y una botella de champan bebecita si me el placer te lo juro vamo a terminar en mi habitacion solo tu y y una botella de champan pan pan pan pan pan y una botella de champan pan pan pan pan pan y una botella de champan o o ovy on the drums tu piel con mia se quiere encontrar no tenemos nada que perder baby piensalo solo tu y y una botella de champan,8b474860ff37906ddc0cfddb7ba4e7d8d01a58a35cf73756aec3b85b04a3a2e5,364,1,es,letras.com,,2026-03-09 16:11:37.161257+00,2026
