id,created_at,ranking_position,title,artist,streams,genre,lyrics,album,year,duration_seg,language_variant,source,url_source,extra_data,lyrics_status,artist_gender
1,2026-03-05 18:56:08.534161+00,1,en la granja de mi tio,heykids,425847,infantil,,canciones infantiles,,184,es,deezer,https://www.deezer.com/track/2458668675,"{""pais"":""PY"",""posicion"":1,""es_infantil"":true,""deezer_album_id"":489143175,""deezer_track_id"":2458668675,""deezer_artist_id"":90040862,""artistas_secundarios"":[]}",completed,
2,2026-03-05 18:56:10.730938+00,2,duermetenino,musicanocheto,379828,reggaeton,,canciones de cuna y rimas infantiles,,102,es,deezer,https://www.deezer.com/track/469372882,"{""pais"":""PY"",""posicion"":9,""es_infantil"":true,""deezer_album_id"":58349972,""deezer_track_id"":469372882,""deezer_artist_id"":9807946,""artistas_secundarios"":[]}",error,
3,2026-03-05 18:56:12.757272+00,3,punaladas,lauta,604648,reggaeton,,punaladas,,139,es,deezer,https://www.deezer.com/track/3662009192,"{""pais"":""PY"",""posicion"":3,""es_infantil"":false,""deezer_album_id"":858544092,""deezer_track_id"":3662009192,""deezer_artist_id"":12205158,""artistas_secundarios"":[]}",completed,
4,2026-03-05 18:56:14.587758+00,4,la lechuza,el payaso plim plim,485905,rock,,las canciones de plim plim vol 2,,123,es,deezer,https://www.deezer.com/track/2256030397,"{""pais"":""PY"",""posicion"":4,""es_infantil"":false,""deezer_album_id"":434369707,""deezer_track_id"":2256030397,""deezer_artist_id"":282715661,""artistas_secundarios"":[]}",completed,
5,2026-03-05 18:56:16.579371+00,5,la villa,ryan castro,860907,reggaeton,,hopi sende,,194,es,deezer,https://www.deezer.com/track/3613707422,"{""pais"":""PY"",""posicion"":5,""es_infantil"":false,""deezer_album_id"":841932862,""deezer_track_id"":3613707422,""deezer_artist_id"":11815065,""artistas_secundarios"":[]}",completed,
6,2026-03-05 18:56:18.447624+00,6,estrellita donde estas,el payaso plim plim,550686,infantil,,las canciones de plim plim vol 2,,111,es,deezer,https://www.deezer.com/track/2256030407,"{""pais"":""PY"",""posicion"":6,""es_infantil"":true,""deezer_album_id"":434369707,""deezer_track_id"":2256030407,""deezer_artist_id"":282715661,""artistas_secundarios"":[]}",completed,
7,2026-03-05 18:56:20.257499+00,7,the emptiness machine,linkin park,951175,rock,,the emptiness machine,,190,en,deezer,https://www.deezer.com/track/2978105041,"{""pais"":""PY"",""posicion"":7,""es_infantil"":false,""deezer_album_id"":638194471,""deezer_track_id"":2978105041,""deezer_artist_id"":92,""artistas_secundarios"":[]}",completed,
8,2026-03-05 18:56:22.046964+00,8,the reason,hoobastank,745966,rock,,the reason,,232,en,deezer,https://www.deezer.com/track/634445372,"{""pais"":""PY"",""posicion"":8,""es_infantil"":false,""deezer_album_id"":87717642,""deezer_track_id"":634445372,""deezer_artist_id"":490,""artistas_secundarios"":[]}",completed,
9,2026-03-05 18:56:23.874051+00,9,baile inolvidable,bad bunny,971935,reggaeton,,debi tirar mas fotos,,367,es,deezer,https://www.deezer.com/track/3171003001,"{""pais"":""PY"",""posicion"":9,""es_infantil"":false,""deezer_album_id"":693008911,""deezer_track_id"":3171003001,""deezer_artist_id"":10583405,""artistas_secundarios"":[]}",completed,
10,2026-03-05 18:56:25.716596+00,10,tu jardin con enanitos,roze oficial,563736,reggaeton,,tu jardin con enanitos,,175,es,deezer,https://www.deezer.com/track/3369144461,"{""pais"":""PY"",""posicion"":10,""es_infantil"":true,""deezer_album_id"":757459181,""deezer_track_id"":3369144461,""deezer_artist_id"":103896562,""artistas_secundarios"":[]}",completed,
11,2026-03-05 18:56:27.498047+00,11,dtmf,bad bunny,981279,reggaeton,,debi tirar mas fotos,,237,es,deezer,https://www.deezer.com/track/3171003131,"{""pais"":""PY"",""posicion"":11,""es_infantil"":false,""deezer_album_id"":693008911,""deezer_track_id"":3171003131,""deezer_artist_id"":10583405,""artistas_secundarios"":[]}",completed,
12,2026-03-05 18:56:29.280763+00,12,cuando no era cantante,el bogueto,755342,reggaeton,,cuando no era cantante,,327,es,deezer,https://www.deezer.com/track/3703400922,"{""pais"":""PY"",""posicion"":12,""es_infantil"":false,""deezer_album_id"":873052852,""deezer_track_id"":3703400922,""deezer_artist_id"":198777307,""artistas_secundarios"":[]}",completed,
13,2026-03-05 18:56:31.072872+00,13,eoo,bad bunny,979885,reggaeton,,debi tirar mas fotos,,204,es,deezer,https://www.deezer.com/track/3171003121,"{""pais"":""PY"",""posicion"":13,""es_infantil"":false,""deezer_album_id"":693008911,""deezer_track_id"":3171003121,""deezer_artist_id"":10583405,""artistas_secundarios"":[]}",completed,
14,2026-03-05 18:56:32.852191+00,14,the fate of ophelia,taylor swift,999852,pop,,the life of a showgirl,,226,en,deezer,https://www.deezer.com/track/3579685431,"{""pais"":""PY"",""posicion"":14,""es_infantil"":false,""deezer_album_id"":829966251,""deezer_track_id"":3579685431,""deezer_artist_id"":12246,""artistas_secundarios"":[]}",completed,
15,2026-03-05 18:56:34.897293+00,15,amor de vago,la ty la m,575044,reggaeton,,amor de vago,,188,es,deezer,https://www.deezer.com/track/2934178271,"{""pais"":""PY"",""posicion"":15,""es_infantil"":false,""deezer_album_id"":625237831,""deezer_track_id"":2934178271,""deezer_artist_id"":118358452,""artistas_secundarios"":[]}",completed,
16,2026-03-05 18:56:36.791471+00,16,velda,bad bunny,959242,reggaeton,,debi tirar mas fotos,,235,es,deezer,https://www.deezer.com/track/3171003031,"{""pais"":""PY"",""posicion"":16,""es_infantil"":false,""deezer_album_id"":693008911,""deezer_track_id"":3171003031,""deezer_artist_id"":10583405,""artistas_secundarios"":[]}",completed,
17,2026-03-05 18:56:38.757098+00,17,p do pecado,grupo menos e mais,977984,reggaeton,,molho,,192,es,deezer,https://www.deezer.com/track/3329623921,"{""pais"":""PY"",""posicion"":17,""es_infantil"":false,""deezer_album_id"":744118141,""deezer_track_id"":3329623921,""deezer_artist_id"":54330242,""artistas_secundarios"":[]}",completed,
18,2026-03-05 18:56:40.540355+00,18,voy a llevarte pa pr,bad bunny,987630,reggaeton,,debi tirar mas fotos,,156,es,deezer,https://www.deezer.com/track/3171002991,"{""pais"":""PY"",""posicion"":18,""error_letra"":""No encontrada en Genius"",""es_infantil"":false,""deezer_album_id"":693008911,""deezer_track_id"":3171002991,""deezer_artist_id"":10583405,""artistas_secundarios"":[]}",completed,
19,2026-03-05 18:56:42.311388+00,19,pela ultima vez,grupo menos e mais,989814,reggaeton,,pela ultima vez,,162,es,deezer,https://www.deezer.com/track/3499654751,"{""pais"":""PY"",""posicion"":19,""es_infantil"":false,""deezer_album_id"":801876931,""deezer_track_id"":3499654751,""deezer_artist_id"":54330242,""artistas_secundarios"":[]}",completed,
20,2026-03-05 18:56:44.065121+00,20,where is my husband,raye,991846,pop,,where is my husband,,196,en,deezer,https://www.deezer.com/track/3548216281,"{""pais"":""PY"",""posicion"":20,""es_infantil"":false,""deezer_album_id"":818660961,""deezer_track_id"":3548216281,""deezer_artist_id"":805948,""artistas_secundarios"":[]}",completed,
21,2026-03-05 18:56:45.899198+00,21,mi refe,beele,801382,reggaeton,,mi refe,,160,es,deezer,https://www.deezer.com/track/3100867631,"{""pais"":""PY"",""posicion"":21,""es_infantil"":false,""deezer_album_id"":672597811,""deezer_track_id"":3100867631,""deezer_artist_id"":68358002,""artistas_secundarios"":[]}",completed,
22,2026-03-05 18:56:47.905405+00,22,nuevayol,bad bunny,977729,reggaeton,,debi tirar mas fotos,,183,es,deezer,https://www.deezer.com/track/3171002981,"{""pais"":""PY"",""posicion"":22,""es_infantil"":false,""deezer_album_id"":693008911,""deezer_track_id"":3171002981,""deezer_artist_id"":10583405,""artistas_secundarios"":[]}",completed,
23,2026-03-05 18:56:49.665694+00,23,coqueta,fuerza regida,751433,reggaeton,,mala mia,,241,es,deezer,https://www.deezer.com/track/3149529091,"{""pais"":""PY"",""posicion"":23,""es_infantil"":false,""deezer_album_id"":685889791,""deezer_track_id"":3149529091,""deezer_artist_id"":13916083,""artistas_secundarios"":[]}",completed,
24,2026-03-05 18:56:51.476984+00,24,relacion rota,myke towers,429074,reggaeton,,easy money baby,,160,es,deezer,https://www.deezer.com/track/857827232,"{""pais"":""PY"",""posicion"":24,""es_infantil"":false,""deezer_album_id"":127911322,""deezer_track_id"":857827232,""deezer_artist_id"":12029862,""artistas_secundarios"":[]}",completed,
25,2026-03-05 18:56:53.299317+00,25,la plena,w sound,927925,reggaeton,,la plena,,150,es,deezer,https://www.deezer.com/track/3241972661,"{""pais"":""PY"",""posicion"":25,""es_infantil"":false,""deezer_album_id"":715794531,""deezer_track_id"":3241972661,""deezer_artist_id"":167570077,""artistas_secundarios"":[]}",completed,
26,2026-03-05 18:56:55.087904+00,26,no tiene sentido,beele,840940,reggaeton,,borondo,,159,es,deezer,https://www.deezer.com/track/3353337101,"{""pais"":""PY"",""posicion"":26,""es_infantil"":false,""deezer_album_id"":752270291,""deezer_track_id"":3353337101,""deezer_artist_id"":68358002,""artistas_secundarios"":[]}",completed,
27,2026-03-05 18:56:56.870746+00,27,yo y tu,ovy on the drums,773308,reggaeton,,yo y tu,,198,es,deezer,https://www.deezer.com/track/3382134521,"{""pais"":""PY"",""posicion"":27,""es_infantil"":false,""deezer_album_id"":761709051,""deezer_track_id"":3382134521,""deezer_artist_id"":9477752,""artistas_secundarios"":[]}",completed,
28,2026-03-05 18:56:58.721075+00,28,tu vas sin,rels b,852246,reggaeton,,afrolova,,110,es,deezer,https://www.deezer.com/track/3407512021,"{""pais"":""PY"",""posicion"":28,""es_infantil"":false,""deezer_album_id"":770272221,""deezer_track_id"":3407512021,""deezer_artist_id"":10580067,""artistas_secundarios"":[]}",completed,
29,2026-03-05 18:57:00.512209+00,29,daddy yankee bzrp music sessions vol 0,bizarrap,945234,reggaeton,,daddy yankee bzrp music sessions vol 0,,151,es,deezer,https://www.deezer.com/track/3638389092,"{""pais"":""PY"",""posicion"":29,""es_infantil"":false,""deezer_album_id"":850435472,""deezer_track_id"":3638389092,""deezer_artist_id"":12487862,""artistas_secundarios"":[]}",completed,
30,2026-03-05 18:57:02.310771+00,30,part of your world,lullaby baby trio,325430,infantil,,disney lullabies classic renditions of disney favorites,,124,en,deezer,https://www.deezer.com/track/80215550,"{""pais"":""PY"",""posicion"":30,""es_infantil"":true,""deezer_album_id"":8008414,""deezer_track_id"":80215550,""deezer_artist_id"":5898294,""artistas_secundarios"":[]}",completed,
31,2026-03-05 18:57:04.098346+00,31,primera cita,carin leon,475448,reggaeton,,colmillo de leche,,186,es,deezer,https://www.deezer.com/track/2727817081,"{""pais"":""PY"",""posicion"":31,""es_infantil"":false,""deezer_album_id"":566280821,""deezer_track_id"":2727817081,""deezer_artist_id"":14539467,""artistas_secundarios"":[]}",completed,
32,2026-03-05 18:57:05.984209+00,32,monaco,bad bunny,990651,reggaeton,,nadie sabe lo que va a pasar manana,,267,es,deezer,https://www.deezer.com/track/2496106371,"{""pais"":""PY"",""posicion"":32,""es_infantil"":false,""deezer_album_id"":499463651,""deezer_track_id"":2496106371,""deezer_artist_id"":10583405,""artistas_secundarios"":[]}",completed,
33,2026-03-05 18:57:09.857907+00,33,jamaican,hugel,993804,electronica,,jamaican,,156,fr,deezer,https://www.deezer.com/track/3624958872,"{""pais"":""PY"",""posicion"":33,""es_infantil"":false,""deezer_album_id"":845836462,""deezer_track_id"":3624958872,""deezer_artist_id"":7803478,""artistas_secundarios"":[]}",completed,
34,2026-03-05 18:57:13.668458+00,34,uwaie,max carra,510920,reggaeton,,uwaie,,162,es,deezer,https://www.deezer.com/track/3265159601,"{""pais"":""PY"",""posicion"":34,""es_infantil"":false,""deezer_album_id"":723059771,""deezer_track_id"":3265159601,""deezer_artist_id"":5964944,""artistas_secundarios"":[]}",completed,
35,2026-03-05 18:57:17.64393+00,35,si antes te hubiera conocido,karol g,981639,reggaeton,,si antes te hubiera conocido,,196,es,deezer,https://www.deezer.com/track/2846442802,"{""pais"":""PY"",""posicion"":35,""es_infantil"":false,""deezer_album_id"":601338932,""deezer_track_id"":2846442802,""deezer_artist_id"":5297021,""artistas_secundarios"":[]}",completed,
36,2026-03-05 18:57:21.428963+00,36,superestrella,aitana,689698,pop,,cuarto azul,,184,es,deezer,https://www.deezer.com/track/3380325281,"{""pais"":""PY"",""posicion"":36,""es_infantil"":false,""deezer_album_id"":761196781,""deezer_track_id"":3380325281,""deezer_artist_id"":11928391,""artistas_secundarios"":[]}",completed,
37,2026-03-05 18:57:25.250942+00,37,una historia importante,eros ramazzotti,209974,pop,,eros,,249,es,deezer,https://www.deezer.com/track/87677391,"{""pais"":""PY"",""posicion"":37,""es_infantil"":false,""deezer_album_id"":8851667,""deezer_track_id"":87677391,""deezer_artist_id"":938,""artistas_secundarios"":[]}",completed,
38,2026-03-05 18:57:29.078995+00,38,el club,bad bunny,931142,reggaeton,,debi tirar mas fotos,,222,es,deezer,https://www.deezer.com/track/3171003041,"{""pais"":""PY"",""posicion"":38,""es_infantil"":false,""deezer_album_id"":693008911,""deezer_track_id"":3171003041,""deezer_artist_id"":10583405,""artistas_secundarios"":[]}",completed,
39,2026-03-05 18:57:32.910065+00,39,la perla,rosalia,963236,reggaeton,,lux,,195,es,deezer,https://www.deezer.com/track/3640140952,"{""pais"":""PY"",""posicion"":39,""es_infantil"":false,""deezer_album_id"":851013072,""deezer_track_id"":3640140952,""deezer_artist_id"":554792,""artistas_secundarios"":[]}",completed,
40,2026-03-05 18:57:36.932641+00,40,heart attack,demi lovato,788786,pop,,heart attack,,211,en,deezer,https://www.deezer.com/track/64971011,"{""pais"":""PY"",""posicion"":40,""es_infantil"":false,""deezer_album_id"":6364026,""deezer_track_id"":64971011,""deezer_artist_id"":193875,""artistas_secundarios"":[]}",completed,
41,2026-03-05 18:57:38.783393+00,41,dakiti,bad bunny,981990,reggaeton,,dakiti,,205,es,deezer,https://www.deezer.com/track/1122450992,"{""pais"":""PY"",""posicion"":41,""es_infantil"":false,""deezer_album_id"":182383222,""deezer_track_id"":1122450992,""deezer_artist_id"":10583405,""artistas_secundarios"":[]}",completed,
42,2026-03-05 18:57:42.676116+00,42,ensename a bailar,bad bunny,745053,reggaeton,,un verano sin ti,,176,es,deezer,https://www.deezer.com/track/1741494407,"{""pais"":""PY"",""posicion"":42,""es_infantil"":false,""deezer_album_id"":316164367,""deezer_track_id"":1741494407,""deezer_artist_id"":10583405,""artistas_secundarios"":[]}",completed,
44,2026-03-05 18:57:50.421028+00,44,posso ate nao te dar flores,dj japa nk,982130,reggaeton,,posso ate nao te dar flores,,158,pt,deezer,https://www.deezer.com/track/3543288831,"{""pais"":""PY"",""posicion"":44,""es_infantil"":false,""deezer_album_id"":816937691,""deezer_track_id"":3543288831,""deezer_artist_id"":103851292,""artistas_secundarios"":[]}",completed,
45,2026-03-05 18:57:54.222505+00,45,jetski,pedro sampaio,994067,pop,,jetski,,152,pt,deezer,https://www.deezer.com/track/3708173892,"{""pais"":""PY"",""posicion"":45,""es_infantil"":false,""deezer_album_id"":874612272,""deezer_track_id"":3708173892,""deezer_artist_id"":50633822,""artistas_secundarios"":[]}",completed,
46,2026-03-05 18:57:58.120248+00,46,back in black,ac dc,966294,rock,,back in black,,253,en,deezer,https://www.deezer.com/track/92720046,"{""pais"":""PY"",""posicion"":46,""es_infantil"":false,""deezer_album_id"":9410100,""deezer_track_id"":92720046,""deezer_artist_id"":115,""artistas_secundarios"":[]}",completed,
47,2026-03-05 18:58:01.960425+00,47,immer wieder,immer wieder,21997,rock,,immer wieder,,214,de,deezer,https://www.deezer.com/track/474370562,"{""pais"":""PY"",""posicion"":47,""es_infantil"":false,""deezer_album_id"":59219272,""deezer_track_id"":474370562,""deezer_artist_id"":1774861,""artistas_secundarios"":[]}",completed,
48,2026-03-05 18:58:05.813115+00,48,ojitos lindos,bad bunny,922499,reggaeton,,un verano sin ti,,258,es,deezer,https://www.deezer.com/track/1741494417,"{""pais"":""PY"",""posicion"":48,""es_infantil"":false,""deezer_album_id"":316164367,""deezer_track_id"":1741494417,""deezer_artist_id"":10583405,""artistas_secundarios"":[]}",completed,
49,2026-03-05 18:58:09.609858+00,49,quedate,beele,713347,reggaeton,,borondo,,180,es,deezer,https://www.deezer.com/track/3353337121,"{""pais"":""PY"",""posicion"":49,""es_infantil"":false,""deezer_album_id"":752270291,""deezer_track_id"":3353337121,""deezer_artist_id"":68358002,""artistas_secundarios"":[]}",completed,
50,2026-03-05 18:58:13.455291+00,50,te quiero igual,andres calamaro,424067,rock,,honestidad brutal,,235,es,deezer,https://www.deezer.com/track/800631,"{""pais"":""PY"",""posicion"":50,""es_infantil"":false,""deezer_album_id"":93387,""deezer_track_id"":800631,""deezer_artist_id"":5838,""artistas_secundarios"":[]}",completed,
51,2026-03-05 18:58:17.262279+00,51,careless whisper,george michael,736543,pop,,ladies gentlemen,,300,en,deezer,https://www.deezer.com/track/10392072,"{""pais"":""PY"",""posicion"":51,""es_infantil"":false,""deezer_album_id"":950341,""deezer_track_id"":10392072,""deezer_artist_id"":3098,""artistas_secundarios"":[]}",completed,
52,2026-03-05 18:58:21.060758+00,52,cry,cigarettes after sex,903849,rock,,cry,,256,en,deezer,https://www.deezer.com/track/781948852,"{""pais"":""PY"",""posicion"":52,""es_infantil"":false,""deezer_album_id"":115928592,""deezer_track_id"":781948852,""deezer_artist_id"":9568982,""artistas_secundarios"":[]}",completed,
53,2026-03-05 18:58:24.958486+00,53,up among the clouds,kimmy doyle,145293,rock,,up among the clouds,,113,en,deezer,https://www.deezer.com/track/1912781087,"{""pais"":""PY"",""posicion"":53,""error_letra"":""No encontrada en Genius"",""es_infantil"":false,""deezer_album_id"":356412637,""deezer_track_id"":1912781087,""deezer_artist_id"":183275747,""artistas_secundarios"":[]}",error,
54,2026-03-05 18:58:28.76441+00,54,cafe con ron,bad bunny,996651,reggaeton,,debi tirar mas fotos,,228,es,deezer,https://www.deezer.com/track/3171003091,"{""pais"":""PY"",""posicion"":54,""es_infantil"":false,""deezer_album_id"":693008911,""deezer_track_id"":3171003091,""deezer_artist_id"":10583405,""artistas_secundarios"":[]}",completed,
55,2026-03-05 18:58:32.602579+00,55,si te pillara,beele,681873,reggaeton,,borondo,,185,es,deezer,https://www.deezer.com/track/3353337171,"{""pais"":""PY"",""posicion"":55,""es_infantil"":false,""deezer_album_id"":752270291,""deezer_track_id"":3353337171,""deezer_artist_id"":68358002,""artistas_secundarios"":[]}",completed,
56,2026-03-05 18:58:36.431914+00,56,moscow mule,bad bunny,916343,reggaeton,,un verano sin ti,,245,es,deezer,https://www.deezer.com/track/1741494287,"{""pais"":""PY"",""posicion"":56,""es_infantil"":false,""deezer_album_id"":316164367,""deezer_track_id"":1741494287,""deezer_artist_id"":10583405,""artistas_secundarios"":[]}",completed,
57,2026-03-05 18:58:40.243414+00,57,un finde crossover 2,big one,556314,reggaeton,,un finde crossover 2,,162,es,deezer,https://www.deezer.com/track/2213429117,"{""pais"":""PY"",""posicion"":57,""es_infantil"":false,""deezer_album_id"":423044827,""deezer_track_id"":2213429117,""deezer_artist_id"":56903,""artistas_secundarios"":[]}",completed,
58,2026-03-05 18:58:44.056638+00,58,drowning,woodz,574140,reggaeton,,oo li,,244,es,deezer,https://www.deezer.com/track/2257513467,"{""pais"":""PY"",""posicion"":58,""es_infantil"":false,""deezer_album_id"":434720487,""deezer_track_id"":2257513467,""deezer_artist_id"":5114606,""artistas_secundarios"":[]}",completed,
59,2026-03-05 18:58:47.993644+00,59,messy,lola young,997108,pop,,messy,,284,en,deezer,https://www.deezer.com/track/2815968782,"{""pais"":""PY"",""posicion"":59,""es_infantil"":false,""deezer_album_id"":591239352,""deezer_track_id"":2815968782,""deezer_artist_id"":9266850,""artistas_secundarios"":[]}",completed,
60,2026-03-05 18:58:51.841644+00,60,en privado,xavi,701420,reggaeton,,en privado,,199,es,deezer,https://www.deezer.com/track/3216020161,"{""pais"":""PY"",""posicion"":60,""es_infantil"":false,""deezer_album_id"":707495301,""deezer_track_id"":3216020161,""deezer_artist_id"":153152092,""artistas_secundarios"":[]}",completed,
61,2026-03-05 18:58:55.720709+00,61,take my mind,wizthemc,793489,reggaeton,,take my mind,,171,en,deezer,https://www.deezer.com/track/3417456681,"{""pais"":""PY"",""posicion"":61,""es_infantil"":false,""deezer_album_id"":773468191,""deezer_track_id"":3417456681,""deezer_artist_id"":8896874,""artistas_secundarios"":[]}",completed,
62,2026-03-05 18:58:59.558332+00,62,sped up,aunker,563767,reggaeton,,,,156,es,deezer,https://www.deezer.com/track/3518926551,"{""pais"":""PY"",""posicion"":62,""es_infantil"":false,""deezer_album_id"":808507411,""deezer_track_id"":3518926551,""deezer_artist_id"":216026175,""artistas_secundarios"":[]}",completed,
63,2026-03-05 18:59:03.365021+00,63,without me,eminem,961431,trap,,the eminem show,,290,en,deezer,https://www.deezer.com/track/916424,"{""pais"":""PY"",""posicion"":63,""es_infantil"":false,""deezer_album_id"":103248,""deezer_track_id"":916424,""deezer_artist_id"":13,""artistas_secundarios"":[]}",completed,
64,2026-03-05 18:59:07.247521+00,64,end of beginning,djo,999711,electronica,,decide,,159,en,deezer,https://www.deezer.com/track/1899060227,"{""pais"":""PY"",""posicion"":64,""es_infantil"":false,""deezer_album_id"":353216957,""deezer_track_id"":1899060227,""deezer_artist_id"":70227002,""artistas_secundarios"":[]}",completed,
65,2026-03-05 18:59:11.124683+00,65,coracao partido,grupo menos e mais,959590,rock,,coracao partido,,195,pt,deezer,https://www.deezer.com/track/2954217391,"{""pais"":""PY"",""posicion"":65,""es_infantil"":false,""deezer_album_id"":631648411,""deezer_track_id"":2954217391,""deezer_artist_id"":54330242,""artistas_secundarios"":[]}",completed,
66,2026-03-05 18:59:14.947629+00,66,top diesel,beele,739733,reggaeton,,borondo,,190,es,deezer,https://www.deezer.com/track/3353337131,"{""pais"":""PY"",""posicion"":66,""es_infantil"":false,""deezer_album_id"":752270291,""deezer_track_id"":3353337131,""deezer_artist_id"":68358002,""artistas_secundarios"":[]}",completed,
67,2026-03-05 18:59:18.765776+00,67,video phone,selena mezgo,453477,reggaeton,,video phone,,303,es,deezer,https://www.deezer.com/track/3488315131,"{""pais"":""PY"",""posicion"":67,""es_infantil"":false,""deezer_album_id"":797957701,""deezer_track_id"":3488315131,""deezer_artist_id"":231486015,""artistas_secundarios"":[]}",completed,
68,2026-03-05 18:59:22.532105+00,68,capaz,alleh,813346,reggaeton,,la ciudad,,173,es,deezer,https://www.deezer.com/track/3649721492,"{""pais"":""PY"",""posicion"":68,""es_infantil"":false,""deezer_album_id"":854387872,""deezer_track_id"":3649721492,""deezer_artist_id"":119913392,""artistas_secundarios"":[]}",completed,
69,2026-03-05 18:59:26.368967+00,69,its my life,bon jovi,870909,rock,,bon jovi greatest hits the ultimate collection,,224,en,deezer,https://www.deezer.com/track/577487252,"{""pais"":""PY"",""posicion"":69,""es_infantil"":false,""deezer_album_id"":77211342,""deezer_track_id"":577487252,""deezer_artist_id"":637,""artistas_secundarios"":[]}",completed,
70,2026-03-05 18:59:30.172488+00,70,titi me pregunto,bad bunny,975674,reggaeton,,un verano sin ti,,243,es,deezer,https://www.deezer.com/track/1741494317,"{""pais"":""PY"",""posicion"":70,""es_infantil"":false,""deezer_album_id"":316164367,""deezer_track_id"":1741494317,""deezer_artist_id"":10583405,""artistas_secundarios"":[]}",completed,
71,2026-03-05 18:59:33.96802+00,71,santa,rvssian,881783,reggaeton,,santa,,192,en,deezer,https://www.deezer.com/track/2725148591,"{""pais"":""PY"",""posicion"":71,""es_infantil"":false,""deezer_album_id"":565722141,""deezer_track_id"":2725148591,""deezer_artist_id"":4660899,""artistas_secundarios"":[]}",completed,
72,2026-03-05 18:59:37.777969+00,72,espresso,sabrina carpenter,979835,pop,,espresso,,175,en,deezer,https://www.deezer.com/track/2743578151,"{""pais"":""PY"",""posicion"":72,""es_infantil"":false,""deezer_album_id"":571147791,""deezer_track_id"":2743578151,""deezer_artist_id"":1176900,""artistas_secundarios"":[]}",completed,
73,2026-03-05 18:59:41.585102+00,73,die,lady gaga,997757,pop,,die,,250,en,deezer,https://www.deezer.com/track/2947516331,"{""pais"":""PY"",""posicion"":73,""es_infantil"":false,""deezer_album_id"":629506181,""deezer_track_id"":2947516331,""deezer_artist_id"":75491,""artistas_secundarios"":[]}",completed,
74,2026-03-05 18:59:45.450675+00,74,que pasaria,rauw alejandro,957141,reggaeton,,cosa nuestra,,191,es,deezer,https://www.deezer.com/track/3086954731,"{""pais"":""PY"",""posicion"":74,""es_infantil"":false,""deezer_album_id"":668910861,""deezer_track_id"":3086954731,""deezer_artist_id"":11289472,""artistas_secundarios"":[]}",completed,
75,2026-03-05 18:59:49.239497+00,75,weltita,bad bunny,966611,reggaeton,,debi tirar mas fotos,,187,es,deezer,https://www.deezer.com/track/3171003021,"{""pais"":""PY"",""posicion"":75,""es_infantil"":false,""deezer_album_id"":693008911,""deezer_track_id"":3171003021,""deezer_artist_id"":10583405,""artistas_secundarios"":[]}",completed,
76,2026-03-05 18:59:53.040142+00,76,motinha,dennis,806498,reggaeton,,motinha 20,,117,pt,deezer,https://www.deezer.com/track/3191183021,"{""pais"":""PY"",""posicion"":76,""es_infantil"":false,""deezer_album_id"":699379091,""deezer_track_id"":3191183021,""deezer_artist_id"":4448284,""artistas_secundarios"":[]}",completed,
77,2026-03-05 18:59:56.849997+00,77,comernos,omar courtz,563527,reggaeton,,comernos,,221,es,deezer,https://www.deezer.com/track/3298075621,"{""pais"":""PY"",""posicion"":77,""es_infantil"":false,""deezer_album_id"":734001901,""deezer_track_id"":3298075621,""deezer_artist_id"":14534981,""artistas_secundarios"":[]}",completed,
78,2026-03-05 19:00:00.679917+00,78,yogurcito remix,blessd,599420,reggaeton,,yogurcito remix,,375,es,deezer,https://www.deezer.com/track/3521387361,"{""pais"":""PY"",""posicion"":78,""es_infantil"":false,""deezer_album_id"":809283141,""deezer_track_id"":3521387361,""deezer_artist_id"":106632,""artistas_secundarios"":[]}",completed,
79,2026-03-05 19:00:04.517169+00,79,opalite,taylor swift,999116,pop,,the life of a showgirl,,235,en,deezer,https://www.deezer.com/track/3579685451,"{""pais"":""PY"",""posicion"":79,""es_infantil"":false,""deezer_album_id"":829966251,""deezer_track_id"":3579685451,""deezer_artist_id"":12246,""artistas_secundarios"":[]}",completed,
80,2026-03-05 19:00:08.320285+00,80,zoo,disney,733336,infantil,,zoo,,191,en,deezer,https://www.deezer.com/track/3589406821,"{""pais"":""PY"",""posicion"":80,""es_infantil"":true,""deezer_album_id"":833476501,""deezer_track_id"":3589406821,""deezer_artist_id"":9219,""artistas_secundarios"":[]}",completed,
81,2026-03-05 19:00:12.156585+00,81,chevere,aria vega,792954,reggaeton,,chevere,,219,es,deezer,https://www.deezer.com/track/3838131121,"{""pais"":""PY"",""posicion"":81,""es_infantil"":false,""deezer_album_id"":916980011,""deezer_track_id"":3838131121,""deezer_artist_id"":57340572,""artistas_secundarios"":[]}",completed,
82,2026-03-05 19:00:15.983458+00,82,given up,linkin park,860386,rock,,minutes to midnight,,189,en,deezer,https://www.deezer.com/track/676836,"{""pais"":""PY"",""posicion"":82,""es_infantil"":false,""deezer_album_id"":81817,""deezer_track_id"":676836,""deezer_artist_id"":92,""artistas_secundarios"":[]}",completed,
83,2026-03-05 19:00:19.765357+00,83,here without you,3 doors down,846034,rock,,away from the sun,,237,en,deezer,https://www.deezer.com/track/2172900,"{""pais"":""PY"",""posicion"":83,""es_infantil"":false,""deezer_album_id"":217393,""deezer_track_id"":2172900,""deezer_artist_id"":340,""artistas_secundarios"":[]}",completed,
84,2026-03-05 19:00:23.535767+00,84,faint,linkin park,941936,rock,,meteora,,162,en,deezer,https://www.deezer.com/track/14628999,"{""pais"":""PY"",""posicion"":84,""es_infantil"":false,""deezer_album_id"":1346746,""deezer_track_id"":14628999,""deezer_artist_id"":92,""artistas_secundarios"":[]}",completed,
85,2026-03-05 19:00:27.380956+00,85,if this is it,huey lewis the news,422968,rock,,sports,,232,en,deezer,https://www.deezer.com/track/66878477,"{""pais"":""PY"",""posicion"":85,""es_infantil"":false,""deezer_album_id"":6540622,""deezer_track_id"":66878477,""deezer_artist_id"":248496042,""artistas_secundarios"":[]}",completed,
86,2026-03-05 19:00:31.216108+00,86,so happy i could die,lady gaga,540272,pop,,the fame monster,,235,en,deezer,https://www.deezer.com/track/734508712,"{""pais"":""PY"",""posicion"":86,""error_letra"":""{'message': 'duplicate key value violates unique constraint \""lyrics_lyrics_hash_key\""', 'code': '23505', 'hint': None, 'details': 'Key (lyrics_hash)=(4ebf55c4377ab45071ce0e702b67f7dcbaf4407a90b2d6bba770d38e80f27c2c) already exists.'}"",""es_infantil"":false,""deezer_album_id"":107877682,""deezer_track_id"":734508712,""deezer_artist_id"":75491,""artistas_secundarios"":[]}",error,
87,2026-03-05 19:00:35.089592+00,87,bad things,cailin russo,748335,pop,,house,,216,en,deezer,https://www.deezer.com/track/1214582512,"{""pais"":""PY"",""posicion"":87,""es_infantil"":false,""deezer_album_id"":201187602,""deezer_track_id"":1214582512,""deezer_artist_id"":5999500,""artistas_secundarios"":[]}",completed,
88,2026-03-05 19:00:38.933064+00,88,volare,danny ocean,606011,reggaeton,,volare,,147,es,deezer,https://www.deezer.com/track/1795267207,"{""pais"":""PY"",""posicion"":88,""es_infantil"":false,""deezer_album_id"":328496987,""deezer_track_id"":1795267207,""deezer_artist_id"":11443084,""artistas_secundarios"":[]}",completed,
89,2026-03-05 19:00:42.775918+00,89,bailando bachata,chayanne,732398,bachata,,bailando bachata,,170,es,deezer,https://www.deezer.com/track/2280832027,"{""pais"":""PY"",""posicion"":89,""es_infantil"":false,""deezer_album_id"":440645577,""deezer_track_id"":2280832027,""deezer_artist_id"":3873,""artistas_secundarios"":[]}",completed,
90,2026-03-05 19:00:46.600332+00,90,el cielo,sky,692699,pop,,el cielo,,191,es,deezer,https://www.deezer.com/track/2294944375,"{""pais"":""PY"",""posicion"":90,""es_infantil"":false,""deezer_album_id"":444772165,""deezer_track_id"":2294944375,""deezer_artist_id"":240427,""artistas_secundarios"":[]}",completed,
91,2026-03-05 19:00:50.593745+00,91,beautiful things,benson boone,994493,rock,,beautiful things,,180,en,deezer,https://www.deezer.com/track/2610711672,"{""pais"":""PY"",""posicion"":91,""es_infantil"":false,""deezer_album_id"":531687612,""deezer_track_id"":2610711672,""deezer_artist_id"":146543992,""artistas_secundarios"":[]}",completed,
92,2026-03-05 19:00:54.461577+00,92,not like us,kendrick lamar,933847,trap,,not like us,,274,en,deezer,https://www.deezer.com/track/2783963122,"{""pais"":""PY"",""posicion"":92,""es_infantil"":false,""deezer_album_id"":582140742,""deezer_track_id"":2783963122,""deezer_artist_id"":525046,""artistas_secundarios"":[]}",completed,
93,2026-03-05 19:00:58.39138+00,95,perfumito nuevo,bad bunny,956288,reggaeton,,debi tirar mas fotos,,200,es,deezer,https://www.deezer.com/track/3171003011,"{""pais"":""PY"",""posicion"":95,""es_infantil"":false,""deezer_album_id"":693008911,""deezer_track_id"":3171003011,""deezer_artist_id"":10583405,""artistas_secundarios"":[]}",completed,
94,2026-03-05 19:01:02.274125+00,96,3 pecados despues,milo j,387627,reggaeton,,retirada,,118,es,deezer,https://www.deezer.com/track/3227161571,"{""pais"":""PY"",""posicion"":96,""es_infantil"":false,""deezer_album_id"":710917831,""deezer_track_id"":3227161571,""deezer_artist_id"":155887202,""artistas_secundarios"":[]}",completed,
95,2026-03-05 19:01:06.152254+00,97,ingles en miami,rawayana,760805,reggaeton,,donde es el after,,202,es,deezer,https://www.deezer.com/track/3713785742,"{""pais"":""PY"",""posicion"":97,""es_infantil"":false,""deezer_album_id"":876307322,""deezer_track_id"":3713785742,""deezer_artist_id"":7047219,""artistas_secundarios"":[]}",completed,
96,2026-03-05 19:01:10.073397+00,98,i just might,bruno mars,995346,pop,,i just might,,212,en,deezer,https://www.deezer.com/track/3763842212,"{""pais"":""PY"",""posicion"":98,""es_infantil"":false,""deezer_album_id"":893791002,""deezer_track_id"":3763842212,""deezer_artist_id"":429675,""artistas_secundarios"":[]}",completed,
97,2026-03-05 19:01:13.956762+00,99,summer is a curse,the faim,731274,rock,,state of mind,,181,en,deezer,https://www.deezer.com/track/3785911572,"{""pais"":""PY"",""posicion"":99,""es_infantil"":false,""deezer_album_id"":901402292,""deezer_track_id"":3785911572,""deezer_artist_id"":14062395,""artistas_secundarios"":[]}",completed,
98,2026-03-05 19:01:17.783858+00,100,te dedico,carlos vives,533062,reggaeton,,te dedico,,222,es,deezer,https://www.deezer.com/track/3804803312,"{""pais"":""PY"",""posicion"":100,""es_infantil"":false,""deezer_album_id"":905705962,""deezer_track_id"":3804803312,""deezer_artist_id"":7343,""artistas_secundarios"":[]}",completed,
99,2026-03-05 20:02:22.4716+00,1,see you again,wiz khalifa,862606,trap,,see you again,,229,en,deezer,https://www.deezer.com/track/95813354,"{""pais"":""ES"",""posicion"":1,""es_infantil"":false,""deezer_album_id"":9746786,""deezer_track_id"":95813354,""deezer_artist_id"":74804,""artistas_secundarios"":[]}",completed,
100,2026-03-05 20:02:24.275087+00,2,ayo,chris brown,712302,pop,,fan of a fan the album,,226,en,deezer,https://www.deezer.com/track/94727038,"{""pais"":""ES"",""posicion"":2,""es_infantil"":false,""deezer_album_id"":9637530,""deezer_track_id"":94727038,""deezer_artist_id"":102,""artistas_secundarios"":[]}",completed,
101,2026-03-05 20:02:26.140308+00,3,locked away,r city,822301,reggaeton,,locked away,,227,en,deezer,https://www.deezer.com/track/102671422,"{""pais"":""ES"",""posicion"":3,""es_infantil"":false,""deezer_album_id"":10667660,""deezer_track_id"":102671422,""deezer_artist_id"":5293885,""artistas_secundarios"":[]}",completed,
102,2026-03-05 20:02:28.01581+00,4,loyal,chris brown,16053,pop,,x,,264,en,deezer,https://www.deezer.com/track/84268163,"{""pais"":""ES"",""posicion"":4,""error_letra"":""No encontrada en Genius"",""es_infantil"":false,""deezer_album_id"":8488851,""deezer_track_id"":84268163,""deezer_artist_id"":102,""artistas_secundarios"":[]}",error,
103,2026-03-05 20:02:29.840155+00,5,post to be,omarion,539601,pop,,sex playlist,,226,en,deezer,https://www.deezer.com/track/90465927,"{""pais"":""ES"",""posicion"":5,""es_infantil"":false,""deezer_album_id"":9170425,""deezer_track_id"":90465927,""deezer_artist_id"":255,""artistas_secundarios"":[]}",completed,
104,2026-03-05 20:02:31.625339+00,6,bitches n marijuana,chris brown,1899,pop,,bitches n marijuana,,254,en,deezer,https://www.deezer.com/track/94635148,"{""pais"":""ES"",""posicion"":6,""es_infantil"":false,""deezer_album_id"":9627010,""deezer_track_id"":94635148,""deezer_artist_id"":102,""artistas_secundarios"":[]}",completed,
105,2026-03-05 20:02:33.421823+00,7,nothing but trouble,lil wayne,316373,trap,,nothing but trouble,,217,en,deezer,https://www.deezer.com/track/102994210,"{""pais"":""ES"",""posicion"":7,""es_infantil"":false,""deezer_album_id"":10702314,""deezer_track_id"":102994210,""deezer_artist_id"":74309,""artistas_secundarios"":[]}",completed,
106,2026-03-05 20:02:35.324986+00,8,all i need is you,lecrae,8835,trap,,anomaly,,224,en,deezer,https://www.deezer.com/track/84083071,"{""pais"":""ES"",""posicion"":8,""es_infantil"":false,""deezer_album_id"":8466073,""deezer_track_id"":84083071,""deezer_artist_id"":394387,""artistas_secundarios"":[]}",completed,
107,2026-03-05 20:02:37.274763+00,9,around the clock,tink,71123,electronica,,around the clock,,230,en,deezer,https://www.deezer.com/track/91968268,"{""pais"":""ES"",""posicion"":9,""es_infantil"":false,""deezer_album_id"":9335168,""deezer_track_id"":91968268,""deezer_artist_id"":4904080,""artistas_secundarios"":[]}",completed,
108,2026-03-05 20:02:39.087339+00,10,the matrimony,wale,397550,hiphop,,the matrimony,,395,en,deezer,https://www.deezer.com/track/95976184,"{""pais"":""ES"",""posicion"":10,""es_infantil"":false,""deezer_album_id"":9761006,""deezer_track_id"":95976184,""deezer_artist_id"":281561,""artistas_secundarios"":[]}",completed,
109,2026-03-05 20:02:40.852126+00,11,get low,waka flocka flame,180262,trap,,triple f life friends fans family,,256,en,deezer,https://www.deezer.com/track/34615841,"{""pais"":""ES"",""posicion"":11,""es_infantil"":false,""deezer_album_id"":3352031,""deezer_track_id"":34615841,""deezer_artist_id"":413051,""artistas_secundarios"":[]}",completed,
110,2026-03-05 20:02:42.72697+00,12,nothin on you,bob,742215,pop,,bob presents the adventures of bobby ray,,268,en,deezer,https://www.deezer.com/track/5979884,"{""pais"":""ES"",""posicion"":12,""es_infantil"":false,""deezer_album_id"":544370,""deezer_track_id"":5979884,""deezer_artist_id"":280294,""artistas_secundarios"":[]}",completed,
111,2026-03-05 20:02:44.66776+00,13,til the cops come knockin,maxwell,225484,rnb,,maxwell mtv unplugged,,187,en,deezer,https://www.deezer.com/track/1035834,"{""pais"":""ES"",""posicion"":13,""es_infantil"":false,""deezer_album_id"":113378,""deezer_track_id"":1035834,""deezer_artist_id"":2376,""artistas_secundarios"":[]}",completed,
112,2026-03-05 20:02:46.502853+00,14,ascension,maxwell,243325,r&b,,maxwell mtv unplugged,,310,en,deezer,https://www.deezer.com/track/1035831,"{""pais"":""ES"",""posicion"":14,""es_infantil"":false,""deezer_album_id"":113378,""deezer_track_id"":1035831,""deezer_artist_id"":2376,""artistas_secundarios"":[]}",completed,
113,2026-03-05 20:02:48.306173+00,15,blessings,big sean,190517,trap,,dark sky paradise,,252,en,deezer,https://www.deezer.com/track/95057438,"{""pais"":""ES"",""posicion"":15,""es_infantil"":false,""deezer_album_id"":9670726,""deezer_track_id"":95057438,""deezer_artist_id"":15427,""artistas_secundarios"":[]}",completed,
114,2026-03-05 20:02:50.093023+00,16,devil,cash cash,262995,pop,,devil,,210,en,deezer,https://www.deezer.com/track/104999734,"{""pais"":""ES"",""posicion"":16,""es_infantil"":false,""deezer_album_id"":10934406,""deezer_track_id"":104999734,""deezer_artist_id"":167498,""artistas_secundarios"":[]}",completed,
115,2026-03-05 20:02:51.961767+00,17,otis,jay z,21944,trap,,watch the throne,,180,en,deezer,https://www.deezer.com/track/13430744,"{""pais"":""ES"",""posicion"":17,""es_infantil"":false,""deezer_album_id"":1230376,""deezer_track_id"":13430744,""deezer_artist_id"":1309,""artistas_secundarios"":[]}",completed,
116,2026-03-05 20:02:53.924043+00,18,trap queen,fetty wap,662436,trap,,trap queen,,222,en,deezer,https://www.deezer.com/track/91934728,"{""pais"":""ES"",""posicion"":18,""es_infantil"":false,""deezer_album_id"":9331972,""deezer_track_id"":91934728,""deezer_artist_id"":7200950,""artistas_secundarios"":[]}",completed,
117,2026-03-05 20:02:55.709592+00,19,ordinary love,sarkodie,21718,rap,,sarkology,,211,en,deezer,https://www.deezer.com/track/73846732,"{""pais"":""ES"",""posicion"":19,""es_infantil"":false,""deezer_album_id"":7283270,""deezer_track_id"":73846732,""deezer_artist_id"":4101336,""artistas_secundarios"":[]}",completed,
118,2026-03-05 20:02:57.502201+00,20,sweeter than sugar,joe,268968,pop,,and then,,218,en,deezer,https://www.deezer.com/track/629337,"{""pais"":""ES"",""posicion"":20,""es_infantil"":false,""deezer_album_id"":78707,""deezer_track_id"":629337,""deezer_artist_id"":188,""artistas_secundarios"":[]}",completed,
119,2026-03-05 20:02:59.491464+00,21,time of our lives,ne yo,277155,pop,,time of our lives,,229,en,deezer,https://www.deezer.com/track/90326857,"{""pais"":""ES"",""posicion"":21,""error_letra"":""No encontrada en Genius"",""es_infantil"":false,""deezer_album_id"":9154921,""deezer_track_id"":90326857,""deezer_artist_id"":104,""artistas_secundarios"":[]}",error,
120,2026-03-05 20:03:01.421119+00,22,coming,ne yo,266694,pop,,non fiction,,259,en,deezer,https://www.deezer.com/track/94354504,"{""pais"":""ES"",""posicion"":22,""es_infantil"":false,""deezer_album_id"":9593476,""deezer_track_id"":94354504,""deezer_artist_id"":104,""artistas_secundarios"":[]}",completed,
121,2026-03-05 20:03:03.231382+00,23,phenomenal,eminem,436219,trap,,southpaw,,283,en,deezer,https://www.deezer.com/track/104488200,"{""pais"":""ES"",""posicion"":23,""es_infantil"":false,""deezer_album_id"":10872968,""deezer_track_id"":104488200,""deezer_artist_id"":13,""artistas_secundarios"":[]}",completed,
122,2026-03-05 20:03:05.013434+00,24,be real,kid ink,26723,trap,,full speed,,206,en,deezer,https://www.deezer.com/track/94065960,"{""pais"":""ES"",""posicion"":24,""es_infantil"":false,""deezer_album_id"":9560024,""deezer_track_id"":94065960,""deezer_artist_id"":1154611,""artistas_secundarios"":[]}",completed,
123,2026-03-05 20:03:06.87498+00,25,shook ones pt ii,mobb deep,783737,hiphop,,the infamous,,326,en,deezer,https://www.deezer.com/track/1044157,"{""pais"":""ES"",""posicion"":25,""es_infantil"":false,""deezer_album_id"":114005,""deezer_track_id"":1044157,""deezer_artist_id"":2513,""artistas_secundarios"":[]}",completed,
124,2026-03-05 20:03:08.795463+00,26,piss em off,ace hood,9337,trap,,starvation,,156,en,deezer,https://www.deezer.com/track/34465001,"{""pais"":""ES"",""posicion"":26,""es_infantil"":false,""deezer_album_id"":3335181,""deezer_track_id"":34465001,""deezer_artist_id"":154055,""artistas_secundarios"":[]}",completed,
125,2026-03-05 20:03:10.736064+00,27,just a dream,nelly,156650,hiphop,,50,,240,en,deezer,https://www.deezer.com/track/7562941,"{""pais"":""ES"",""posicion"":27,""es_infantil"":false,""deezer_album_id"":697804,""deezer_track_id"":7562941,""deezer_artist_id"":105,""artistas_secundarios"":[]}",completed,
126,2026-03-05 20:03:12.643958+00,28,this womans work,maxwell,275102,r&b,,maxwell mtv unplugged,,257,en,deezer,https://www.deezer.com/track/1035827,"{""pais"":""ES"",""posicion"":28,""es_infantil"":false,""deezer_album_id"":113378,""deezer_track_id"":1035827,""deezer_artist_id"":2376,""artistas_secundarios"":[]}",completed,
127,2026-03-05 20:03:14.48197+00,29,gotta get closer,maxwell,214081,r&b,,maxwell mtv unplugged,,437,en,deezer,https://www.deezer.com/track/1035832,"{""pais"":""ES"",""posicion"":29,""es_infantil"":false,""deezer_album_id"":113378,""deezer_track_id"":1035832,""deezer_artist_id"":2376,""artistas_secundarios"":[]}",completed,
128,2026-03-05 20:03:16.428548+00,30,the beat tape,lmno,11,electronica,,selector series guide to lampin presents summer indie hip hop sampler,,169,en,deezer,https://www.deezer.com/track/1225810,"{""pais"":""ES"",""posicion"":30,""es_infantil"":false,""deezer_album_id"":129875,""deezer_track_id"":1225810,""deezer_artist_id"":112232,""artistas_secundarios"":[]}",completed,
129,2026-03-05 20:03:18.387002+00,31,whenever wherever whatever,maxwell,238677,rock,,maxwell mtv unplugged,,285,en,deezer,https://www.deezer.com/track/1035829,"{""pais"":""ES"",""posicion"":31,""es_infantil"":false,""deezer_album_id"":113378,""deezer_track_id"":1035829,""deezer_artist_id"":2376,""artistas_secundarios"":[]}",completed,
130,2026-03-05 20:03:22.280354+00,32,real hip hop,das efx,23096,hip hop,,hip hop golden age vol 7,,249,es,deezer,https://www.deezer.com/track/87335087,"{""pais"":""ES"",""posicion"":32,""es_infantil"":false,""deezer_album_id"":8812469,""deezer_track_id"":87335087,""deezer_artist_id"":4468,""artistas_secundarios"":[]}",completed,
131,2026-03-05 20:03:24.163215+00,33,promises,wiz khalifa,144922,trap,,blacc hollywood,,210,en,deezer,https://www.deezer.com/track/82410866,"{""pais"":""ES"",""posicion"":33,""es_infantil"":false,""deezer_album_id"":8270490,""deezer_track_id"":82410866,""deezer_artist_id"":74804,""artistas_secundarios"":[]}",completed,
132,2026-03-05 20:03:28.296787+00,34,the symphony,big daddy kane,6969,hiphop,,best of old school hip hop,,365,en,deezer,https://www.deezer.com/track/80718278,"{""pais"":""ES"",""posicion"":34,""es_infantil"":false,""deezer_album_id"":8066120,""deezer_track_id"":80718278,""deezer_artist_id"":6889,""artistas_secundarios"":[]}",completed,
133,2026-03-05 20:03:30.154215+00,35,pills n potions,nicki minaj,174194,trap,,the pinkprint,,268,en,deezer,https://www.deezer.com/track/92818802,"{""pais"":""ES"",""posicion"":35,""es_infantil"":false,""deezer_album_id"":9420892,""deezer_track_id"":92818802,""deezer_artist_id"":382937,""artistas_secundarios"":[]}",completed,
134,2026-03-05 20:03:34.227057+00,36,the a la menthe,la caution,308865,reggaeton,,peines de maures arc en ciel pour daltoniens,,255,fr,deezer,https://www.deezer.com/track/94400948,"{""pais"":""ES"",""posicion"":36,""es_infantil"":false,""deezer_album_id"":9600218,""deezer_track_id"":94400948,""deezer_artist_id"":1208,""artistas_secundarios"":[]}",completed,
135,2026-03-05 20:03:38.287928+00,37,drop that kitty,ty dolla ign,373403,trap,,drop that kitty,,216,en,deezer,https://www.deezer.com/track/95225618,"{""pais"":""ES"",""posicion"":37,""es_infantil"":false,""deezer_album_id"":9688300,""deezer_track_id"":95225618,""deezer_artist_id"":4438587,""artistas_secundarios"":[]}",completed,
136,2026-03-05 20:03:40.182686+00,38,commas,meek mill,260607,trap,,maybach,,176,en,deezer,https://www.deezer.com/track/106456970,"{""pais"":""ES"",""posicion"":38,""es_infantil"":false,""deezer_album_id"":11101586,""deezer_track_id"":106456970,""deezer_artist_id"":413596,""artistas_secundarios"":[]}",completed,
137,2026-03-05 20:03:44.368263+00,39,show me,omarion,251868,pop,,sex playlist,,234,en,deezer,https://www.deezer.com/track/90465929,"{""pais"":""ES"",""posicion"":39,""es_infantil"":false,""deezer_album_id"":9170425,""deezer_track_id"":90465929,""deezer_artist_id"":255,""artistas_secundarios"":[]}",completed,
138,2026-03-05 20:03:46.205062+00,40,up,bob,67006,rock,,psycadelik thoughtz,,273,en,deezer,https://www.deezer.com/track/105344894,"{""pais"":""ES"",""posicion"":40,""es_infantil"":false,""deezer_album_id"":10973202,""deezer_track_id"":105344894,""deezer_artist_id"":280294,""artistas_secundarios"":[]}",completed,
139,2026-03-05 20:03:50.149701+00,41,9 shots,cent,389882,reggaeton,,9 shots,,133,es,deezer,https://www.deezer.com/track/105389132,"{""pais"":""ES"",""posicion"":41,""es_infantil"":false,""deezer_album_id"":10977858,""deezer_track_id"":105389132,""deezer_artist_id"":66,""artistas_secundarios"":[]}",completed,
140,2026-03-05 20:03:54.294601+00,42,give it all to me,mavado,211574,dancehall,,give it all to me,,214,en,deezer,https://www.deezer.com/track/71068250,"{""pais"":""ES"",""posicion"":42,""es_infantil"":false,""deezer_album_id"":6975993,""deezer_track_id"":71068250,""deezer_artist_id"":156229,""artistas_secundarios"":[]}",completed,
141,2026-03-05 20:03:56.152414+00,43,better,chris brown,329333,pop,,fan of a fan the album,,222,en,deezer,https://www.deezer.com/track/94727048,"{""pais"":""ES"",""posicion"":43,""es_infantil"":false,""deezer_album_id"":9637530,""deezer_track_id"":94727048,""deezer_artist_id"":102,""artistas_secundarios"":[]}",completed,
142,2026-03-05 20:04:00.4608+00,44,paradise,big sean,246150,trap,,dark sky paradise,,215,en,deezer,https://www.deezer.com/track/95057492,"{""pais"":""ES"",""posicion"":44,""es_infantil"":false,""deezer_album_id"":9670732,""deezer_track_id"":95057492,""deezer_artist_id"":15427,""artistas_secundarios"":[]}",completed,
143,2026-03-05 20:04:02.386849+00,45,fck up some commas,future,28402,trap,,monster,,236,en,deezer,https://www.deezer.com/track/89330183,"{""pais"":""ES"",""posicion"":45,""es_infantil"":false,""deezer_album_id"":9043333,""deezer_track_id"":89330183,""deezer_artist_id"":165930,""artistas_secundarios"":[]}",completed,
144,2026-03-05 20:04:04.462592+00,46,energy,drake,615106,trap,,if youre reading this its too late,,182,en,deezer,https://www.deezer.com/track/95254400,"{""pais"":""ES"",""posicion"":46,""es_infantil"":false,""deezer_album_id"":9691186,""deezer_track_id"":95254400,""deezer_artist_id"":246791,""artistas_secundarios"":[]}",completed,
145,2026-03-05 20:04:06.382208+00,47,last drink,konshens,2233,reggaeton,,mental maintenance,,193,en,deezer,https://www.deezer.com/track/16072925,"{""pais"":""ES"",""posicion"":47,""es_infantil"":false,""deezer_album_id"":1491846,""deezer_track_id"":16072925,""deezer_artist_id"":164002,""artistas_secundarios"":[]}",completed,
146,2026-03-05 20:04:10.51818+00,48,wet dollars,tazer,247295,reggaeton,,wet dollars,,194,en,deezer,https://www.deezer.com/track/102358574,"{""pais"":""ES"",""posicion"":48,""es_infantil"":false,""deezer_album_id"":10631472,""deezer_track_id"":102358574,""deezer_artist_id"":250560772,""artistas_secundarios"":[]}",completed,
147,2026-03-05 20:04:12.319991+00,49,reflecting,skepta,17,trap,,microphone champion,,198,en,deezer,https://www.deezer.com/track/78808529,"{""pais"":""ES"",""posicion"":49,""es_infantil"":false,""deezer_album_id"":7836876,""deezer_track_id"":78808529,""deezer_artist_id"":432022,""artistas_secundarios"":[]}",completed,
148,2026-03-05 20:04:16.416436+00,50,yoga,janelle monae,605215,pop,,yoga,,218,en,deezer,https://www.deezer.com/track/97859546,"{""pais"":""ES"",""posicion"":50,""es_infantil"":false,""deezer_album_id"":9965484,""deezer_track_id"":97859546,""deezer_artist_id"":131935,""artistas_secundarios"":[]}",completed,
149,2026-03-05 20:04:20.395218+00,51,letha brainz blo,heltah skeltah,241992,hiphop,,nocturnal,,259,en,deezer,https://www.deezer.com/track/3484268,"{""pais"":""ES"",""posicion"":51,""es_infantil"":false,""deezer_album_id"":330225,""deezer_track_id"":3484268,""deezer_artist_id"":13673,""artistas_secundarios"":[]}",completed,
150,2026-03-05 20:04:22.222667+00,52,this could be us,rae sremmurd,662903,trap,,sremmlife,,206,en,deezer,https://www.deezer.com/track/92871284,"{""pais"":""ES"",""posicion"":52,""es_infantil"":false,""deezer_album_id"":9426534,""deezer_track_id"":92871284,""deezer_artist_id"":5575762,""artistas_secundarios"":[]}",completed,
151,2026-03-05 20:04:26.387826+00,53,keep it movin,empire cast,137459,reggaeton,,original soundtrack from season 1 of empire,,208,en,deezer,https://www.deezer.com/track/96459914,"{""pais"":""ES"",""posicion"":53,""es_infantil"":false,""deezer_album_id"":9816894,""deezer_track_id"":96459914,""deezer_artist_id"":7196368,""artistas_secundarios"":[]}",completed,
152,2026-03-05 20:04:28.173399+00,54,nothin like me,chris brown,366966,pop,,fan of a fan the album,,245,en,deezer,https://www.deezer.com/track/94727036,"{""pais"":""ES"",""posicion"":54,""es_infantil"":false,""deezer_album_id"":9637530,""deezer_track_id"":94727036,""deezer_artist_id"":102,""artistas_secundarios"":[]}",completed,
153,2026-03-05 20:04:32.263412+00,55,money cant buy,ne yo,155548,pop,,non fiction,,255,en,deezer,https://www.deezer.com/track/94354514,"{""pais"":""ES"",""posicion"":55,""es_infantil"":false,""deezer_album_id"":9593476,""deezer_track_id"":94354514,""deezer_artist_id"":104,""artistas_secundarios"":[]}",completed,
154,2026-03-05 20:04:34.262763+00,56,the god smile,wale,162193,trap,,the album about nothing,,316,en,deezer,https://www.deezer.com/track/98102708,"{""pais"":""ES"",""posicion"":56,""error_letra"":""No encontrada en Genius"",""es_infantil"":false,""deezer_album_id"":10019082,""deezer_track_id"":98102708,""deezer_artist_id"":281561,""artistas_secundarios"":[]}",error,
155,2026-03-05 20:04:36.125158+00,57,fanfare,kev brown,18779,electronica,,selective hearing,,82,en,deezer,https://www.deezer.com/track/1366838,"{""pais"":""ES"",""posicion"":57,""es_infantil"":false,""deezer_album_id"":140649,""deezer_track_id"":1366838,""deezer_artist_id"":113857,""artistas_secundarios"":[]}",completed,
156,2026-03-05 20:04:40.062544+00,58,all day,kanye west,565590,trap,,all day,,310,en,deezer,https://www.deezer.com/track/96356636,"{""pais"":""ES"",""posicion"":58,""es_infantil"":false,""deezer_album_id"":9804854,""deezer_track_id"":96356636,""deezer_artist_id"":230,""artistas_secundarios"":[]}",completed,
157,2026-03-05 20:04:44.225162+00,59,gdfr,flo rida,702810,trap,,gdfr,,190,en,deezer,https://www.deezer.com/track/86922279,"{""pais"":""ES"",""posicion"":59,""es_infantil"":false,""deezer_album_id"":8769891,""deezer_track_id"":86922279,""deezer_artist_id"":64333,""artistas_secundarios"":[]}",completed,
158,2026-03-05 20:04:46.123024+00,60,trigger hippie,morcheeba,587156,electronica,,who can you trust,,331,en,deezer,https://www.deezer.com/track/712526,"{""pais"":""ES"",""posicion"":60,""es_infantil"":false,""deezer_album_id"":85193,""deezer_track_id"":712526,""deezer_artist_id"":901,""artistas_secundarios"":[]}",completed,
159,2026-03-05 20:04:50.220442+00,61,black is the night,dj vadim,27507,electronica,,sound catcher,,259,en,deezer,https://www.deezer.com/track/12315335,"{""pais"":""ES"",""posicion"":61,""es_infantil"":false,""deezer_album_id"":1131397,""deezer_track_id"":12315335,""deezer_artist_id"":5554,""artistas_secundarios"":[]}",completed,
160,2026-03-05 20:04:52.118439+00,62,pressure,billy ocean,10215,rock,,life,,280,en,deezer,https://www.deezer.com/track/2454632,"{""pais"":""ES"",""posicion"":62,""es_infantil"":false,""deezer_album_id"":241405,""deezer_track_id"":2454632,""deezer_artist_id"":4700,""artistas_secundarios"":[]}",completed,
161,2026-03-05 20:04:55.980038+00,63,i won,future,432058,trap,,honest,,241,en,deezer,https://www.deezer.com/track/77554029,"{""pais"":""ES"",""posicion"":63,""es_infantil"":false,""deezer_album_id"":7707620,""deezer_track_id"":77554029,""deezer_artist_id"":165930,""artistas_secundarios"":[]}",completed,
162,2026-03-05 20:05:00.118292+00,64,chinese music,chinese music,21746,other,,chinese music,,231,es,deezer,https://www.deezer.com/track/65331464,"{""pais"":""ES"",""posicion"":64,""es_infantil"":false,""deezer_album_id"":6404013,""deezer_track_id"":65331464,""deezer_artist_id"":1950941,""artistas_secundarios"":[]}",completed,
163,2026-03-05 20:05:01.949477+00,65,murder to excellence,jay z,15611,trap,,watch the throne,,300,en,deezer,https://www.deezer.com/track/13430750,"{""pais"":""ES"",""posicion"":65,""es_infantil"":false,""deezer_album_id"":1230376,""deezer_track_id"":13430750,""deezer_artist_id"":1309,""artistas_secundarios"":[]}",completed,
164,2026-03-05 20:05:06.057602+00,66,hip hop hooray,naughty by nature,1626,hip hop,,naughty iii,,267,en,deezer,https://www.deezer.com/track/757085,"{""pais"":""ES"",""posicion"":66,""es_infantil"":false,""deezer_album_id"":89395,""deezer_track_id"":757085,""deezer_artist_id"":3224,""artistas_secundarios"":[]}",completed,
165,2026-03-05 20:05:08.963219+00,67,southernplayalisticadillacmuzik,outkast,404806,hiphop,,southernplayalisticadillacmuzik,,318,en,deezer,https://www.deezer.com/track/966674,"{""pais"":""ES"",""posicion"":67,""es_infantil"":false,""deezer_album_id"":107921,""deezer_track_id"":966674,""deezer_artist_id"":9,""artistas_secundarios"":[]}",completed,
166,2026-03-05 20:05:12.873049+00,68,stay the night,billy ocean,490659,rock,,nights,,189,en,deezer,https://www.deezer.com/track/8014713,"{""pais"":""ES"",""posicion"":68,""es_infantil"":false,""deezer_album_id"":739768,""deezer_track_id"":8014713,""deezer_artist_id"":4700,""artistas_secundarios"":[]}",completed,
167,2026-03-05 20:05:15.878969+00,69,low budget,marco polo,41947,reggaeton,,port authority,,249,es,deezer,https://www.deezer.com/track/68328497,"{""pais"":""ES"",""posicion"":69,""es_infantil"":false,""deezer_album_id"":6691374,""deezer_track_id"":68328497,""deezer_artist_id"":4892403,""artistas_secundarios"":[]}",completed,
168,2026-03-05 20:05:18.932966+00,70,never an easy way,morcheeba,303354,electronica,,who can you trust,,402,en,deezer,https://www.deezer.com/track/712535,"{""pais"":""ES"",""posicion"":70,""es_infantil"":false,""deezer_album_id"":85193,""deezer_track_id"":712535,""deezer_artist_id"":901,""artistas_secundarios"":[]}",completed,
169,2026-03-05 20:05:22.897475+00,71,grand piano,nicki minaj,433543,pop,,the pinkprint,,259,en,deezer,https://www.deezer.com/track/92818806,"{""pais"":""ES"",""posicion"":71,""es_infantil"":false,""deezer_album_id"":9420892,""deezer_track_id"":92818806,""deezer_artist_id"":382937,""artistas_secundarios"":[]}",completed,
170,2026-03-05 20:05:25.965826+00,72,the next episode,dr dre,7833,trap,,,,162,en,deezer,https://www.deezer.com/track/1579481,"{""pais"":""ES"",""posicion"":72,""es_infantil"":false,""deezer_album_id"":162005,""deezer_track_id"":1579481,""deezer_artist_id"":763,""artistas_secundarios"":[]}",completed,
171,2026-03-05 20:05:28.799518+00,73,selective hearing,kev brown,31747,trap,,selective hearing,,246,en,deezer,https://www.deezer.com/track/1366862,"{""pais"":""ES"",""posicion"":73,""es_infantil"":false,""deezer_album_id"":140649,""deezer_track_id"":1366862,""deezer_artist_id"":113857,""artistas_secundarios"":[]}",completed,
172,2026-03-05 20:05:32.900017+00,74,the unheard,kev brown,31036,trap,,selective hearing,,168,en,deezer,https://www.deezer.com/track/1366889,"{""pais"":""ES"",""posicion"":74,""es_infantil"":false,""deezer_album_id"":140649,""deezer_track_id"":1366889,""deezer_artist_id"":113857,""artistas_secundarios"":[]}",completed,
173,2026-03-05 20:05:35.802646+00,75,paid in full,eric b rakim,2591,hiphop,,paid in full,,229,en,deezer,https://www.deezer.com/track/4244027,"{""pais"":""ES"",""posicion"":75,""es_infantil"":false,""deezer_album_id"":292062,""deezer_track_id"":4244027,""deezer_artist_id"":2366,""artistas_secundarios"":[]}",completed,
174,2026-03-05 20:05:38.699404+00,76,red nose,sage the gemini,290638,trap,,gas pedal the ep,,198,en,deezer,https://www.deezer.com/track/65544800,"{""pais"":""ES"",""posicion"":76,""es_infantil"":false,""deezer_album_id"":6425156,""deezer_track_id"":65544800,""deezer_artist_id"":4308309,""artistas_secundarios"":[]}",completed,
175,2026-03-05 20:05:42.732326+00,77,about the money,ti,523836,reggaeton,,paperwork,,302,es,deezer,https://www.deezer.com/track/87957607,"{""pais"":""ES"",""posicion"":77,""es_infantil"":false,""deezer_album_id"":8882653,""deezer_track_id"":87957607,""deezer_artist_id"":2527,""artistas_secundarios"":[]}",completed,
176,2026-03-05 20:05:45.580056+00,78,waves,mr probz,28469,pop,,goldfish presents organic house,,202,en,deezer,https://www.deezer.com/track/80148424,"{""pais"":""ES"",""posicion"":78,""es_infantil"":false,""deezer_album_id"":7999910,""deezer_track_id"":80148424,""deezer_artist_id"":2137231,""artistas_secundarios"":[]}",completed,
177,2026-03-05 20:05:48.599208+00,79,straight outta compton,nwa,1069,rock,,straight outta compton,,259,en,deezer,https://www.deezer.com/track/3099533,"{""pais"":""ES"",""posicion"":79,""es_infantil"":false,""deezer_album_id"":299870,""deezer_track_id"":3099533,""deezer_artist_id"":1004,""artistas_secundarios"":[]}",completed,
178,2026-03-05 20:05:51.606382+00,80,sin titulo proporcionado,wyclef jean,649037,hiphop,,the ecleftic 2 sides ii a book,,261,en,deezer,https://www.deezer.com/track/863369,"{""pais"":""ES"",""posicion"":80,""es_infantil"":false,""deezer_album_id"":98609,""deezer_track_id"":863369,""deezer_artist_id"":2395,""artistas_secundarios"":[]}",error,
179,2026-03-05 20:05:55.551365+00,81,va va voom,nicki minaj,240774,pop,,pink friday roman reloaded the re up,,184,en,deezer,https://www.deezer.com/track/62376335,"{""pais"":""ES"",""posicion"":81,""es_infantil"":false,""deezer_album_id"":6120370,""deezer_track_id"":62376335,""deezer_artist_id"":382937,""artistas_secundarios"":[]}",completed,
180,2026-03-05 20:05:59.780126+00,82,thrift shop,macklemore ryan lewis,877313,pop,,the heist,,235,en,deezer,https://www.deezer.com/track/61424045,"{""pais"":""ES"",""posicion"":82,""es_infantil"":false,""deezer_album_id"":6019334,""deezer_track_id"":61424045,""deezer_artist_id"":893222,""artistas_secundarios"":[]}",completed,
181,2026-03-05 20:06:06.16776+00,83,no mediocre,ti,559674,reggaeton,,no mediocre,,201,es,deezer,https://www.deezer.com/track/79426369,"{""pais"":""ES"",""posicion"":83,""es_infantil"":false,""deezer_album_id"":7906699,""deezer_track_id"":79426369,""deezer_artist_id"":2527,""artistas_secundarios"":[]}",completed,
182,2026-03-05 20:06:08.075453+00,84,no church in the wild,jay z,6049,trap,,watch the throne,,272,en,deezer,https://www.deezer.com/track/13430741,"{""pais"":""ES"",""posicion"":84,""es_infantil"":false,""deezer_album_id"":1230376,""deezer_track_id"":13430741,""deezer_artist_id"":1309,""artistas_secundarios"":[]}",completed,
183,2026-03-05 20:06:09.822144+00,85,perfect timing,skyzoo,11,trap,,selector series guide to lampin presents summer indie hip hop sampler,,261,en,deezer,https://www.deezer.com/track/1225772,"{""pais"":""ES"",""posicion"":85,""es_infantil"":false,""deezer_album_id"":129875,""deezer_track_id"":1225772,""deezer_artist_id"":115834,""artistas_secundarios"":[]}",completed,
184,2026-03-05 20:06:11.818923+00,86,lights out,chris brown,588293,pop,,fan of a fan the album,,286,en,deezer,https://www.deezer.com/track/94727050,"{""pais"":""ES"",""posicion"":86,""es_infantil"":false,""deezer_album_id"":9637530,""deezer_track_id"":94727050,""deezer_artist_id"":102,""artistas_secundarios"":[]}",completed,
185,2026-03-05 20:06:15.955374+00,87,hot n gga,bobby shmurda,658565,trap,,hot n gga,,195,en,deezer,https://www.deezer.com/track/81924820,"{""pais"":""ES"",""posicion"":87,""es_infantil"":false,""deezer_album_id"":8209344,""deezer_track_id"":81924820,""deezer_artist_id"":6208668,""artistas_secundarios"":[]}",completed,
186,2026-03-05 20:06:19.009685+00,88,ill be missing you,diddy,336070,pop,,tribute to the notorious big,,301,en,deezer,https://www.deezer.com/track/82743060,"{""pais"":""ES"",""posicion"":88,""es_infantil"":false,""deezer_album_id"":8310798,""deezer_track_id"":82743060,""deezer_artist_id"":173581,""artistas_secundarios"":[]}",completed,
187,2026-03-05 20:06:22.116667+00,89,up like trump,rae sremmurd,233049,trap,,sremmlife,,193,en,deezer,https://www.deezer.com/track/92871294,"{""pais"":""ES"",""posicion"":89,""es_infantil"":false,""deezer_album_id"":9426534,""deezer_track_id"":92871294,""deezer_artist_id"":5575762,""artistas_secundarios"":[]}",completed,
188,2026-03-05 20:06:25.192954+00,90,drop girl,ice cube,25030,hiphop,,drop girl,,179,en,deezer,https://www.deezer.com/track/80860206,"{""pais"":""ES"",""posicion"":90,""es_infantil"":false,""deezer_album_id"":8081968,""deezer_track_id"":80860206,""deezer_artist_id"":2353,""artistas_secundarios"":[]}",completed,
189,2026-03-05 20:06:29.196009+00,91,deep,mustard,37945,reggaeton,,summers,,217,en,deezer,https://www.deezer.com/track/83116470,"{""pais"":""ES"",""posicion"":91,""es_infantil"":false,""deezer_album_id"":8347504,""deezer_track_id"":83116470,""deezer_artist_id"":1113629,""artistas_secundarios"":[]}",completed,
190,2026-03-05 20:06:32.334153+00,92,starships,nicki minaj,35084,pop,,pink friday roman reloaded the re up,,210,en,deezer,https://www.deezer.com/track/62376249,"{""pais"":""ES"",""posicion"":92,""es_infantil"":false,""deezer_album_id"":6120357,""deezer_track_id"":62376249,""deezer_artist_id"":382937,""artistas_secundarios"":[]}",completed,
191,2026-03-05 20:06:35.337677+00,93,welcome to the jungle,jay z,8142,rap,,watch the throne,,174,en,deezer,https://www.deezer.com/track/13430748,"{""pais"":""ES"",""posicion"":93,""es_infantil"":false,""deezer_album_id"":1230376,""deezer_track_id"":13430748,""deezer_artist_id"":1309,""artistas_secundarios"":[]}",completed,
192,2026-03-05 20:06:39.403351+00,94,westside,chris brown,328832,pop,,fan of a fan the album,,214,en,deezer,https://www.deezer.com/track/94727034,"{""pais"":""ES"",""posicion"":94,""es_infantil"":false,""deezer_album_id"":9637530,""deezer_track_id"":94727034,""deezer_artist_id"":102,""artistas_secundarios"":[]}",completed,
193,2026-03-05 20:06:42.359055+00,95,u black maybe,common,276355,hiphop,,finding forever,,302,en,deezer,https://www.deezer.com/track/1139565,"{""pais"":""ES"",""posicion"":95,""es_infantil"":false,""deezer_album_id"":122135,""deezer_track_id"":1139565,""deezer_artist_id"":238,""artistas_secundarios"":[]}",completed,
194,2026-03-05 20:06:45.394489+00,96,wrong in the right way,chris brown,249751,pop,,fan of a fan the album,,270,en,deezer,https://www.deezer.com/track/94727058,"{""pais"":""ES"",""posicion"":96,""es_infantil"":false,""deezer_album_id"":9637530,""deezer_track_id"":94727058,""deezer_artist_id"":102,""artistas_secundarios"":[]}",completed,
195,2026-03-05 20:06:48.557432+00,97,messengers,lecrae,1796,trap,,anomaly,,216,en,deezer,https://www.deezer.com/track/84083079,"{""pais"":""ES"",""posicion"":97,""es_infantil"":false,""deezer_album_id"":8466073,""deezer_track_id"":84083079,""deezer_artist_id"":394387,""artistas_secundarios"":[]}",completed,
196,2026-03-05 20:06:51.406533+00,98,feel me flow,naughty by nature,2480,hiphop,,povertys paradise,,212,en,deezer,https://www.deezer.com/track/8175417,"{""pais"":""ES"",""posicion"":98,""es_infantil"":false,""deezer_album_id"":754234,""deezer_track_id"":8175417,""deezer_artist_id"":3224,""artistas_secundarios"":[]}",completed,
197,2026-03-05 20:06:55.448959+00,99,ride out,kid ink,558538,trap,,ride out,,211,en,deezer,https://www.deezer.com/track/95140962,"{""pais"":""ES"",""posicion"":99,""es_infantil"":false,""deezer_album_id"":9679556,""deezer_track_id"":95140962,""deezer_artist_id"":1154611,""artistas_secundarios"":[]}",completed,
198,2026-03-05 20:06:58.367054+00,100,boss,ice prince,9034,rap,,boss,,186,en,deezer,https://www.deezer.com/track/106204392,"{""pais"":""ES"",""posicion"":100,""es_infantil"":false,""deezer_album_id"":11073352,""deezer_track_id"":106204392,""deezer_artist_id"":4131495,""artistas_secundarios"":[]}",completed,
199,2026-03-05 20:07:01.9922+00,1,flashlight,jessie j,670556,pop,,flashlight,,208,en,deezer,https://www.deezer.com/track/98086362,"{""pais"":""MX"",""posicion"":1,""es_infantil"":false,""deezer_album_id"":10017022,""deezer_track_id"":98086362,""deezer_artist_id"":985109,""artistas_secundarios"":[]}",completed,
200,2026-03-05 20:07:05.096979+00,2,it will rain,bruno mars,1313,pop,,twilight forever love songs from the twilight saga,,257,en,deezer,https://www.deezer.com/track/74598346,"{""pais"":""MX"",""posicion"":2,""es_infantil"":false,""deezer_album_id"":7369829,""deezer_track_id"":74598346,""deezer_artist_id"":429675,""artistas_secundarios"":[]}",completed,
201,2026-03-05 20:07:07.98569+00,3,happy,pharrell williams,7761,pop,,happy,,233,en,deezer,https://www.deezer.com/track/73616508,"{""pais"":""MX"",""posicion"":3,""es_infantil"":false,""deezer_album_id"":7258476,""deezer_track_id"":73616508,""deezer_artist_id"":103,""artistas_secundarios"":[]}",completed,
202,2026-03-05 20:07:12.027695+00,4,young wild free,snoop dogg,871903,hiphop,,mac and devin go to high school,,207,en,deezer,https://www.deezer.com/track/14954267,"{""pais"":""MX"",""posicion"":4,""es_infantil"":false,""deezer_album_id"":1379031,""deezer_track_id"":14954267,""deezer_artist_id"":3,""artistas_secundarios"":[]}",completed,
203,2026-03-05 20:07:14.959747+00,5,hello,lionel richie,733491,pop,,gold,,249,en,deezer,https://www.deezer.com/track/918048,"{""pais"":""MX"",""posicion"":5,""es_infantil"":false,""deezer_album_id"":103391,""deezer_track_id"":918048,""deezer_artist_id"":3445,""artistas_secundarios"":[]}",completed,
204,2026-03-05 20:07:17.824995+00,6,titanium,david guetta,3091,electronica,,happy new year,,245,en,deezer,https://www.deezer.com/track/91414254,"{""pais"":""MX"",""posicion"":6,""es_infantil"":false,""deezer_album_id"":9272674,""deezer_track_id"":91414254,""deezer_artist_id"":542,""artistas_secundarios"":[]}",completed,
205,2026-03-05 20:07:22.173333+00,7,glory,common,30991,hiphop,,glory,,273,en,deezer,https://www.deezer.com/track/92233614,"{""pais"":""MX"",""posicion"":7,""es_infantil"":false,""deezer_album_id"":9360502,""deezer_track_id"":92233614,""deezer_artist_id"":238,""artistas_secundarios"":[]}",completed,
206,2026-03-05 20:07:25.190756+00,8,tonight i celebrate my love,peabo bryson,215875,pop,,bedroom classics vol 2,,209,en,deezer,https://www.deezer.com/track/673802,"{""pais"":""MX"",""posicion"":8,""es_infantil"":false,""deezer_album_id"":81548,""deezer_track_id"":673802,""deezer_artist_id"":192320,""artistas_secundarios"":[]}",completed,
207,2026-03-05 20:07:28.157948+00,9,boom clap,charli xcx,317624,pop,,the fault in our stars music from the motion picture,,169,en,deezer,https://www.deezer.com/track/78367490,"{""pais"":""MX"",""posicion"":9,""es_infantil"":false,""deezer_album_id"":7794493,""deezer_track_id"":78367490,""deezer_artist_id"":1462230,""artistas_secundarios"":[]}",completed,
208,2026-03-05 20:07:31.188659+00,10,runaway,galantis,813530,electronica,,runaway,,227,en,deezer,https://www.deezer.com/track/86453925,"{""pais"":""MX"",""posicion"":10,""es_infantil"":false,""deezer_album_id"":8722185,""deezer_track_id"":86453925,""deezer_artist_id"":3265001,""artistas_secundarios"":[]}",completed,
209,2026-03-05 20:07:35.052358+00,11,ek din teri raahon,pritam,866,pop,,pehli nazar mein,,292,en,deezer,https://www.deezer.com/track/71104903,"{""pais"":""MX"",""posicion"":11,""es_infantil"":false,""deezer_album_id"":6979994,""deezer_track_id"":71104903,""deezer_artist_id"":290619,""artistas_secundarios"":[]}",completed,
210,2026-03-05 20:07:38.09181+00,12,opp,naughty by nature,2007,hiphop,,naughty by nature,,271,en,deezer,https://www.deezer.com/track/5416682,"{""pais"":""MX"",""posicion"":12,""es_infantil"":false,""deezer_album_id"":496100,""deezer_track_id"":5416682,""deezer_artist_id"":3224,""artistas_secundarios"":[]}",completed,
211,2026-03-05 20:07:42.031242+00,13,i just call to say i love you,casablanca pops orchestra,111664,pop,,love songs of all time,,265,en,deezer,https://www.deezer.com/track/75968749,"{""pais"":""MX"",""posicion"":13,""es_infantil"":false,""deezer_album_id"":7529118,""deezer_track_id"":75968749,""deezer_artist_id"":5458972,""artistas_secundarios"":[]}",completed,
212,2026-03-05 20:07:44.98323+00,14,to the club,bodybangers,87883,electronica,,to the club,,393,en,deezer,https://www.deezer.com/track/95774758,"{""pais"":""MX"",""posicion"":14,""error_letra"":""No encontrada en Genius"",""es_infantil"":false,""deezer_album_id"":9744018,""deezer_track_id"":95774758,""deezer_artist_id"":168551,""artistas_secundarios"":[]}",error,
213,2026-03-05 20:07:48.924836+00,15,patricide,gavin greenaway,156155,rock,,gladiator music from the motion picture,,248,en,deezer,https://www.deezer.com/track/2919197,"{""pais"":""MX"",""posicion"":15,""error_letra"":""No encontrada en Genius"",""es_infantil"":false,""deezer_album_id"":284106,""deezer_track_id"":2919197,""deezer_artist_id"":76118,""artistas_secundarios"":[]}",error,
214,2026-03-05 20:07:51.775276+00,16,let love make you strong,the shock band,10692,rock,,hits girlz vol 1,,230,en,deezer,https://www.deezer.com/track/78847373,"{""pais"":""MX"",""posicion"":16,""es_infantil"":false,""deezer_album_id"":7841115,""deezer_track_id"":78847373,""deezer_artist_id"":2814561,""artistas_secundarios"":[]}",completed,
215,2026-03-05 20:07:55.999907+00,18,fairytale,chart hit factory,8952,pop,,fairytale,,181,en,deezer,https://www.deezer.com/track/67969884,"{""pais"":""MX"",""posicion"":18,""es_infantil"":false,""deezer_album_id"":6656270,""deezer_track_id"":67969884,""deezer_artist_id"":4854215,""artistas_secundarios"":[]}",completed,
216,2026-03-05 20:07:58.910894+00,19,i wonder,rodriguez,25425,rock,,cold fact,,154,en,deezer,https://www.deezer.com/track/14013651,"{""pais"":""MX"",""posicion"":19,""es_infantil"":false,""deezer_album_id"":1283960,""deezer_track_id"":14013651,""deezer_artist_id"":151551,""artistas_secundarios"":[]}",completed,
217,2026-03-05 20:08:01.907907+00,20,anywhere but here,christina aguilera,291534,pop,,anywhere but here,,220,en,deezer,https://www.deezer.com/track/100048186,"{""pais"":""MX"",""posicion"":20,""es_infantil"":false,""deezer_album_id"":10243322,""deezer_track_id"":100048186,""deezer_artist_id"":116,""artistas_secundarios"":[]}",completed,
218,2026-03-05 20:08:05.943051+00,21,let it go,idina menzel,11604,pop,,let it go the complete set,,224,en,deezer,https://www.deezer.com/track/76849955,"{""pais"":""MX"",""posicion"":21,""es_infantil"":false,""deezer_album_id"":7626620,""deezer_track_id"":76849955,""deezer_artist_id"":7023,""artistas_secundarios"":[]}",completed,
219,2026-03-05 20:08:08.880581+00,22,now we are free,lisa gerrard,25446,rock,,the classical album,,253,en,deezer,https://www.deezer.com/track/2513401,"{""pais"":""MX"",""posicion"":22,""es_infantil"":false,""deezer_album_id"":246770,""deezer_track_id"":2513401,""deezer_artist_id"":2816,""artistas_secundarios"":[]}",completed,
220,2026-03-05 20:08:12.033641+00,23,yaaram,vishal bhardwaj,18401,rock,,ek thi daayan,,292,en,deezer,https://www.deezer.com/track/65893789,"{""pais"":""MX"",""posicion"":23,""es_infantil"":false,""deezer_album_id"":6454981,""deezer_track_id"":65893789,""deezer_artist_id"":114545,""artistas_secundarios"":[]}",completed,
221,2026-03-05 20:08:14.987376+00,24,sugar man,rodriguez,22460,rock,,searching for sugar man,,227,en,deezer,https://www.deezer.com/track/41034851,"{""pais"":""MX"",""posicion"":24,""es_infantil"":false,""deezer_album_id"":4009231,""deezer_track_id"":41034851,""deezer_artist_id"":12977901,""artistas_secundarios"":[]}",completed,
222,2026-03-05 20:08:19.030062+00,25,tongue tied,grouplove,589880,rock,,never trust a happy song,,218,en,deezer,https://www.deezer.com/track/13544758,"{""pais"":""MX"",""posicion"":25,""es_infantil"":false,""deezer_album_id"":1240446,""deezer_track_id"":13544758,""deezer_artist_id"":483428,""artistas_secundarios"":[]}",completed,
223,2026-03-05 20:08:22.202236+00,26,bol bachchan,himesh reshammiya,13,pop,,bol bachchan,,359,en,deezer,https://www.deezer.com/track/71134808,"{""pais"":""MX"",""posicion"":26,""error_letra"":""No encontrada en Genius"",""es_infantil"":false,""deezer_album_id"":6983293,""deezer_track_id"":71134808,""deezer_artist_id"":2630,""artistas_secundarios"":[]}",error,
224,2026-03-05 20:08:25.05229+00,27,immortals,fall out boy,436872,rock,,immortals,,193,en,deezer,https://www.deezer.com/track/87801269,"{""pais"":""MX"",""posicion"":27,""es_infantil"":false,""deezer_album_id"":8865091,""deezer_track_id"":87801269,""deezer_artist_id"":404,""artistas_secundarios"":[]}",completed,
225,2026-03-05 20:08:29.325838+00,29,farewell my brother,dustin ohalloran,22157,electronica,,umrika,,127,en,deezer,https://www.deezer.com/track/106315262,"{""pais"":""MX"",""posicion"":29,""es_infantil"":false,""deezer_album_id"":11085676,""deezer_track_id"":106315262,""deezer_artist_id"":107096,""artistas_secundarios"":[]}",completed,
226,2026-03-05 20:08:32.157251+00,30,nimbooda,kavita krishnamurthy,13,pop,,hum dil de chuke sanam,,364,ta|en,deezer,https://www.deezer.com/track/71151419,"{""pais"":""MX"",""posicion"":30,""error_letra"":""No encontrada en Genius"",""es_infantil"":false,""deezer_album_id"":6985178,""deezer_track_id"":71151419,""deezer_artist_id"":106729,""artistas_secundarios"":[]}",error,
227,2026-03-05 20:08:35.255646+00,31,feel the light,jennifer lopez,258399,pop,,feel the light,,291,es,deezer,https://www.deezer.com/track/95974406,"{""pais"":""MX"",""posicion"":31,""es_infantil"":false,""deezer_album_id"":9760912,""deezer_track_id"":95974406,""deezer_artist_id"":45,""artistas_secundarios"":[]}",completed,
228,2026-03-05 20:08:39.335355+00,32,marianelli the living sculptures of pemberley,english chamber orchestra,474018,classical,,pride and prejudice ost,,178,en,deezer,https://www.deezer.com/track/2949929,"{""pais"":""MX"",""posicion"":32,""error_letra"":""No encontrada en Genius"",""es_infantil"":false,""deezer_album_id"":286651,""deezer_track_id"":2949929,""deezer_artist_id"":76863,""artistas_secundarios"":[]}",error,
229,2026-03-05 20:08:42.2447+00,33,shukr tera,mithoon,18,other,,arijit singh muskurane ki wajah tum ho,,361,other,deezer,https://www.deezer.com/track/95408762,"{""pais"":""MX"",""posicion"":33,""es_infantil"":false,""deezer_album_id"":9707860,""deezer_track_id"":95408762,""deezer_artist_id"":4485080,""artistas_secundarios"":[]}",completed,
230,2026-03-05 20:08:46.325897+00,34,quallah benisse la france,wallen,58518,country,,quallah benisse la france,,240,en,deezer,https://www.deezer.com/track/89916179,"{""pais"":""MX"",""posicion"":34,""es_infantil"":false,""deezer_album_id"":9106189,""deezer_track_id"":89916179,""deezer_artist_id"":7038867,""artistas_secundarios"":[]}",completed,
231,2026-03-05 20:08:49.226631+00,35,tu meri,vishal shekhar,2759,pop,,tu meri,,257,en,deezer,https://www.deezer.com/track/83858366,"{""pais"":""MX"",""posicion"":35,""es_infantil"":false,""deezer_album_id"":8437574,""deezer_track_id"":83858366,""deezer_artist_id"":3747421,""artistas_secundarios"":[]}",completed,
232,2026-03-05 20:08:52.225768+00,36,saanson ko,sharib toshi,14,other,,arijit singh muskurane ki wajah tum ho,,341,other,deezer,https://www.deezer.com/track/95408774,"{""pais"":""MX"",""posicion"":36,""error_letra"":""No encontrada en Genius"",""es_infantil"":false,""deezer_album_id"":9707860,""deezer_track_id"":95408774,""deezer_artist_id"":5263676,""artistas_secundarios"":[]}",error,
233,2026-03-05 20:08:56.241073+00,37,gallan goodiyaan,shankar mahadevan,1995,rock,,dil dhadakne do,,296,en,deezer,https://www.deezer.com/track/99646466,"{""pais"":""MX"",""posicion"":37,""es_infantil"":false,""deezer_album_id"":10207468,""deezer_track_id"":99646466,""deezer_artist_id"":71794,""artistas_secundarios"":[]}",completed,
234,2026-03-05 20:08:59.190749+00,38,tere bina,rahat fateh ali khan,13,pop,,bollywood dance remix vol 1,,320,en,deezer,https://www.deezer.com/track/63892409,"{""pais"":""MX"",""posicion"":38,""es_infantil"":false,""deezer_album_id"":6268511,""deezer_track_id"":63892409,""deezer_artist_id"":126453,""artistas_secundarios"":[]}",completed,
235,2026-03-05 20:09:03.307634+00,39,good vibrations,the beach boys,781671,rock,,the very best of the beach boys sounds of summer,,215,en,deezer,https://www.deezer.com/track/3091992,"{""pais"":""MX"",""posicion"":39,""es_infantil"":false,""deezer_album_id"":299377,""deezer_track_id"":3091992,""deezer_artist_id"":2179,""artistas_secundarios"":[]}",completed,
236,2026-03-05 20:09:06.236532+00,40,never an absolution,james horner,134387,rock,,titanic music from the motion picture soundtrack,,183,en,deezer,https://www.deezer.com/track/13143659,"{""pais"":""MX"",""posicion"":40,""error_letra"":""No encontrada en Genius"",""es_infantil"":false,""deezer_album_id"":113048,""deezer_track_id"":13143659,""deezer_artist_id"":184,""artistas_secundarios"":[]}",error,
237,2026-03-05 20:09:09.349115+00,41,payphone,greatest hits,22316,pop,,payphone,,233,en,deezer,https://www.deezer.com/track/53527961,"{""pais"":""MX"",""posicion"":41,""es_infantil"":false,""deezer_album_id"":5197341,""deezer_track_id"":53527961,""deezer_artist_id"":3167051,""artistas_secundarios"":[]}",completed,
238,2026-03-05 20:09:12.392978+00,42,main title,thomas newman,100344,electronica,,scent of a woman,,178,en,deezer,https://www.deezer.com/track/92874866,"{""pais"":""MX"",""posicion"":42,""error_letra"":""No encontrada en Genius"",""es_infantil"":false,""deezer_album_id"":9426780,""deezer_track_id"":92874866,""deezer_artist_id"":2245,""artistas_secundarios"":[]}",error,
239,2026-03-05 20:09:16.331854+00,43,donna donna,joan baez,78040,rock,,joan baez,,192,en,deezer,https://www.deezer.com/track/104677658,"{""pais"":""MX"",""posicion"":43,""es_infantil"":false,""deezer_album_id"":10896874,""deezer_track_id"":104677658,""deezer_artist_id"":972,""artistas_secundarios"":[]}",completed,
240,2026-03-05 20:09:19.296678+00,44,tu har lamha,bobby imran,17,other,,arijit singh muskurane ki wajah tum ho,,272,ar,deezer,https://www.deezer.com/track/95408756,"{""pais"":""MX"",""posicion"":44,""error_letra"":""No encontrada en Genius"",""es_infantil"":false,""deezer_album_id"":9707860,""deezer_track_id"":95408756,""deezer_artist_id"":7230580,""artistas_secundarios"":[]}",error,
241,2026-03-05 20:09:23.184825+00,45,evry time we say goodbye,ella fitzgerald,871,jazz,,essential ella,,211,en,deezer,https://www.deezer.com/track/87446357,"{""pais"":""MX"",""posicion"":45,""es_infantil"":false,""deezer_album_id"":8824427,""deezer_track_id"":87446357,""deezer_artist_id"":3280,""artistas_secundarios"":[]}",completed,
242,2026-03-05 20:09:26.391898+00,46,aayo re remix,sunidhi chouhan,9,pop,,bollywood dance remix vol 1,,257,en,deezer,https://www.deezer.com/track/63892421,"{""pais"":""MX"",""posicion"":46,""error_letra"":""No encontrada en Genius"",""es_infantil"":false,""deezer_album_id"":6268511,""deezer_track_id"":63892421,""deezer_artist_id"":4117157,""artistas_secundarios"":[]}",error,
243,2026-03-05 20:09:29.456607+00,47,kuch kuch hota hai,jatin lalit,307833,pop,,kuch kuch hota hai,,297,en,deezer,https://www.deezer.com/track/69318863,"{""pais"":""MX"",""posicion"":47,""es_infantil"":false,""deezer_album_id"":6651447,""deezer_track_id"":69318863,""deezer_artist_id"":124682,""artistas_secundarios"":[]}",completed,
244,2026-03-05 20:09:33.444639+00,48,suraj hua maddham,sandesh shandilya,338231,pop,,kabhi khushi kabhie gham,,428,en,deezer,https://www.deezer.com/track/956447,"{""pais"":""MX"",""posicion"":48,""error_letra"":""No encontrada en Genius"",""es_infantil"":false,""deezer_album_id"":107466,""deezer_track_id"":956447,""deezer_artist_id"":8575,""artistas_secundarios"":[]}",error,
245,2026-03-05 20:09:36.535389+00,49,cant get away,rodriguez,7781,rock,,searching for sugar man,,233,en,deezer,https://www.deezer.com/track/41034911,"{""pais"":""MX"",""posicion"":49,""error_letra"":""No encontrada en Genius"",""es_infantil"":false,""deezer_album_id"":4009231,""deezer_track_id"":41034911,""deezer_artist_id"":12977901,""artistas_secundarios"":[]}",error,
246,2026-03-05 20:09:39.373987+00,50,john,dj covers,11584,electronica,,john single,,227,en,deezer,https://www.deezer.com/track/63018440,"{""pais"":""MX"",""posicion"":50,""error_letra"":""No encontrada en Genius"",""es_infantil"":false,""deezer_album_id"":6186984,""deezer_track_id"":63018440,""deezer_artist_id"":1623221,""artistas_secundarios"":[]}",error,
247,2026-03-05 20:09:43.502493+00,51,david shows to samuel his star,thierry malet,30886,rock,,malkah le roi david le temps des prophetes,,101,en,deezer,https://www.deezer.com/track/100823118,"{""pais"":""MX"",""posicion"":51,""error_letra"":""No encontrada en Genius"",""es_infantil"":false,""deezer_album_id"":10461854,""deezer_track_id"":100823118,""deezer_artist_id"":304926,""artistas_secundarios"":[]}",error,
248,2026-03-05 20:09:46.401485+00,52,ive got you under my skin,frank sinatra,589221,pop,,songs for swingin lovers,,223,en,deezer,https://www.deezer.com/track/3105125,"{""pais"":""MX"",""posicion"":52,""error_letra"":""No encontrada en Genius"",""es_infantil"":false,""deezer_album_id"":300251,""deezer_track_id"":3105125,""deezer_artist_id"":617,""artistas_secundarios"":[]}",error,
249,2026-03-05 20:09:50.354779+00,53,a tour of pleasures,thomas newman,49169,electronica,,scent of a woman,,50,en,deezer,https://www.deezer.com/track/92874868,"{""pais"":""MX"",""posicion"":53,""es_infantil"":false,""deezer_album_id"":9426780,""deezer_track_id"":92874868,""deezer_artist_id"":2245,""artistas_secundarios"":[]}",completed,
250,2026-03-05 20:09:53.393557+00,54,adagio for strings and organ g minor,the royal classical orchestra,81186,classical,,maestros de la musica clasica festival barroco,,476,en,deezer,https://www.deezer.com/track/1709847,"{""pais"":""MX"",""posicion"":54,""error_letra"":""No encontrada en Genius"",""es_infantil"":false,""deezer_album_id"":173904,""deezer_track_id"":1709847,""deezer_artist_id"":98460,""artistas_secundarios"":[]}",error,
251,2026-03-05 20:09:56.305363+00,55,sacrifice,lisa gerrard,22399,rock,,the best of lisa gerrard,,467,en,deezer,https://www.deezer.com/track/937761,"{""pais"":""MX"",""posicion"":55,""error_letra"":""No encontrada en Genius"",""es_infantil"":false,""deezer_album_id"":105486,""deezer_track_id"":937761,""deezer_artist_id"":2816,""artistas_secundarios"":[]}",error,
252,2026-03-05 20:10:00.487055+00,56,fade into you,mazzy star,890757,rock,,so tonight that i might see,,292,en,deezer,https://www.deezer.com/track/3360821,"{""pais"":""MX"",""posicion"":56,""es_infantil"":false,""deezer_album_id"":319814,""deezer_track_id"":3360821,""deezer_artist_id"":1306,""artistas_secundarios"":[]}",completed,
253,2026-03-05 20:10:03.504311+00,57,can i have this dance,the new musical cast,17802,pop,,teen talent,,240,en,deezer,https://www.deezer.com/track/4432116,"{""pais"":""MX"",""posicion"":57,""es_infantil"":false,""deezer_album_id"":410554,""deezer_track_id"":4432116,""deezer_artist_id"":93630,""artistas_secundarios"":[]}",completed,
254,2026-03-05 20:10:06.424518+00,58,golden brown,the stranglers,900032,rock,,the collection,,206,en,deezer,https://www.deezer.com/track/3152622,"{""pais"":""MX"",""posicion"":58,""es_infantil"":false,""deezer_album_id"":303123,""deezer_track_id"":3152622,""deezer_artist_id"":1729,""artistas_secundarios"":[]}",completed,
255,2026-03-05 20:10:10.614089+00,59,sandrevan lullaby lifestyles,rodriguez,19017,rock,,searching for sugar man,,396,es,deezer,https://www.deezer.com/track/41034941,"{""pais"":""MX"",""posicion"":59,""es_infantil"":false,""deezer_album_id"":4009231,""deezer_track_id"":41034941,""deezer_artist_id"":12977901,""artistas_secundarios"":[]}",completed,
256,2026-03-05 20:10:13.499474+00,60,i just cant get you out of my head,helena,6989,pop,,jazz,,277,en,deezer,https://www.deezer.com/track/14457326,"{""pais"":""MX"",""posicion"":60,""es_infantil"":false,""deezer_album_id"":1327566,""deezer_track_id"":14457326,""deezer_artist_id"":16966,""artistas_secundarios"":[]}",completed,
257,2026-03-05 20:10:16.590505+00,61,ante up,mop,10155,reggaeton,,essential rb massive urban soul and rnb collection,,232,es,deezer,https://www.deezer.com/track/4274006,"{""pais"":""MX"",""posicion"":61,""es_infantil"":false,""deezer_album_id"":397592,""deezer_track_id"":4274006,""deezer_artist_id"":2543,""artistas_secundarios"":[]}",completed,
258,2026-03-05 20:10:19.546949+00,62,lalkaar,ar rahman,30574,rock|electronica,,rang de basanti,,175,en,deezer,https://www.deezer.com/track/583352,"{""pais"":""MX"",""posicion"":62,""error_letra"":""No encontrada en Genius"",""es_infantil"":false,""deezer_album_id"":75011,""deezer_track_id"":583352,""deezer_artist_id"":491,""artistas_secundarios"":[]}",error,
259,2026-03-05 20:10:23.525637+00,63,hanging,craig armstrong,367302,electronica,,plunkett and macleane,,257,en,deezer,https://www.deezer.com/track/3134783,"{""pais"":""MX"",""posicion"":63,""error_letra"":""No encontrada en Genius"",""es_infantil"":false,""deezer_album_id"":302066,""deezer_track_id"":3134783,""deezer_artist_id"":628,""artistas_secundarios"":[]}",error,
260,2026-03-05 20:10:26.65731+00,64,duel of the fates,john williams,2754,rock,,star wars episode i the phantom menace,,254,en,deezer,https://www.deezer.com/track/556418,"{""pais"":""MX"",""posicion"":64,""es_infantil"":false,""deezer_album_id"":72887,""deezer_track_id"":556418,""deezer_artist_id"":805,""artistas_secundarios"":[]}",completed,
261,2026-03-05 20:10:29.686591+00,65,ill slip away,rodriguez,7800,rock,,searching for sugar man,,172,en,deezer,https://www.deezer.com/track/41034971,"{""pais"":""MX"",""posicion"":65,""es_infantil"":false,""deezer_album_id"":4009231,""deezer_track_id"":41034971,""deezer_artist_id"":12977901,""artistas_secundarios"":[]}",completed,
262,2026-03-05 20:10:33.740246+00,66,jaati hoon main,kumar sanu,26016,pop,,karan arjun,,383,hi,deezer,https://www.deezer.com/track/67178525,"{""pais"":""MX"",""posicion"":66,""es_infantil"":false,""deezer_album_id"":6570119,""deezer_track_id"":67178525,""deezer_artist_id"":70758,""artistas_secundarios"":[]}",completed,
263,2026-03-05 20:10:36.678001+00,67,the departed tango,howard shore,76571,rock,,the departed,,218,en,deezer,https://www.deezer.com/track/772043,"{""pais"":""MX"",""posicion"":67,""error_letra"":""No encontrada en Genius"",""es_infantil"":false,""deezer_album_id"":90689,""deezer_track_id"":772043,""deezer_artist_id"":556,""artistas_secundarios"":[]}",error,
264,2026-03-05 20:10:39.658434+00,68,rays theme,craig armstrong,248680,electronica,,ray original motion picture score,,218,en,deezer,https://www.deezer.com/track/675275,"{""pais"":""MX"",""posicion"":68,""error_letra"":""No encontrada en Genius"",""es_infantil"":false,""deezer_album_id"":81672,""deezer_track_id"":675275,""deezer_artist_id"":628,""artistas_secundarios"":[]}",error,
265,2026-03-05 20:10:43.756333+00,69,tujhe yaad na meri aayee,jatin lalit,202928,other,,kuch kuch hota hai,,424,other,deezer,https://www.deezer.com/track/67928627,"{""pais"":""MX"",""posicion"":69,""error_letra"":""No encontrada en Genius"",""es_infantil"":false,""deezer_album_id"":6651447,""deezer_track_id"":67928627,""deezer_artist_id"":124682,""artistas_secundarios"":[]}",error,
266,2026-03-05 20:10:46.646688+00,70,color,marco beltrami,63585,electronica,,the giver,,125,en,deezer,https://www.deezer.com/track/82201336,"{""pais"":""MX"",""posicion"":70,""es_infantil"":false,""deezer_album_id"":8244568,""deezer_track_id"":82201336,""deezer_artist_id"":8425,""artistas_secundarios"":[]}",completed,
267,2026-03-05 20:10:50.637883+00,71,like janis,rodriguez,19714,rock,,searching for sugar man,,155,en,deezer,https://www.deezer.com/track/41034891,"{""pais"":""MX"",""posicion"":71,""es_infantil"":false,""deezer_album_id"":4009231,""deezer_track_id"":41034891,""deezer_artist_id"":12977901,""artistas_secundarios"":[]}",completed,
268,2026-03-05 20:10:53.638611+00,72,rose,james horner,217027,rock,,titanic music from the motion picture soundtrack,,172,en,deezer,https://www.deezer.com/track/13143662,"{""pais"":""MX"",""posicion"":72,""error_letra"":""No encontrada en Genius"",""es_infantil"":false,""deezer_album_id"":113048,""deezer_track_id"":13143662,""deezer_artist_id"":184,""artistas_secundarios"":[]}",error,
269,2026-03-05 20:10:56.606751+00,73,le badinage 4eme livre de pieces de viole,rolf lislevand,317310,classical,,tous les matins du monde,,419,fr|en|other,deezer,https://www.deezer.com/track/1668833,"{""pais"":""MX"",""posicion"":73,""error_letra"":""No encontrada en Genius"",""es_infantil"":false,""deezer_album_id"":170569,""deezer_track_id"":1668833,""deezer_artist_id"":162173,""artistas_secundarios"":[]}",error,
270,2026-03-05 20:11:00.615769+00,74,rishte naate,rahat fateh ali khan,17,pop,,unforgettable bollywood love songs,,280,en,deezer,https://www.deezer.com/track/5232137,"{""pais"":""MX"",""posicion"":74,""es_infantil"":false,""deezer_album_id"":480223,""deezer_track_id"":5232137,""deezer_artist_id"":126453,""artistas_secundarios"":[]}",completed,
271,2026-03-05 20:11:03.571267+00,75,new avengers avengers age of ultron,danny elfman,459506,rock,,avengers age of ultron,,189,en,deezer,https://www.deezer.com/track/98489178,"{""pais"":""MX"",""posicion"":75,""error_letra"":""No encontrada en Genius"",""es_infantil"":false,""deezer_album_id"":10063880,""deezer_track_id"":98489178,""deezer_artist_id"":760,""artistas_secundarios"":[]}",error,
272,2026-03-05 20:11:06.63051+00,76,fantastic four prelude,marco beltrami,62058,rock,,the fantastic four,,316,en,deezer,https://www.deezer.com/track/104419896,"{""pais"":""MX"",""posicion"":76,""es_infantil"":false,""deezer_album_id"":10865298,""deezer_track_id"":104419896,""deezer_artist_id"":8425,""artistas_secundarios"":[]}",completed,
273,2026-03-05 20:11:10.586464+00,77,street boy,rodriguez,1616,reggaeton,,searching for sugar man,,230,es,deezer,https://www.deezer.com/track/41034951,"{""pais"":""MX"",""posicion"":77,""es_infantil"":false,""deezer_album_id"":4009231,""deezer_track_id"":41034951,""deezer_artist_id"":12977901,""artistas_secundarios"":[]}",completed,
274,2026-03-05 20:11:13.516772+00,78,khamoshiyan,jeet gannguli,13,pop,,arijit singh muskurane ki wajah tum ho,,150,en,deezer,https://www.deezer.com/track/95408772,"{""pais"":""MX"",""posicion"":78,""error_letra"":""No encontrada en Genius"",""es_infantil"":false,""deezer_album_id"":9707860,""deezer_track_id"":95408772,""deezer_artist_id"":4341527,""artistas_secundarios"":[]}",error,
275,2026-03-05 20:11:16.473421+00,79,to build a home,the cinematic orchestra,869751,electronica,,ma fleur,,371,en,deezer,https://www.deezer.com/track/10237962,"{""pais"":""MX"",""posicion"":79,""es_infantil"":false,""deezer_album_id"":936111,""deezer_track_id"":10237962,""deezer_artist_id"":3187,""artistas_secundarios"":[]}",completed,
276,2026-03-05 20:11:20.421101+00,80,saawali si raat,arjit singh,13,pop,,arijit singh muskurane ki wajah tum ho,,308,en,deezer,https://www.deezer.com/track/95408766,"{""pais"":""MX"",""posicion"":80,""error_letra"":""No encontrada en Genius"",""es_infantil"":false,""deezer_album_id"":9707860,""deezer_track_id"":95408766,""deezer_artist_id"":3830821,""artistas_secundarios"":[]}",error,
277,2026-03-05 20:11:23.414473+00,81,one more night,radio deluxe,2207,pop,,one more night,,220,en,deezer,https://www.deezer.com/track/62764575,"{""pais"":""MX"",""posicion"":81,""es_infantil"":false,""deezer_album_id"":6160332,""deezer_track_id"":62764575,""deezer_artist_id"":516821,""artistas_secundarios"":[]}",completed,
278,2026-03-05 20:11:26.361215+00,82,leaving port,james horner,104289,rock,,titanic music from the motion picture soundtrack,,206,en,deezer,https://www.deezer.com/track/13143663,"{""pais"":""MX"",""posicion"":82,""error_letra"":""No encontrada en Genius"",""es_infantil"":false,""deezer_album_id"":113048,""deezer_track_id"":13143663,""deezer_artist_id"":184,""artistas_secundarios"":[]}",error,
279,2026-03-05 20:11:30.300868+00,83,distant memories,james horner,49964,rock,,titanic music from the motion picture soundtrack,,144,en,deezer,https://www.deezer.com/track/13143660,"{""pais"":""MX"",""posicion"":83,""error_letra"":""No encontrada en Genius"",""es_infantil"":false,""deezer_album_id"":113048,""deezer_track_id"":13143660,""deezer_artist_id"":184,""artistas_secundarios"":[]}",error,
280,2026-03-05 20:11:33.297126+00,84,about u,tommy trash,793,electronica,,about u,,277,en,deezer,https://www.deezer.com/track/92620848,"{""pais"":""MX"",""posicion"":84,""es_infantil"":false,""deezer_album_id"":9399642,""deezer_track_id"":92620848,""deezer_artist_id"":292263,""artistas_secundarios"":[]}",completed,
281,2026-03-05 20:11:36.396804+00,85,crucify your mind,rodriguez,3556,rock,,searching for sugar man,,150,en,deezer,https://www.deezer.com/track/41034861,"{""pais"":""MX"",""posicion"":85,""es_infantil"":false,""deezer_album_id"":4009231,""deezer_track_id"":41034861,""deezer_artist_id"":151551,""artistas_secundarios"":[]}",completed,
282,2026-03-05 20:11:39.390312+00,86,dead air,chvrches,18832,electronica,,the hunger games mockingjay pt 1,,194,en,deezer,https://www.deezer.com/track/90099459,"{""pais"":""MX"",""posicion"":86,""es_infantil"":false,""deezer_album_id"":9130771,""deezer_track_id"":90099459,""deezer_artist_id"":4052518,""artistas_secundarios"":[]}",completed,
283,2026-03-05 20:11:43.554857+00,87,california dreamin,the mamas the papas,18136,rock,,summer of love pre cleared compilation,,158,en,deezer,https://www.deezer.com/track/881553,"{""pais"":""MX"",""posicion"":87,""error_letra"":""No encontrada en Genius"",""es_infantil"":false,""deezer_album_id"":100106,""deezer_track_id"":881553,""deezer_artist_id"":539,""artistas_secundarios"":[]}",error,
284,2026-03-05 20:11:46.575047+00,88,a gift of a thistle,james horner,513147,rock,,braveheart,,98,en,deezer,https://www.deezer.com/track/65442205,"{""pais"":""MX"",""posicion"":88,""error_letra"":""No encontrada en Genius"",""es_infantil"":false,""deezer_album_id"":6415042,""deezer_track_id"":65442205,""deezer_artist_id"":184,""artistas_secundarios"":[]}",error,
285,2026-03-05 20:11:49.541134+00,89,raghupati raghav remix,bob,17,rock,,krrish 3,,270,en,deezer,https://www.deezer.com/track/71151607,"{""pais"":""MX"",""posicion"":89,""error_letra"":""No encontrada en Genius"",""es_infantil"":false,""deezer_album_id"":6985205,""deezer_track_id"":71151607,""deezer_artist_id"":57257,""artistas_secundarios"":[]}",error,
286,2026-03-05 20:11:53.508314+00,90,airplanes,local natives,25117,rock,,gorilla manor,,238,en,deezer,https://www.deezer.com/track/4303651,"{""pais"":""MX"",""posicion"":90,""es_infantil"":false,""deezer_album_id"":400308,""deezer_track_id"":4303651,""deezer_artist_id"":296564,""artistas_secundarios"":[]}",completed,
287,2026-03-05 20:11:56.489894+00,91,upside down,jack johnson,21980,rock,,jack johnson and friends sing a longs and lullabies for the film curious george,,208,en,deezer,https://www.deezer.com/track/4677990,"{""pais"":""MX"",""posicion"":91,""es_infantil"":false,""deezer_album_id"":430683,""deezer_track_id"":4677990,""deezer_artist_id"":896,""artistas_secundarios"":[]}",completed,
288,2026-03-05 20:11:59.445668+00,92,stay alive,jose gonzalez,2776,rock,,the secret life of walter mitty,,271,es,deezer,https://www.deezer.com/track/73043587,"{""pais"":""MX"",""posicion"":92,""es_infantil"":false,""deezer_album_id"":7187114,""deezer_track_id"":73043587,""deezer_artist_id"":1169,""artistas_secundarios"":[]}",completed,
289,2026-03-05 20:12:03.415095+00,93,suite from forrest gump,alan silvestri,383159,rock,,forrest gump original motion picture score,,394,en,deezer,https://www.deezer.com/track/1012977,"{""pais"":""MX"",""posicion"":93,""error_letra"":""No encontrada en Genius"",""es_infantil"":false,""deezer_album_id"":111718,""deezer_track_id"":1012977,""deezer_artist_id"":791,""artistas_secundarios"":[]}",error,
290,2026-03-05 20:12:06.421307+00,94,assalaam vaalekum,himesh reshammiya,17,pop,,aap kaa surroor,,360,en,deezer,https://www.deezer.com/track/71937109,"{""pais"":""MX"",""posicion"":94,""error_letra"":""No encontrada en Genius"",""es_infantil"":false,""deezer_album_id"":7066272,""deezer_track_id"":71937109,""deezer_artist_id"":2630,""artistas_secundarios"":[]}",error,
291,2026-03-05 20:12:10.44486+00,95,mekuku,dj jazzy d,8,reggaeton,,another story,,285,es,deezer,https://www.deezer.com/track/4576480,"{""pais"":""MX"",""posicion"":95,""es_infantil"":false,""deezer_album_id"":421362,""deezer_track_id"":4576480,""deezer_artist_id"":306220,""artistas_secundarios"":[]}",completed,
292,2026-03-05 20:12:13.431079+00,96,one hundred and me percent,andres du bouchet,0,reggaeton,,sided guy,,500,es,deezer,https://www.deezer.com/track/95509258,"{""pais"":""MX"",""posicion"":96,""es_infantil"":false,""deezer_album_id"":9718696,""deezer_track_id"":95509258,""deezer_artist_id"":3201111,""artistas_secundarios"":[]}",completed,
293,2026-03-05 20:12:17.44+00,97,ye ishq hai,shreya ghoshal,259963,pop,,the second best exotic marigold hotel,,235,other,deezer,https://www.deezer.com/track/94586662,"{""pais"":""MX"",""posicion"":97,""error_letra"":""No encontrada en Genius"",""es_infantil"":false,""deezer_album_id"":9620686,""deezer_track_id"":94586662,""deezer_artist_id"":98371,""artistas_secundarios"":[]}",error,
294,2026-03-05 20:12:20.420466+00,98,take her to sea mr murdoch,james horner,123232,rock,,titanic music from the motion picture soundtrack,,271,en,deezer,https://www.deezer.com/track/13143664,"{""pais"":""MX"",""posicion"":98,""error_letra"":""No encontrada en Genius"",""es_infantil"":false,""deezer_album_id"":113048,""deezer_track_id"":13143664,""deezer_artist_id"":184,""artistas_secundarios"":[]}",error,
295,2026-03-05 20:12:23.393551+00,99,beacon hill,sharon isbin,102663,rock,,the departed,,156,en,deezer,https://www.deezer.com/track/772047,"{""pais"":""MX"",""posicion"":99,""error_letra"":""No encontrada en Genius"",""es_infantil"":false,""deezer_album_id"":90689,""deezer_track_id"":772047,""deezer_artist_id"":197501,""artistas_secundarios"":[]}",error,
296,2026-03-05 20:12:27.417562+00,100,honey honey,amanda seyfried,680769,pop,,mamma mia the movie soundtrack,,187,en,deezer,https://www.deezer.com/track/1578990,"{""pais"":""MX"",""posicion"":100,""es_infantil"":false,""deezer_album_id"":161924,""deezer_track_id"":1578990,""deezer_artist_id"":188321,""artistas_secundarios"":[]}",completed,
297,2026-03-05 20:12:30.026962+00,1,life,ludovico einaudi,321351,electronica,,in a time lapse,,263,it,deezer,https://www.deezer.com/track/72059720,"{""pais"":""AR"",""posicion"":1,""error_letra"":""No encontrada en Genius"",""es_infantil"":false,""deezer_album_id"":7079242,""deezer_track_id"":72059720,""deezer_artist_id"":4331,""artistas_secundarios"":[]}",error,
298,2026-03-05 20:12:34.099773+00,2,una mattina,ludovico einaudi,8870,electronica,,the classical album,,202,it,deezer,https://www.deezer.com/track/3008966,"{""pais"":""AR"",""posicion"":2,""error_letra"":""No encontrada en Genius"",""es_infantil"":false,""deezer_album_id"":246770,""deezer_track_id"":3008966,""deezer_artist_id"":4331,""artistas_secundarios"":[]}",error,
299,2026-03-05 20:12:37.030754+00,3,night,ludovico einaudi,15479,electronica,,night,,330,it,deezer,https://www.deezer.com/track/105392114,"{""pais"":""AR"",""posicion"":3,""error_letra"":""No encontrada en Genius"",""es_infantil"":false,""deezer_album_id"":10978170,""deezer_track_id"":105392114,""deezer_artist_id"":4331,""artistas_secundarios"":[]}",error,
300,2026-03-05 20:12:39.927261+00,4,roots and beginnings,howard shore,340284,rock,,the lord of the rings the return of the king the complete recordings,,391,en,deezer,https://www.deezer.com/track/3588229,"{""pais"":""AR"",""posicion"":4,""es_infantil"":false,""deezer_album_id"":338939,""deezer_track_id"":3588229,""deezer_artist_id"":556,""artistas_secundarios"":[]}",completed,
301,2026-03-05 20:12:43.889424+00,5,i dont care,apocalyptica,1539,rock,,worlds collide,,237,en,deezer,https://www.deezer.com/track/3567918,"{""pais"":""AR"",""posicion"":5,""es_infantil"":false,""deezer_album_id"":122566,""deezer_track_id"":3567918,""deezer_artist_id"":912,""artistas_secundarios"":[]}",completed,
302,2026-03-05 20:12:46.893879+00,6,the ecstasy of gold,ennio morricone,394552,rock,,western music collection vol 1 ennio morricone,,203,it,deezer,https://www.deezer.com/track/103429310,"{""pais"":""AR"",""posicion"":6,""error_letra"":""No encontrada en Genius"",""es_infantil"":false,""deezer_album_id"":10752102,""deezer_track_id"":103429310,""deezer_artist_id"":1536,""artistas_secundarios"":[]}",error,
303,2026-03-05 20:12:49.863444+00,7,honeysuckle rose,jane monheit,190207,jazz,,taking a chance on love,,218,en,deezer,https://www.deezer.com/track/15066720,"{""pais"":""AR"",""posicion"":7,""es_infantil"":false,""deezer_album_id"":1389641,""deezer_track_id"":15066720,""deezer_artist_id"":8309,""artistas_secundarios"":[]}",completed,
304,2026-03-05 20:12:53.924038+00,8,leave my head alone brain seven,henrik schwarz,170849,electronica,,henrik schwarz instruments,,357,en,deezer,https://www.deezer.com/track/95225188,"{""pais"":""AR"",""posicion"":8,""es_infantil"":false,""deezer_album_id"":9688248,""deezer_track_id"":95225188,""deezer_artist_id"":203251,""artistas_secundarios"":[]}",completed,
305,2026-03-05 20:12:56.955671+00,9,swan lake op act ii no scene moderato,rfcm symphony orchestra,244375,classical,,tchaikovsky ballets and symphonies,,164,en,deezer,https://www.deezer.com/track/76485273,"{""pais"":""AR"",""posicion"":9,""error_letra"":""No encontrada en Genius"",""es_infantil"":false,""deezer_album_id"":7584899,""deezer_track_id"":76485273,""deezer_artist_id"":810879,""artistas_secundarios"":[]}",error,
306,2026-03-05 20:13:01.109136+00,10,concerto for two pianos orchestra in e flat k allegro,mozart,141249,classical,,classical masterpieces,,582,es|en,deezer,https://www.deezer.com/track/4509209,"{""pais"":""AR"",""posicion"":10,""error_letra"":""No encontrada en Genius"",""es_infantil"":false,""deezer_album_id"":416520,""deezer_track_id"":4509209,""deezer_artist_id"":7133337,""artistas_secundarios"":[]}",error,
307,2026-03-05 20:13:04.127314+00,11,fly,ludovico einaudi,213681,electronica,,divenire,,278,it,deezer,https://www.deezer.com/track/1099731,"{""pais"":""AR"",""posicion"":11,""error_letra"":""No encontrada en Genius"",""es_infantil"":false,""deezer_album_id"":118639,""deezer_track_id"":1099731,""deezer_artist_id"":4331,""artistas_secundarios"":[]}",error,
308,2026-03-05 20:13:08.1387+00,12,nocturne b lento con gran espressione in c sharp minor,janusz olejniczak,353686,classical,,the pianist,,246,en,deezer,https://www.deezer.com/track/850708,"{""pais"":""AR"",""posicion"":12,""error_letra"":""No encontrada en Genius"",""es_infantil"":false,""deezer_album_id"":97783,""deezer_track_id"":850708,""deezer_artist_id"":73526,""artistas_secundarios"":[]}",error,
309,2026-03-05 20:13:11.108269+00,13,elder scrolls skyrim far horizons elder scrolls skyrim far horizons,andrew skeet,453832,rock,,the greatest video game music 2,,315,en,deezer,https://www.deezer.com/track/61887829,"{""pais"":""AR"",""posicion"":13,""es_infantil"":false,""deezer_album_id"":6068330,""deezer_track_id"":61887829,""deezer_artist_id"":4097769,""artistas_secundarios"":[]}",completed,
310,2026-03-05 20:13:15.114092+00,14,tristano a soft shell groove,alice sara ott,138686,electronica,,scandale,,421,en,deezer,https://www.deezer.com/track/78101471,"{""pais"":""AR"",""posicion"":14,""es_infantil"":false,""deezer_album_id"":7766420,""deezer_track_id"":78101471,""deezer_artist_id"":397478,""artistas_secundarios"":[]}",completed,
311,2026-03-05 20:13:18.122779+00,15,einaudi experience,ludovico einaudi,714286,electronica,,in a time lapse,,315,it,deezer,https://www.deezer.com/track/72059729,"{""pais"":""AR"",""posicion"":15,""es_infantil"":false,""deezer_album_id"":7079242,""deezer_track_id"":72059729,""deezer_artist_id"":4331,""artistas_secundarios"":[]}",completed,
312,2026-03-05 20:13:22.219928+00,16,swan lake op act i2 waltz,london symphony orchestra,964,classical,,tchaikovsky swan lake,,436,en,deezer,https://www.deezer.com/track/4588971,"{""pais"":""AR"",""posicion"":16,""error_letra"":""No encontrada en Genius"",""es_infantil"":false,""deezer_album_id"":422319,""deezer_track_id"":4588971,""deezer_artist_id"":68382,""artistas_secundarios"":[]}",error,
313,2026-03-05 20:13:25.236392+00,17,mass effect suicide mission mass effect suicide mission,andrew skeet,311364,electronica,,the greatest video game music,,291,en,deezer,https://www.deezer.com/track/14779862,"{""pais"":""AR"",""posicion"":17,""es_infantil"":false,""deezer_album_id"":1361854,""deezer_track_id"":14779862,""deezer_artist_id"":4097769,""artistas_secundarios"":[]}",completed,
314,2026-03-05 20:13:28.221032+00,18,le onde,ludovico einaudi,2488,electronica,,ludovico einaudi le onde,,324,it,deezer,https://www.deezer.com/track/71629450,"{""pais"":""AR"",""posicion"":18,""error_letra"":""No encontrada en Genius"",""es_infantil"":false,""deezer_album_id"":7038666,""deezer_track_id"":71629450,""deezer_artist_id"":4331,""artistas_secundarios"":[]}",error,
315,2026-03-05 20:13:32.317855+00,19,hideaway,john mayall the bluesbreakers,23230,rock,,blues guitar the essentials,,194,en,deezer,https://www.deezer.com/track/105584608,"{""pais"":""AR"",""posicion"":19,""error_letra"":""No encontrada en Genius"",""es_infantil"":false,""deezer_album_id"":10999074,""deezer_track_id"":105584608,""deezer_artist_id"":819,""artistas_secundarios"":[]}",error,
316,2026-03-05 20:13:35.278708+00,20,an ending,brian eno,378896,electronica,,apollo,,262,en,deezer,https://www.deezer.com/track/3130285,"{""pais"":""AR"",""posicion"":20,""error_letra"":""No encontrada en Genius"",""es_infantil"":false,""deezer_album_id"":299578,""deezer_track_id"":3130285,""deezer_artist_id"":2042,""artistas_secundarios"":[]}",error,
317,2026-03-05 20:13:38.330557+00,22,lord of the rings,the piano guys,384,pop,,lord of the rings,,338,en,deezer,https://www.deezer.com/track/62405177,"{""pais"":""AR"",""posicion"":22,""es_infantil"":false,""deezer_album_id"":6122173,""deezer_track_id"":62405177,""deezer_artist_id"":1616371,""artistas_secundarios"":[]}",completed,
318,2026-03-05 20:13:42.382678+00,23,nocturne no 2 in e flat major op,frederic chopin,320318,classical,,chopin,,284,es,deezer,https://www.deezer.com/track/4490347,"{""pais"":""AR"",""posicion"":23,""error_letra"":""No encontrada en Genius"",""es_infantil"":false,""deezer_album_id"":414997,""deezer_track_id"":4490347,""deezer_artist_id"":5457001,""artistas_secundarios"":[]}",error,
319,2026-03-05 20:13:45.366185+00,24,orange coloured sky,nat king cole,10041,jazz,,music inspired by fallout 3 new vegas,,154,en,deezer,https://www.deezer.com/track/14213683,"{""pais"":""AR"",""posicion"":24,""es_infantil"":false,""deezer_album_id"":1304021,""deezer_track_id"":14213683,""deezer_artist_id"":183641,""artistas_secundarios"":[]}",completed,
320,2026-03-05 20:13:49.449072+00,25,symphony no 9 in e minor from the new world ii largo,prague festival orchestra,67595,classical,,classical masterpieces of the millennium,,208,en,deezer,https://www.deezer.com/track/71161352,"{""pais"":""AR"",""posicion"":25,""error_letra"":""No encontrada en Genius"",""es_infantil"":false,""deezer_album_id"":6986133,""deezer_track_id"":71161352,""deezer_artist_id"":287217,""artistas_secundarios"":[]}",error,
321,2026-03-05 20:13:52.445846+00,26,gortoz a ran,denez prigent,11603,rock,,black hawk down,,351,fr,deezer,https://www.deezer.com/track/7293783,"{""pais"":""AR"",""posicion"":26,""es_infantil"":false,""deezer_album_id"":673222,""deezer_track_id"":7293783,""deezer_artist_id"":4750,""artistas_secundarios"":[]}",completed,
322,2026-03-05 20:13:56.487862+00,27,symphony no 5 in d minor op iii largo,radio sinfonieorchester stuttgart des swr,23487,classical,,shostakovich symphony no 5 op,,880,en,deezer,https://www.deezer.com/track/81890376,"{""pais"":""AR"",""posicion"":27,""error_letra"":""No encontrada en Genius"",""es_infantil"":false,""deezer_album_id"":8205670,""deezer_track_id"":81890376,""deezer_artist_id"":5278734,""artistas_secundarios"":[]}",error,
323,2026-03-05 20:13:59.496214+00,28,softly as in a morning sunrise,the modern jazz quartet,8990,jazz,,the complete modern jazz quartet prestige pablo recordings,,478,en,deezer,https://www.deezer.com/track/101194454,"{""pais"":""AR"",""posicion"":28,""error_letra"":""No encontrada en Genius"",""es_infantil"":false,""deezer_album_id"":10504394,""deezer_track_id"":101194454,""deezer_artist_id"":64312,""artistas_secundarios"":[]}",error,
324,2026-03-05 20:14:03.536433+00,29,piano concerto no in a k488 ii adagio,daniel barenboim,15844,classica,,mozart best,,455,es,deezer,https://www.deezer.com/track/3359397,"{""pais"":""AR"",""posicion"":29,""error_letra"":""No encontrada en Genius"",""es_infantil"":false,""deezer_album_id"":319730,""deezer_track_id"":3359397,""deezer_artist_id"":65655,""artistas_secundarios"":[]}",error,
325,2026-03-05 20:14:06.622406+00,30,arrival of the birds,the cinematic orchestra,620422,electronica,,the crimson wing mystery of the flamingos,,158,en,deezer,https://www.deezer.com/track/3232329,"{""pais"":""AR"",""posicion"":30,""es_infantil"":false,""deezer_album_id"":308924,""deezer_track_id"":3232329,""deezer_artist_id"":3187,""artistas_secundarios"":[]}",completed,
326,2026-03-05 20:14:10.733221+00,31,im forrest forrest gump,alan silvestri,598086,rock,,forrest gump original motion picture score,,160,en,deezer,https://www.deezer.com/track/1014549,"{""pais"":""AR"",""posicion"":31,""error_letra"":""No encontrada en Genius"",""es_infantil"":false,""deezer_album_id"":111718,""deezer_track_id"":1014549,""deezer_artist_id"":791,""artistas_secundarios"":[]}",error,
327,2026-03-05 20:14:13.845937+00,32,what are words,the piano guys,210658,pop,,what are words,,218,en,deezer,https://www.deezer.com/track/100347346,"{""pais"":""AR"",""posicion"":32,""es_infantil"":false,""deezer_album_id"":10273732,""deezer_track_id"":100347346,""deezer_artist_id"":1616371,""artistas_secundarios"":[]}",completed,
328,2026-03-05 20:14:16.908164+00,33,elysium,gavin greenaway,681779,rock,,gladiator music from the motion picture,,161,en,deezer,https://www.deezer.com/track/3055973,"{""pais"":""AR"",""posicion"":33,""error_letra"":""No encontrada en Genius"",""es_infantil"":false,""deezer_album_id"":296255,""deezer_track_id"":3055973,""deezer_artist_id"":76118,""artistas_secundarios"":[]}",error,
329,2026-03-05 20:14:19.874766+00,34,circles,greta svabo bech,230780,electronica,,in a time lapse the remixes,,237,en,deezer,https://www.deezer.com/track/70473508,"{""pais"":""AR"",""posicion"":34,""error_letra"":""{'message': 'duplicate key value violates unique constraint \""lyrics_lyrics_hash_key\""', 'code': '23505', 'hint': None, 'details': 'Key (lyrics_hash)=(828dbf8cf87cf7871f129a0cf38e6395caf88f6cd692b9fc22c44120f9e76179) already exists.'}"",""es_infantil"":false,""deezer_album_id"":6917104,""deezer_track_id"":70473508,""deezer_artist_id"":4407609,""artistas_secundarios"":[]}",error,
330,2026-03-05 20:14:23.831415+00,35,over the rainbow simple gifts,the piano guys,119120,pop,,over the rainbow simple gifts,,223,en,deezer,https://www.deezer.com/track/59514311,"{""pais"":""AR"",""posicion"":35,""error_letra"":""No encontrada en Genius"",""es_infantil"":false,""deezer_album_id"":5814451,""deezer_track_id"":59514311,""deezer_artist_id"":1616371,""artistas_secundarios"":[]}",error,
331,2026-03-05 20:14:26.799345+00,36,verses,olafur arnalds,358672,electronica,,the chopin project,,243,en,deezer,https://www.deezer.com/track/95965006,"{""pais"":""AR"",""posicion"":36,""es_infantil"":false,""deezer_album_id"":9760344,""deezer_track_id"":95965006,""deezer_artist_id"":277491,""artistas_secundarios"":[]}",completed,
332,2026-03-05 20:14:30.831879+00,37,sonate pour piano no op n2i allegro ma non troppo,walter gieseking,23010,classica,,ludwig van beethoven piano concerto no 5 piano sonatas nos,,204,fr|en,deezer,https://www.deezer.com/track/264116,"{""pais"":""AR"",""posicion"":37,""error_letra"":""No encontrada en Genius"",""es_infantil"":false,""deezer_album_id"":45150,""deezer_track_id"":264116,""deezer_artist_id"":56796,""artistas_secundarios"":[]}",error,
333,2026-03-05 20:14:33.774565+00,38,sonate no 2 op la tempete allegretto,aquiles delle vigne,237780,classical,,ludwig van beethoven integrale des sonates vol 3,,420,it,deezer,https://www.deezer.com/track/10284466,"{""pais"":""AR"",""posicion"":38,""error_letra"":""No encontrada en Genius"",""es_infantil"":false,""deezer_album_id"":940391,""deezer_track_id"":10284466,""deezer_artist_id"":326083,""artistas_secundarios"":[]}",error,
334,2026-03-05 20:14:37.821755+00,39,beethovens 5 secrets,the piano guys,294876,pop,,beethovens 5 secrets,,309,en,deezer,https://www.deezer.com/track/58782291,"{""pais"":""AR"",""posicion"":39,""error_letra"":""No encontrada en Genius"",""es_infantil"":false,""deezer_album_id"":5744491,""deezer_track_id"":58782291,""deezer_artist_id"":1616371,""artistas_secundarios"":[]}",error,
335,2026-03-05 20:14:40.752994+00,40,thunderstruck,2cellos,517303,rock,,celloverse,,222,en,deezer,https://www.deezer.com/track/91315250,"{""pais"":""AR"",""posicion"":40,""error_letra"":""No encontrada en Genius"",""es_infantil"":false,""deezer_album_id"":9262722,""deezer_track_id"":91315250,""deezer_artist_id"":1234785,""artistas_secundarios"":[]}",error,
336,2026-03-05 20:14:43.747433+00,41,uno,ludovico einaudi,27928,electronica,,divenire,,228,it,deezer,https://www.deezer.com/track/71383200,"{""pais"":""AR"",""posicion"":41,""error_letra"":""No encontrada en Genius"",""es_infantil"":false,""deezer_album_id"":7009850,""deezer_track_id"":71383200,""deezer_artist_id"":4331,""artistas_secundarios"":[]}",error,
337,2026-03-05 20:14:47.805132+00,42,the good the bad and the ugly,ennio morricone,214037,rock|classical,,western music collection vol 1 ennio morricone,,162,it|en,deezer,https://www.deezer.com/track/103429314,"{""pais"":""AR"",""posicion"":42,""es_infantil"":false,""deezer_album_id"":10752102,""deezer_track_id"":103429314,""deezer_artist_id"":1536,""artistas_secundarios"":[]}",completed,
338,2026-03-05 20:14:50.810424+00,43,nocturne in g minor,olafur arnalds,299040,electronica,,the chopin project,,175,en,deezer,https://www.deezer.com/track/95965014,"{""pais"":""AR"",""posicion"":43,""error_letra"":""No encontrada en Genius"",""es_infantil"":false,""deezer_album_id"":9760344,""deezer_track_id"":95965014,""deezer_artist_id"":277491,""artistas_secundarios"":[]}",error,
339,2026-03-05 20:14:54.88776+00,44,like a dog chasing cars,hans zimmer,404320,rock,,the dark knight,,302,en,deezer,https://www.deezer.com/track/904635,"{""pais"":""AR"",""posicion"":44,""error_letra"":""No encontrada en Genius"",""es_infantil"":false,""deezer_album_id"":102197,""deezer_track_id"":904635,""deezer_artist_id"":1935,""artistas_secundarios"":[]}",error,
340,2026-03-05 20:14:57.866955+00,45,barbarian horde,gavin greenaway,465154,rock,,gladiator music from the motion picture,,633,en,deezer,https://www.deezer.com/track/3055971,"{""pais"":""AR"",""posicion"":45,""error_letra"":""No encontrada en Genius"",""es_infantil"":false,""deezer_album_id"":296255,""deezer_track_id"":3055971,""deezer_artist_id"":76118,""artistas_secundarios"":[]}",error,
341,2026-03-05 20:15:00.875548+00,46,arwens vigil,the piano guys,372643,pop,,the piano guys,,235,en,deezer,https://www.deezer.com/track/62224832,"{""pais"":""AR"",""posicion"":46,""error_letra"":""No encontrada en Genius"",""es_infantil"":false,""deezer_album_id"":6103501,""deezer_track_id"":62224832,""deezer_artist_id"":1616371,""artistas_secundarios"":[]}",error,
342,2026-03-05 20:15:04.966952+00,47,swan lake op scene,berlin symphonic orchestra,177996,classical,,black swan swan lake,,169,en,deezer,https://www.deezer.com/track/7857866,"{""pais"":""AR"",""posicion"":47,""error_letra"":""No encontrada en Genius"",""es_infantil"":false,""deezer_album_id"":725379,""deezer_track_id"":7857866,""deezer_artist_id"":184541,""artistas_secundarios"":[]}",error,
343,2026-03-05 20:15:08.017796+00,48,je te veux,klara kormendi,26386,pop,,satie,,268,fr,deezer,https://www.deezer.com/track/16797848,"{""pais"":""AR"",""posicion"":48,""es_infantil"":false,""deezer_album_id"":1572067,""deezer_track_id"":16797848,""deezer_artist_id"":457057,""artistas_secundarios"":[]}",completed,
344,2026-03-05 20:15:11.026301+00,49,primavera,ludovico einaudi,26478,electronica,,the royal albert hall concert,,475,it,deezer,https://www.deezer.com/track/71779472,"{""pais"":""AR"",""posicion"":49,""error_letra"":""No encontrada en Genius"",""es_infantil"":false,""deezer_album_id"":7052894,""deezer_track_id"":71779472,""deezer_artist_id"":4331,""artistas_secundarios"":[]}",error,
345,2026-03-05 20:15:15.154708+00,50,the man who wasnt there luomo che non cera birdys pathetique,various artists azzurra music,90762,electronica,,film music vol 2 the best classical music soundtracks,,289,it,deezer,https://www.deezer.com/track/2093824,"{""pais"":""AR"",""posicion"":50,""error_letra"":""No encontrada en Genius"",""es_infantil"":false,""deezer_album_id"":210317,""deezer_track_id"":2093824,""deezer_artist_id"":100155,""artistas_secundarios"":[]}",error,
346,2026-03-05 20:15:18.168409+00,51,the battle,gavin greenaway,325429,rock,,gladiator music from the motion picture,,602,en,deezer,https://www.deezer.com/track/2919193,"{""pais"":""AR"",""posicion"":51,""error_letra"":""No encontrada en Genius"",""es_infantil"":false,""deezer_album_id"":284106,""deezer_track_id"":2919193,""deezer_artist_id"":76118,""artistas_secundarios"":[]}",error,
347,2026-03-05 20:15:21.394493+00,52,please please please,james brown,7000,rock,,the godfather,,165,en,deezer,https://www.deezer.com/track/1176052,"{""pais"":""AR"",""posicion"":52,""es_infantil"":false,""deezer_album_id"":125737,""deezer_track_id"":1176052,""deezer_artist_id"":1622,""artistas_secundarios"":[]}",completed,
348,2026-03-05 20:15:25.391686+00,53,aedeus,emma shapplin,208349,pop,,etterna,,250,en,deezer,https://www.deezer.com/track/64160020,"{""pais"":""AR"",""posicion"":53,""es_infantil"":false,""deezer_album_id"":1081988,""deezer_track_id"":64160020,""deezer_artist_id"":7209,""artistas_secundarios"":[]}",completed,
349,2026-03-05 20:15:28.447691+00,54,strength and honor,gavin greenaway,433077,rock,,gladiator music from the motion picture,,129,en,deezer,https://www.deezer.com/track/3055968,"{""pais"":""AR"",""posicion"":54,""es_infantil"":false,""deezer_album_id"":296255,""deezer_track_id"":3055968,""deezer_artist_id"":76118,""artistas_secundarios"":[]}",completed,
350,2026-03-05 20:15:31.503139+00,56,slaves to rome,gavin greenaway,406039,rock,,gladiator music from the motion picture,,60,en,deezer,https://www.deezer.com/track/3055970,"{""pais"":""AR"",""posicion"":56,""es_infantil"":false,""deezer_album_id"":296255,""deezer_track_id"":3055970,""deezer_artist_id"":76118,""artistas_secundarios"":[]}",completed,
351,2026-03-05 20:15:35.535679+00,57,they dont care about us,2cellos,378400,rock,,celloverse,,207,en,deezer,https://www.deezer.com/track/91315262,"{""pais"":""AR"",""posicion"":57,""error_letra"":""No encontrada en Genius"",""es_infantil"":false,""deezer_album_id"":9262722,""deezer_track_id"":91315262,""deezer_artist_id"":1234785,""artistas_secundarios"":[]}",error,
352,2026-03-05 20:15:38.585971+00,58,launch,trevor rabin,439651,rock,,armageddon original motion picture score,,471,en,deezer,https://www.deezer.com/track/622648,"{""pais"":""AR"",""posicion"":58,""error_letra"":""No encontrada en Genius"",""es_infantil"":false,""deezer_album_id"":78258,""deezer_track_id"":622648,""deezer_artist_id"":7367,""artistas_secundarios"":[]}",error,
353,2026-03-05 20:15:42.637925+00,59,recomposed by max richter vivaldi the four seasons spring 1,max richter,38140,electronica,,classics for hope,,152,en,deezer,https://www.deezer.com/track/68102155,"{""pais"":""AR"",""posicion"":59,""es_infantil"":false,""deezer_album_id"":6670998,""deezer_track_id"":68102155,""deezer_artist_id"":6690,""artistas_secundarios"":[]}",error,
354,2026-03-05 20:15:45.826097+00,60,flight,hans zimmer,384,electronica,,man of steel,,249,en,deezer,https://www.deezer.com/track/67845583,"{""pais"":""AR"",""posicion"":60,""error_letra"":""No encontrada en Genius"",""es_infantil"":false,""deezer_album_id"":6642638,""deezer_track_id"":67845583,""deezer_artist_id"":1935,""artistas_secundarios"":[]}",error,
355,2026-03-05 20:15:48.827834+00,61,stairway to heaven,ann wilson,241965,rock,,british rock symphony,,518,en,deezer,https://www.deezer.com/track/7377138,"{""pais"":""AR"",""posicion"":61,""es_infantil"":false,""deezer_album_id"":680539,""deezer_track_id"":7377138,""deezer_artist_id"":12964,""artistas_secundarios"":[]}",completed,
356,2026-03-05 20:15:52.956684+00,62,assassins creed revelations main theme assassins creed revelations main theme,andrew skeet,211339,rock,,the greatest video game music 2,,287,en,deezer,https://www.deezer.com/track/61887828,"{""pais"":""AR"",""posicion"":62,""es_infantil"":false,""deezer_album_id"":6068330,""deezer_track_id"":61887828,""deezer_artist_id"":4097769,""artistas_secundarios"":[]}",completed,
357,2026-03-05 20:15:56.036946+00,63,in unaltra vita,ludovico einaudi,18655,electronica,,the royal albert hall concert,,401,it,deezer,https://www.deezer.com/track/71779469,"{""pais"":""AR"",""posicion"":63,""error_letra"":""No encontrada en Genius"",""es_infantil"":false,""deezer_album_id"":7052894,""deezer_track_id"":71779469,""deezer_artist_id"":4331,""artistas_secundarios"":[]}",error,
358,2026-03-05 20:15:59.043054+00,64,wake me up,2cellos,18236,rock,,wake me up,,249,en,deezer,https://www.deezer.com/track/90697323,"{""pais"":""AR"",""posicion"":64,""error_letra"":""No encontrada en Genius"",""es_infantil"":false,""deezer_album_id"":9195699,""deezer_track_id"":90697323,""deezer_artist_id"":1234785,""artistas_secundarios"":[]}",error,
359,2026-03-05 20:16:03.098954+00,66,la notte etterna,emma shapplin,274596,pop,,etterna,,347,en,deezer,https://www.deezer.com/track/64160022,"{""pais"":""AR"",""posicion"":66,""es_infantil"":false,""deezer_album_id"":1081988,""deezer_track_id"":64160022,""deezer_artist_id"":7209,""artistas_secundarios"":[]}",completed,
360,2026-03-05 20:16:06.031563+00,67,mission impossible,the piano guys,22777,pop,,mission impossible,,225,en,deezer,https://www.deezer.com/track/62960475,"{""pais"":""AR"",""posicion"":67,""error_letra"":""No encontrada en Genius"",""es_infantil"":false,""deezer_album_id"":6179298,""deezer_track_id"":62960475,""deezer_artist_id"":1616371,""artistas_secundarios"":[]}",error,
361,2026-03-05 20:16:09.065168+00,68,legenda,zemfira,10238,rock,,stalingrad,,204,ru,deezer,https://www.deezer.com/track/74498997,"{""pais"":""AR"",""posicion"":68,""es_infantil"":false,""deezer_album_id"":7358507,""deezer_track_id"":74498997,""deezer_artist_id"":1366619,""artistas_secundarios"":[]}",completed,
362,2026-03-05 20:16:13.067804+00,69,dantes prayer l mckennitt,pieter jan leusink,1069,classical,,silent night,,312,en,deezer,https://www.deezer.com/track/91472826,"{""pais"":""AR"",""posicion"":69,""error_letra"":""No encontrada en Genius"",""es_infantil"":false,""deezer_album_id"":9279082,""deezer_track_id"":91472826,""deezer_artist_id"":1581625,""artistas_secundarios"":[]}",error,
363,2026-03-05 20:16:16.03563+00,70,un sospir di voi,emma shapplin,178645,pop,,etterna,,253,en,deezer,https://www.deezer.com/track/64160019,"{""pais"":""AR"",""posicion"":70,""es_infantil"":false,""deezer_album_id"":1081988,""deezer_track_id"":64160019,""deezer_artist_id"":7209,""artistas_secundarios"":[]}",completed,
364,2026-03-05 20:16:20.270123+00,71,divenire,ludovico einaudi,9001,electronica,,the royal albert hall concert,,548,it,deezer,https://www.deezer.com/track/71779473,"{""pais"":""AR"",""posicion"":71,""error_letra"":""No encontrada en Genius"",""es_infantil"":false,""deezer_album_id"":7052894,""deezer_track_id"":71779473,""deezer_artist_id"":4331,""artistas_secundarios"":[]}",error,
365,2026-03-05 20:16:23.392378+00,72,piano sonata no 8 in a minor k mozart piano sonata no 8 in a minor k1 allegro maestoso,claudio arrau,32778,classical,,mozart,,532,es|en,deezer,https://www.deezer.com/track/66364104,"{""pais"":""AR"",""posicion"":72,""error_letra"":""No encontrada en Genius"",""es_infantil"":false,""deezer_album_id"":6492676,""deezer_track_id"":66364104,""deezer_artist_id"":58950,""artistas_secundarios"":[]}",error,
366,2026-03-05 20:16:27.38821+00,73,run,ludovico einaudi,256679,electronica,,in a time lapse,,332,it,deezer,https://www.deezer.com/track/63238997,"{""pais"":""AR"",""posicion"":73,""error_letra"":""No encontrada en Genius"",""es_infantil"":false,""deezer_album_id"":6211583,""deezer_track_id"":63238997,""deezer_artist_id"":4331,""artistas_secundarios"":[]}",error,
367,2026-03-05 20:16:30.309301+00,74,final frontier,thomas bergersen,2755,electronica,,sun,,284,en,deezer,https://www.deezer.com/track/87250139,"{""pais"":""AR"",""posicion"":74,""es_infantil"":false,""deezer_album_id"":8803553,""deezer_track_id"":87250139,""deezer_artist_id"":4395080,""artistas_secundarios"":[]}",completed,
368,2026-03-05 20:16:33.261698+00,75,kung fu piano cello ascends,the piano guys,312249,pop,,wonders,,246,en,deezer,https://www.deezer.com/track/84309793,"{""pais"":""AR"",""posicion"":75,""error_letra"":""No encontrada en Genius"",""es_infantil"":false,""deezer_album_id"":8493391,""deezer_track_id"":84309793,""deezer_artist_id"":1616371,""artistas_secundarios"":[]}",error,
369,2026-03-05 20:16:37.343649+00,77,concierto de aranjuez iii allegro gentile,daniel barenboim,38852,classical,,rodrigo concierto de aranjuez villa lobos guitar concerto w501,,301,es,deezer,https://www.deezer.com/track/1081878,"{""pais"":""AR"",""posicion"":77,""error_letra"":""No encontrada en Genius"",""es_infantil"":false,""deezer_album_id"":116904,""deezer_track_id"":1081878,""deezer_artist_id"":65655,""artistas_secundarios"":[]}",error,
370,2026-03-05 20:16:40.249655+00,78,metamorphosis metamorphosis one,martin jacoby,23461,rock,,classical piano music collection,,360,en,deezer,https://www.deezer.com/track/104414710,"{""pais"":""AR"",""posicion"":78,""es_infantil"":false,""deezer_album_id"":10864756,""deezer_track_id"":104414710,""deezer_artist_id"":6097256,""artistas_secundarios"":[]}",completed,
371,2026-03-05 20:16:44.257607+00,79,honor him,gavin greenaway,644777,rock,,gladiator music from the motion picture,,79,en,deezer,https://www.deezer.com/track/3055974,"{""pais"":""AR"",""posicion"":79,""es_infantil"":false,""deezer_album_id"":296255,""deezer_track_id"":3055974,""deezer_artist_id"":76118,""artistas_secundarios"":[]}",completed,
372,2026-03-05 20:16:47.333522+00,80,progeny,gavin greenaway,504189,rock,,gladiator music from the motion picture,,135,en,deezer,https://www.deezer.com/track/3055959,"{""pais"":""AR"",""posicion"":80,""es_infantil"":false,""deezer_album_id"":296255,""deezer_track_id"":3055959,""deezer_artist_id"":76118,""artistas_secundarios"":[]}",completed,
373,2026-03-05 20:16:50.283464+00,81,to zuccabar,gavin greenaway,468700,rock,,gladiator music from the motion picture,,196,en,deezer,https://www.deezer.com/track/3055964,"{""pais"":""AR"",""posicion"":81,""error_letra"":""No encontrada en Genius"",""es_infantil"":false,""deezer_album_id"":296255,""deezer_track_id"":3055964,""deezer_artist_id"":76118,""artistas_secundarios"":[]}",error,
374,2026-03-05 20:16:54.373482+00,82,stay,clint mansell,275893,rock,,the fountain ost,,216,en,deezer,https://www.deezer.com/track/674022,"{""pais"":""AR"",""posicion"":82,""error_letra"":""No encontrada en Genius"",""es_infantil"":false,""deezer_album_id"":81566,""deezer_track_id"":674022,""deezer_artist_id"":757,""artistas_secundarios"":[]}",error,
375,2026-03-05 20:16:57.371922+00,83,da me non venni,emma shapplin,174258,pop,,etterna,,263,en,deezer,https://www.deezer.com/track/64160021,"{""pais"":""AR"",""posicion"":83,""es_infantil"":false,""deezer_album_id"":1081988,""deezer_track_id"":64160021,""deezer_artist_id"":7209,""artistas_secundarios"":[]}",completed,
376,2026-03-05 20:17:00.314658+00,84,earth,gavin greenaway,516106,rock,,gladiator music from the motion picture,,181,en,deezer,https://www.deezer.com/track/3055962,"{""pais"":""AR"",""posicion"":84,""error_letra"":""No encontrada en Genius"",""es_infantil"":false,""deezer_album_id"":296255,""deezer_track_id"":3055962,""deezer_artist_id"":76118,""artistas_secundarios"":[]}",error,
377,2026-03-05 20:17:04.404686+00,85,la traviata giuseppe verdi libiam ne lieti caloco,maria callas,207059,opera,,lindispensable,,247,it,deezer,https://www.deezer.com/track/309342,"{""pais"":""AR"",""posicion"":85,""error_letra"":""No encontrada en Genius"",""es_infantil"":false,""deezer_album_id"":48850,""deezer_track_id"":309342,""deezer_artist_id"":6250,""artistas_secundarios"":[]}",error,
378,2026-03-05 20:17:07.402168+00,86,any other name,martin jacoby,26893,rock,,peaceful piano,,259,en,deezer,https://www.deezer.com/track/92037380,"{""pais"":""AR"",""posicion"":86,""error_letra"":""No encontrada en Genius"",""es_infantil"":false,""deezer_album_id"":9341580,""deezer_track_id"":92037380,""deezer_artist_id"":6097256,""artistas_secundarios"":[]}",error,
379,2026-03-05 20:17:11.439563+00,87,the protector of rome,gavin greenaway,176705,rock,,gladiator music from the motion picture,,88,en,deezer,https://www.deezer.com/track/2919210,"{""pais"":""AR"",""posicion"":87,""error_letra"":""{'message': 'duplicate key value violates unique constraint \""lyrics_lyrics_hash_key\""', 'code': '23505', 'hint': None, 'details': 'Key (lyrics_hash)=(84c368a9504bee9967c51411c4f922d56cb35bf456d8d9bb4ebcc701f05b5919) already exists.'}"",""es_infantil"":false,""deezer_album_id"":284106,""deezer_track_id"":2919210,""deezer_artist_id"":76118,""artistas_secundarios"":[]}",error,
380,2026-03-05 20:17:14.424889+00,89,all of me,the piano guys,21292,pop,,all of me,,182,en,deezer,https://www.deezer.com/track/58781321,"{""pais"":""AR"",""posicion"":89,""error_letra"":""No encontrada en Genius"",""es_infantil"":false,""deezer_album_id"":5744321,""deezer_track_id"":58781321,""deezer_artist_id"":1616371,""artistas_secundarios"":[]}",error,
381,2026-03-05 20:17:17.468519+00,90,our destiny,thomas bergersen,22996,electronica,,sun,,233,en,deezer,https://www.deezer.com/track/87250135,"{""pais"":""AR"",""posicion"":90,""error_letra"":""No encontrada en Genius"",""es_infantil"":false,""deezer_album_id"":8803553,""deezer_track_id"":87250135,""deezer_artist_id"":4395080,""artistas_secundarios"":[]}",error,
382,2026-03-05 20:17:21.537921+00,91,the trooper,2cellos,373667,rock,,celloverse,,276,en,deezer,https://www.deezer.com/track/91315244,"{""pais"":""AR"",""posicion"":91,""error_letra"":""No encontrada en Genius"",""es_infantil"":false,""deezer_album_id"":9262722,""deezer_track_id"":91315244,""deezer_artist_id"":1234785,""artistas_secundarios"":[]}",error,
383,2026-03-05 20:17:24.49946+00,92,begin again,the piano guys,14,pop,,begin again,,246,en,deezer,https://www.deezer.com/track/64398539,"{""pais"":""AR"",""posicion"":92,""error_letra"":""No encontrada en Genius"",""es_infantil"":false,""deezer_album_id"":6309375,""deezer_track_id"":64398539,""deezer_artist_id"":1616371,""artistas_secundarios"":[]}",error,
384,2026-03-05 20:17:27.485934+00,93,the grey havens,howard shore,382178,rock,,the lord of the rings the return of the king,,359,en,deezer,https://www.deezer.com/track/678632,"{""pais"":""AR"",""posicion"":93,""es_infantil"":false,""deezer_album_id"":81953,""deezer_track_id"":678632,""deezer_artist_id"":556,""artistas_secundarios"":[]}",completed,
385,2026-03-05 20:17:31.550511+00,94,the might of rome,gavin greenaway,445105,rock,,gladiator music from the motion picture,,318,en,deezer,https://www.deezer.com/track/3055967,"{""pais"":""AR"",""posicion"":94,""error_letra"":""{'message': 'duplicate key value violates unique constraint \""lyrics_lyrics_hash_key\""', 'code': '23505', 'hint': None, 'details': 'Key (lyrics_hash)=(84c368a9504bee9967c51411c4f922d56cb35bf456d8d9bb4ebcc701f05b5919) already exists.'}"",""es_infantil"":false,""deezer_album_id"":296255,""deezer_track_id"":3055967,""deezer_artist_id"":76118,""artistas_secundarios"":[]}",error,
386,2026-03-05 20:17:34.576615+00,95,au hafa sloppi undan unga myrkursins,olafur arnalds,26606,rock,,and they have escaped the weight of darkness,,241,is,deezer,https://www.deezer.com/track/6051502,"{""pais"":""AR"",""posicion"":95,""error_letra"":""No encontrada en Genius"",""es_infantil"":false,""deezer_album_id"":552777,""deezer_track_id"":6051502,""deezer_artist_id"":277491,""artistas_secundarios"":[]}",error,
387,2026-03-05 20:17:38.631866+00,96,the wheat,gavin greenaway,530282,rock,,gladiator music from the motion picture,,63,en,deezer,https://www.deezer.com/track/3055960,"{""pais"":""AR"",""posicion"":96,""error_letra"":""No encontrada en Genius"",""es_infantil"":false,""deezer_album_id"":296255,""deezer_track_id"":3055960,""deezer_artist_id"":76118,""artistas_secundarios"":[]}",error,
388,2026-03-05 20:17:41.576534+00,97,sorrow,gavin greenaway,522119,rock,,gladiator music from the motion picture,,86,en,deezer,https://www.deezer.com/track/3055963,"{""pais"":""AR"",""posicion"":97,""error_letra"":""{'message': 'duplicate key value violates unique constraint \""lyrics_lyrics_hash_key\""', 'code': '23505', 'hint': None, 'details': 'Key (lyrics_hash)=(a17edd032b7472782d75028aae17bfd2689f2f328b65764f5e46f1294b4e4d86) already exists.'}"",""es_infantil"":false,""deezer_album_id"":296255,""deezer_track_id"":3055963,""deezer_artist_id"":76118,""artistas_secundarios"":[]}",error,
389,2026-03-05 20:17:44.583252+00,99,star wars episode v the empire strikes back the imperial march,john williams,255402,rock,,john williams conducts the star wars trilogy,,184,en,deezer,https://www.deezer.com/track/897463,"{""pais"":""AR"",""posicion"":99,""error_letra"":""No encontrada en Genius"",""es_infantil"":false,""deezer_album_id"":101530,""deezer_track_id"":897463,""deezer_artist_id"":805,""artistas_secundarios"":[]}",error,
390,2026-03-05 20:17:48.674127+00,100,the emperor is dead,gavin greenaway,462574,rock,,gladiator music from the motion picture,,81,en,deezer,https://www.deezer.com/track/3055966,"{""pais"":""AR"",""posicion"":100,""es_infantil"":false,""deezer_album_id"":296255,""deezer_track_id"":3055966,""deezer_artist_id"":76118,""artistas_secundarios"":[]}",completed,
391,2026-03-05 20:17:51.088954+00,1,titulo,mitch james,59750,pop,,,,272,en,deezer,https://www.deezer.com/track/105865680,"{""pais"":""VE"",""posicion"":10,""es_infantil"":false,""deezer_album_id"":63611972,""deezer_track_id"":500192102,""deezer_artist_id"":4434816,""artistas_secundarios"":[]}",completed,
392,2026-03-05 20:17:55.207755+00,2,tomorrow,kitty daisy lewis,25645,pop,,smoking in heaven,,263,en,deezer,https://www.deezer.com/track/10501323,"{""pais"":""CO"",""posicion"":2,""es_infantil"":false,""deezer_album_id"":961118,""deezer_track_id"":10501323,""deezer_artist_id"":1204534,""artistas_secundarios"":[]}",completed,
393,2026-03-05 20:17:58.27909+00,3,dare you to move,switchfoot,45291,rock,,20th century masters the millennium collection the best of switchfoot,,247,en,deezer,https://www.deezer.com/track/104242378,"{""pais"":""CO"",""posicion"":3,""es_infantil"":false,""deezer_album_id"":10844352,""deezer_track_id"":104242378,""deezer_artist_id"":1186,""artistas_secundarios"":[]}",completed,
394,2026-03-05 20:18:01.22438+00,4,eye of the tiger,amel bent,10258,rock,,eye of the tiger,,192,en,deezer,https://www.deezer.com/track/3571409,"{""pais"":""CO"",""posicion"":4,""es_infantil"":false,""deezer_album_id"":73384,""deezer_track_id"":3571409,""deezer_artist_id"":1765,""artistas_secundarios"":[]}",completed,
395,2026-03-05 20:18:05.2459+00,5,lifes for the living,passenger,2003,rock,,all the little lights,,272,en,deezer,https://www.deezer.com/track/61860874,"{""pais"":""CO"",""posicion"":5,""error_letra"":""No encontrada en Genius"",""es_infantil"":false,""deezer_album_id"":6065439,""deezer_track_id"":61860874,""deezer_artist_id"":16398,""artistas_secundarios"":[]}",error,
396,2026-03-05 20:18:08.207054+00,6,ei man kita brosta,pix lax,21492,reggaeton,,ei man kita brosta,,179,es,deezer,https://www.deezer.com/track/3306086,"{""pais"":""CO"",""posicion"":6,""error_letra"":""No encontrada en Genius"",""es_infantil"":false,""deezer_album_id"":315267,""deezer_track_id"":3306086,""deezer_artist_id"":1494032,""artistas_secundarios"":[]}",error,
397,2026-03-05 20:18:11.220255+00,7,another day in paradise,phil collins,5402,rock,,hits,,322,en,deezer,https://www.deezer.com/track/3905056,"{""pais"":""CO"",""posicion"":7,""es_infantil"":false,""deezer_album_id"":364478,""deezer_track_id"":3905056,""deezer_artist_id"":186,""artistas_secundarios"":[]}",completed,
398,2026-03-05 20:18:15.299331+00,8,high,lighthouse family,11461,pop,,hits,,308,en,deezer,https://www.deezer.com/track/14464423,"{""pais"":""CO"",""posicion"":8,""es_infantil"":false,""deezer_album_id"":1328431,""deezer_track_id"":14464423,""deezer_artist_id"":504,""artistas_secundarios"":[]}",completed,
399,2026-03-05 20:18:18.236484+00,9,roses,deus,398794,rock,,selected songs,,292,en,deezer,https://www.deezer.com/track/88818687,"{""pais"":""CO"",""posicion"":9,""es_infantil"":false,""deezer_album_id"":8977551,""deezer_track_id"":88818687,""deezer_artist_id"":1706,""artistas_secundarios"":[]}",completed,
400,2026-03-05 20:18:21.197002+00,10,in the ghetto,elvis presley,649240,rock,,the essential elvis presley 30,,177,en,deezer,https://www.deezer.com/track/6596884,"{""pais"":""CO"",""posicion"":10,""es_infantil"":false,""deezer_album_id"":609946,""deezer_track_id"":6596884,""deezer_artist_id"":1125,""artistas_secundarios"":[]}",completed,
401,2026-03-05 20:18:25.42277+00,11,worry worry worry,bb king,113402,rock,,live in cook county jail,,597,en,deezer,https://www.deezer.com/track/1559389,"{""pais"":""CO"",""posicion"":11,""es_infantil"":false,""deezer_album_id"":160169,""deezer_track_id"":1559389,""deezer_artist_id"":3614,""artistas_secundarios"":[]}",completed,
402,2026-03-05 20:18:28.560526+00,12,thirteen sad farewells,stu larsen,21468,rock,,vagabond,,166,en,deezer,https://www.deezer.com/track/90348885,"{""pais"":""CO"",""posicion"":12,""es_infantil"":false,""deezer_album_id"":9157027,""deezer_track_id"":90348885,""deezer_artist_id"":998425,""artistas_secundarios"":[]}",completed,
403,2026-03-05 20:18:31.589093+00,14,what a day for me,harumi,98860,electronica,,harumi remastered,,167,en,deezer,https://www.deezer.com/track/78571671,"{""pais"":""CO"",""posicion"":14,""es_infantil"":false,""deezer_album_id"":7816464,""deezer_track_id"":78571671,""deezer_artist_id"":5836084,""artistas_secundarios"":[]}",completed,
404,2026-03-05 20:18:34.774822+00,16,who you love,john mayer,518817,rock,,paradise valley,,253,en,deezer,https://www.deezer.com/track/69964809,"{""pais"":""CO"",""posicion"":16,""es_infantil"":false,""deezer_album_id"":6861297,""deezer_track_id"":69964809,""deezer_artist_id"":598,""artistas_secundarios"":[]}",completed,
405,2026-03-05 20:18:38.772992+00,17,tenderness,machete,26408,reggaeton,,machete,,290,es,deezer,https://www.deezer.com/track/70334805,"{""pais"":""CO"",""posicion"":17,""error_letra"":""No encontrada en Genius"",""es_infantil"":false,""deezer_album_id"":6901118,""deezer_track_id"":70334805,""deezer_artist_id"":795146,""artistas_secundarios"":[]}",error,
406,2026-03-05 20:18:41.725753+00,19,dangerously in love,beyonce,197695,pop,,me myself and i,,297,en,deezer,https://www.deezer.com/track/13181358,"{""pais"":""CO"",""posicion"":19,""error_letra"":""No encontrada en Genius"",""es_infantil"":false,""deezer_album_id"":1209029,""deezer_track_id"":13181358,""deezer_artist_id"":145,""artistas_secundarios"":[]}",error,
407,2026-03-05 20:18:44.713573+00,20,the boys and the girls,the network,17,reggaeton,,vintage psychedelia from the music city,,170,en,deezer,https://www.deezer.com/track/16962246,"{""pais"":""CO"",""posicion"":20,""es_infantil"":false,""deezer_album_id"":1586365,""deezer_track_id"":16962246,""deezer_artist_id"":9059,""artistas_secundarios"":[]}",completed,
408,2026-03-05 20:18:48.717507+00,21,in the end,linkin park,2757,rock,,hybrid theory,,219,en,deezer,https://www.deezer.com/track/2658573,"{""pais"":""CO"",""posicion"":21,""es_infantil"":false,""deezer_album_id"":257861,""deezer_track_id"":2658573,""deezer_artist_id"":92,""artistas_secundarios"":[]}",completed,
409,2026-03-05 20:18:51.645494+00,23,tomkins square park,mumford sons,495712,rock,,wilder mind,,313,en,deezer,https://www.deezer.com/track/98701780,"{""pais"":""CO"",""posicion"":23,""es_infantil"":false,""deezer_album_id"":10089140,""deezer_track_id"":98701780,""deezer_artist_id"":288092,""artistas_secundarios"":[]}",completed,
410,2026-03-05 20:18:54.598782+00,24,stargazer,rainbow,212710,rock,,rising,,505,en,deezer,https://www.deezer.com/track/9990561,"{""pais"":""CO"",""posicion"":24,""es_infantil"":false,""deezer_album_id"":915161,""deezer_track_id"":9990561,""deezer_artist_id"":1324,""artistas_secundarios"":[]}",completed,
411,2026-03-05 20:18:58.606528+00,25,i swear,all four one,709,rock,,get ur freak on rb anthems,,257,en,deezer,https://www.deezer.com/track/62165259,"{""pais"":""CO"",""posicion"":25,""es_infantil"":false,""deezer_album_id"":6096804,""deezer_track_id"":62165259,""deezer_artist_id"":271,""artistas_secundarios"":[]}",completed,
412,2026-03-05 20:19:01.691922+00,28,dead inside,muse,615482,rock,,drones,,262,en,deezer,https://www.deezer.com/track/101215842,"{""pais"":""CO"",""posicion"":28,""es_infantil"":false,""deezer_album_id"":10506072,""deezer_track_id"":101215842,""deezer_artist_id"":705,""artistas_secundarios"":[]}",completed,
413,2026-03-05 20:19:04.680814+00,31,wallet switcher,heymoonshaker,1069,electronica,,shakerism,,268,en,deezer,https://www.deezer.com/track/103514332,"{""pais"":""CO"",""posicion"":31,""es_infantil"":false,""deezer_album_id"":10762248,""deezer_track_id"":103514332,""deezer_artist_id"":4413985,""artistas_secundarios"":[]}",completed,
414,2026-03-05 20:19:08.724399+00,32,sail,awolnation,962,rock,,megalithic symphony deluxe,,259,en,deezer,https://www.deezer.com/track/71788159,"{""pais"":""CO"",""posicion"":32,""es_infantil"":false,""deezer_album_id"":7053600,""deezer_track_id"":71788159,""deezer_artist_id"":515697,""artistas_secundarios"":[]}",completed,
415,2026-03-05 20:19:11.766012+00,34,complicated,avril lavigne,15791,rock,,let go,,244,en,deezer,https://www.deezer.com/track/1023429,"{""pais"":""CO"",""posicion"":34,""es_infantil"":false,""deezer_album_id"":112522,""deezer_track_id"":1023429,""deezer_artist_id"":35,""artistas_secundarios"":[]}",completed,
416,2026-03-05 20:19:14.790471+00,35,heaven knows,the pretty reckless,3930,rock,,heaven knows,,224,en,deezer,https://www.deezer.com/track/74111638,"{""pais"":""CO"",""posicion"":35,""es_infantil"":false,""deezer_album_id"":7314960,""deezer_track_id"":74111638,""deezer_artist_id"":370519,""artistas_secundarios"":[]}",completed,
417,2026-03-05 20:19:18.833669+00,36,uprising,muse,909565,rock,,the resistance,,304,en,deezer,https://www.deezer.com/track/4195713,"{""pais"":""CO"",""posicion"":36,""es_infantil"":false,""deezer_album_id"":390984,""deezer_track_id"":4195713,""deezer_artist_id"":705,""artistas_secundarios"":[]}",completed,
418,2026-03-05 20:19:21.887861+00,37,i lost him,philippe cohen solal,160396,electronica,,the moonshine sessions,,266,en,deezer,https://www.deezer.com/track/522755,"{""pais"":""CO"",""posicion"":37,""es_infantil"":false,""deezer_album_id"":70093,""deezer_track_id"":522755,""deezer_artist_id"":872190,""artistas_secundarios"":[]}",completed,
419,2026-03-05 20:19:24.876173+00,38,knocked up,kings of leon,26923,rock,,because of the times,,430,en,deezer,https://www.deezer.com/track/550434,"{""pais"":""CO"",""posicion"":38,""es_infantil"":false,""deezer_album_id"":72354,""deezer_track_id"":550434,""deezer_artist_id"":385,""artistas_secundarios"":[]}",completed,
420,2026-03-05 20:19:29.103615+00,40,carrying a torch,van morrison,2221,rock,,duets re working the catalogue,,293,en,deezer,https://www.deezer.com/track/95397556,"{""pais"":""CO"",""posicion"":40,""es_infantil"":false,""deezer_album_id"":9706700,""deezer_track_id"":95397556,""deezer_artist_id"":2798,""artistas_secundarios"":[]}",completed,
421,2026-03-05 20:19:32.185947+00,41,island in the sun,weezer,25934,rock,,maladroit,,199,en,deezer,https://www.deezer.com/track/2426862,"{""pais"":""CO"",""posicion"":41,""es_infantil"":false,""deezer_album_id"":239173,""deezer_track_id"":2426862,""deezer_artist_id"":418,""artistas_secundarios"":[]}",completed,
422,2026-03-05 20:19:35.145251+00,43,youve got the love,florence the machine,181852,pop,,lungs,,169,en,deezer,https://www.deezer.com/track/3980892,"{""pais"":""CO"",""posicion"":43,""es_infantil"":false,""deezer_album_id"":372022,""deezer_track_id"":3980892,""deezer_artist_id"":183716,""artistas_secundarios"":[]}",completed,
423,2026-03-05 20:19:38.199712+00,44,you learn,alanis morissette,165424,rock,,jagged little pill,,239,en,deezer,https://www.deezer.com/track/776511,"{""pais"":""CO"",""posicion"":44,""es_infantil"":false,""deezer_album_id"":91067,""deezer_track_id"":776511,""deezer_artist_id"":177,""artistas_secundarios"":[]}",completed,
424,2026-03-05 20:19:42.246539+00,45,der kommissar,falco,17965,pop,,der kommissar best of,,232,de,deezer,https://www.deezer.com/track/838062,"{""pais"":""CO"",""posicion"":45,""es_infantil"":false,""deezer_album_id"":96563,""deezer_track_id"":838062,""deezer_artist_id"":8803,""artistas_secundarios"":[]}",completed,
425,2026-03-05 20:19:45.138417+00,47,come,jain,224048,electronica,,come,,163,fr,deezer,https://www.deezer.com/track/99735814,"{""pais"":""CO"",""posicion"":47,""es_infantil"":false,""deezer_album_id"":10216652,""deezer_track_id"":99735814,""deezer_artist_id"":5951582,""artistas_secundarios"":[]}",completed,
426,2026-03-05 20:19:48.127847+00,49,silhouettes,preoccupations,121746,rock,,viet cong,,252,en,deezer,https://www.deezer.com/track/92622872,"{""pais"":""CO"",""posicion"":49,""es_infantil"":false,""deezer_album_id"":9399858,""deezer_track_id"":92622872,""deezer_artist_id"":10236730,""artistas_secundarios"":[]}",completed,
427,2026-03-05 20:19:52.089143+00,50,ava adore,the smashing pumpkins,355626,rock,,adore,,270,en,deezer,https://www.deezer.com/track/84841991,"{""pais"":""CO"",""posicion"":50,""es_infantil"":false,""deezer_album_id"":8554467,""deezer_track_id"":84841991,""deezer_artist_id"":193331,""artistas_secundarios"":[]}",completed,
428,2026-03-05 20:19:55.108981+00,51,aint no reason,brett dennen,7859,rock,,the definitive collection,,218,en,deezer,https://www.deezer.com/track/92425862,"{""pais"":""CO"",""posicion"":51,""es_infantil"":false,""deezer_album_id"":9378458,""deezer_track_id"":92425862,""deezer_artist_id"":4119,""artistas_secundarios"":[]}",completed,
429,2026-03-05 20:19:58.115413+00,52,make me fade,k flay,25231,rock,,life as a dog,,247,en,deezer,https://www.deezer.com/track/79125311,"{""pais"":""CO"",""posicion"":52,""es_infantil"":false,""deezer_album_id"":7867085,""deezer_track_id"":79125311,""deezer_artist_id"":988686,""artistas_secundarios"":[]}",completed,
430,2026-03-05 20:20:02.17534+00,57,happy but on my way,the beets,41948,rock,,spit in the face of people who dont want to be cool,,138,en,deezer,https://www.deezer.com/track/65258876,"{""pais"":""CO"",""posicion"":57,""es_infantil"":false,""deezer_album_id"":6396346,""deezer_track_id"":65258876,""deezer_artist_id"":413710,""artistas_secundarios"":[]}",completed,
431,2026-03-05 20:20:05.275947+00,58,papa,machete,11704,reggaeton,,machete,,268,es,deezer,https://www.deezer.com/track/70334798,"{""pais"":""CO"",""posicion"":58,""es_infantil"":false,""deezer_album_id"":6901118,""deezer_track_id"":70334798,""deezer_artist_id"":795146,""artistas_secundarios"":[]}",completed,
432,2026-03-05 20:20:08.253539+00,59,la banlieue,beirut,13751,rock|electronica,,the flying club cup,,117,en,deezer,https://www.deezer.com/track/947345,"{""pais"":""CO"",""posicion"":59,""es_infantil"":false,""deezer_album_id"":106592,""deezer_track_id"":947345,""deezer_artist_id"":3905,""artistas_secundarios"":[]}",completed,
433,2026-03-05 20:20:12.2756+00,60,layla,eric clapton,11679,rock,,clapton chronicles the best of eric clapton,,260,en,deezer,https://www.deezer.com/track/3614666,"{""pais"":""CO"",""posicion"":60,""es_infantil"":false,""deezer_album_id"":340924,""deezer_track_id"":3614666,""deezer_artist_id"":192,""artistas_secundarios"":[]}",completed,
434,2026-03-05 20:20:15.254404+00,61,sixteen,the heavy,373187,rock,,sixteen,,182,en,deezer,https://www.deezer.com/track/10235903,"{""pais"":""CO"",""posicion"":61,""es_infantil"":false,""deezer_album_id"":935891,""deezer_track_id"":10235903,""deezer_artist_id"":62971,""artistas_secundarios"":[]}",completed,
435,2026-03-05 20:20:18.36082+00,62,candle in the wind,elton john,666107,rock,,love songs,,227,en,deezer,https://www.deezer.com/track/44586851,"{""pais"":""CO"",""posicion"":62,""es_infantil"":false,""deezer_album_id"":4397541,""deezer_track_id"":44586851,""deezer_artist_id"":413,""artistas_secundarios"":[]}",completed,
436,2026-03-05 20:20:22.426372+00,63,the man who sold the world,nirvana,896767,rock,,mtv unplugged in new york,,260,en,deezer,https://www.deezer.com/track/1105736,"{""pais"":""CO"",""posicion"":63,""es_infantil"":false,""deezer_album_id"":119282,""deezer_track_id"":1105736,""deezer_artist_id"":415,""artistas_secundarios"":[]}",completed,
437,2026-03-05 20:20:25.380496+00,64,hard times,the scabs,271190,rock,,the singles,,291,en,deezer,https://www.deezer.com/track/7728803,"{""pais"":""CO"",""posicion"":64,""es_infantil"":false,""deezer_album_id"":713453,""deezer_track_id"":7728803,""deezer_artist_id"":257833,""artistas_secundarios"":[]}",completed,
438,2026-03-05 20:20:28.298331+00,65,i do it for you,bryan adams,3089,rock,,the best of me,,393,en,deezer,https://www.deezer.com/track/1172330,"{""pais"":""CO"",""posicion"":65,""es_infantil"":false,""deezer_album_id"":125467,""deezer_track_id"":1172330,""deezer_artist_id"":170,""artistas_secundarios"":[]}",completed,
439,2026-03-05 20:20:32.323708+00,66,the scientist,coldplay,946673,rock,,a rush of blood to the head,,309,en,deezer,https://www.deezer.com/track/3098840,"{""pais"":""CO"",""posicion"":66,""es_infantil"":false,""deezer_album_id"":299821,""deezer_track_id"":3098840,""deezer_artist_id"":892,""artistas_secundarios"":[]}",completed,
440,2026-03-06 08:58:56.541007+00,6,locura,vaes,296329,reggaeton,,locura,,209,es,deezer,https://www.deezer.com/track/1278848962,"{""pais"":""PY"",""posicion"":6,""error_letra"":""No encontrada en Genius"",""es_infantil"":false,""deezer_album_id"":215580432,""deezer_track_id"":1278848962,""deezer_artist_id"":8590402,""artistas_secundarios"":[]}",error,
441,2026-03-06 08:58:58.584573+00,7,ascend,dezko,501592,reggaeton,,ascend,,200,es,deezer,https://www.deezer.com/track/2335413405,"{""pais"":""PY"",""posicion"":7,""es_infantil"":false,""deezer_album_id"":455621005,""deezer_track_id"":2335413405,""deezer_artist_id"":14137893,""artistas_secundarios"":[]}",completed,
442,2026-03-06 08:59:00.427009+00,8,sound of rain,relaxamento soundscape,312945,electronica,,sons da natureza relaxamento e meditacao bem estar e musicas para relaxar,,598,en,deezer,https://www.deezer.com/track/74662958,"{""pais"":""PY"",""posicion"":8,""error_letra"":""No encontrada en Genius"",""es_infantil"":false,""deezer_album_id"":7377091,""deezer_track_id"":74662958,""deezer_artist_id"":5505183,""artistas_secundarios"":[]}",error,
443,2026-03-06 08:59:04.330377+00,13,memories,maroon 5,846319,rock,,jordi,,189,en,deezer,https://www.deezer.com/track/1400843202,"{""pais"":""PY"",""posicion"":13,""es_infantil"":false,""deezer_album_id"":236529752,""deezer_track_id"":1400843202,""deezer_artist_id"":1188,""artistas_secundarios"":[]}",completed,
444,2026-03-06 08:59:06.830852+00,23,escapar,enrique iglesias,441927,pop,,escape,,208,es,deezer,https://www.deezer.com/track/2279385,"{""pais"":""PY"",""posicion"":23,""es_infantil"":false,""deezer_album_id"":227582,""deezer_track_id"":2279385,""deezer_artist_id"":2792,""artistas_secundarios"":[]}",completed,
445,2026-03-06 08:59:08.751289+00,26,meu abrigo,melim,706980,reggaeton,,melim,,231,pt,deezer,https://www.deezer.com/track/438865442,"{""pais"":""PY"",""posicion"":26,""es_infantil"":false,""deezer_album_id"":53126742,""deezer_track_id"":438865442,""deezer_artist_id"":9708982,""artistas_secundarios"":[]}",completed,
446,2026-03-06 08:59:10.884773+00,33,jetski remix,pedro sampaio,738391,pop,,jetski remix,,181,pt,deezer,https://www.deezer.com/track/3829132661,"{""pais"":""PY"",""posicion"":33,""es_infantil"":false,""deezer_album_id"":913604051,""deezer_track_id"":3829132661,""deezer_artist_id"":50633822,""artistas_secundarios"":[]}",completed,
447,2026-03-06 08:59:13.217307+00,42,excesos,fuerza regida,619536,reggaeton,,pa las babys y belikeada,,187,es,deezer,https://www.deezer.com/track/2503047061,"{""pais"":""PY"",""posicion"":42,""es_infantil"":false,""deezer_album_id"":501504381,""deezer_track_id"":2503047061,""deezer_artist_id"":13916083,""artistas_secundarios"":[]}",completed,
448,2026-03-06 08:59:15.445198+00,49,luma,esperon,410977,reggaeton,,luma,,237,es,deezer,https://www.deezer.com/track/3250872951,"{""pais"":""PY"",""posicion"":49,""es_infantil"":false,""deezer_album_id"":718667191,""deezer_track_id"":3250872951,""deezer_artist_id"":4523590,""artistas_secundarios"":[]}",completed,
449,2026-03-06 08:59:17.286585+00,50,manchild,sabrina carpenter,976231,pop,,manchild,,213,en,deezer,https://www.deezer.com/track/3400077541,"{""pais"":""PY"",""posicion"":50,""es_infantil"":false,""deezer_album_id"":767648471,""deezer_track_id"":3400077541,""deezer_artist_id"":1176900,""artistas_secundarios"":[]}",completed,
450,2026-03-06 08:59:19.105658+00,51,soy favela,la t y la m,497405,reggaeton,,soy favela,,166,es,deezer,https://www.deezer.com/track/3690434862,"{""pais"":""PY"",""posicion"":51,""es_infantil"":false,""deezer_album_id"":868113772,""deezer_track_id"":3690434862,""deezer_artist_id"":118358452,""artistas_secundarios"":[]}",completed,
451,2026-03-06 08:59:20.935135+00,53,soleao,myke towers,686977,reggaeton,,soleao,,218,es,deezer,https://www.deezer.com/track/3368936011,"{""pais"":""PY"",""posicion"":53,""es_infantil"":false,""deezer_album_id"":757386981,""deezer_track_id"":3368936011,""deezer_artist_id"":12029862,""artistas_secundarios"":[]}",completed,
452,2026-03-06 08:59:22.84075+00,55,tu misterioso alguien,miranda,599850,reggaeton,,miranda es imposible,,244,es,deezer,https://www.deezer.com/track/109383952,"{""pais"":""PY"",""posicion"":55,""es_infantil"":false,""deezer_album_id"":11396462,""deezer_track_id"":109383952,""deezer_artist_id"":4996,""artistas_secundarios"":[]}",completed,
453,2026-03-06 08:59:24.911361+00,59,ivonny bonita,karol g,736350,reggaeton,,tropicoqueta,,222,es,deezer,https://www.deezer.com/track/3421452471,"{""pais"":""PY"",""posicion"":59,""es_infantil"":false,""deezer_album_id"":774864691,""deezer_track_id"":3421452471,""deezer_artist_id"":5297021,""artistas_secundarios"":[]}",completed,
454,2026-03-06 08:59:26.761438+00,60,koko,omar courtz,648619,reggaeton,,por si manana no estoy,,195,es,deezer,https://www.deezer.com/track/3852034981,"{""pais"":""PY"",""posicion"":60,""es_infantil"":false,""deezer_album_id"":921955431,""deezer_track_id"":3852034981,""deezer_artist_id"":14534981,""artistas_secundarios"":[]}",completed,
455,2026-03-06 08:59:28.622774+00,62,amor de verano,la t y la m,422652,reggaeton,,amor de verano,,198,es,deezer,https://www.deezer.com/track/3240040911,"{""pais"":""PY"",""posicion"":62,""es_infantil"":false,""deezer_album_id"":715136491,""deezer_track_id"":3240040911,""deezer_artist_id"":118358452,""artistas_secundarios"":[]}",completed,
456,2026-03-06 08:59:30.423575+00,63,qloo,young cister,654241,reggaeton,,qloo,,146,es,deezer,https://www.deezer.com/track/3370856431,"{""pais"":""PY"",""posicion"":63,""es_infantil"":false,""deezer_album_id"":758000131,""deezer_track_id"":3370856431,""deezer_artist_id"":11554747,""artistas_secundarios"":[]}",completed,
457,2026-03-06 08:59:32.175973+00,64,nois vai subir,brenno matheus,100000,reggaeton,,nois vai subir,,167,pt,deezer,https://www.deezer.com/track/3843542981,"{""pais"":""PY"",""posicion"":64,""es_infantil"":false,""deezer_album_id"":918578301,""deezer_track_id"":3843542981,""deezer_artist_id"":11513017,""artistas_secundarios"":[]}",completed,
458,2026-03-06 08:59:33.96695+00,65,highway to hell,ac dc,978152,rock,,highway to hell,,206,en,deezer,https://www.deezer.com/track/92719900,"{""pais"":""PY"",""posicion"":65,""es_infantil"":false,""deezer_album_id"":9410086,""deezer_track_id"":92719900,""deezer_artist_id"":115,""artistas_secundarios"":[]}",completed,
459,2026-03-06 08:59:35.730369+00,66,volando,mora,689386,reggaeton,,volando,,273,es,deezer,https://www.deezer.com/track/1425937972,"{""pais"":""PY"",""posicion"":66,""es_infantil"":false,""deezer_album_id"":242452202,""deezer_track_id"":1425937972,""deezer_artist_id"":3922661,""artistas_secundarios"":[]}",completed,
460,2026-03-06 08:59:37.554092+00,68,mientras me curo del cora,karol g,691956,reggaeton,,manana sera bonito,,164,es,deezer,https://www.deezer.com/track/2154046437,"{""pais"":""PY"",""posicion"":68,""es_infantil"":false,""deezer_album_id"":408659277,""deezer_track_id"":2154046437,""deezer_artist_id"":5297021,""artistas_secundarios"":[]}",completed,
461,2026-03-06 08:59:39.316861+00,69,quevashacerhoy,omar courtz,679572,reggaeton,,primera musa,,224,es,deezer,https://www.deezer.com/track/3003099991,"{""pais"":""PY"",""posicion"":69,""error_letra"":""No encontrada en Genius"",""es_infantil"":false,""deezer_album_id"":645564371,""deezer_track_id"":3003099991,""deezer_artist_id"":14534981,""artistas_secundarios"":[]}",error,
462,2026-03-06 08:59:41.118339+00,70,khe,rauw alejandro,708908,reggaeton,,cosa nuestra,,206,es,deezer,https://www.deezer.com/track/3086954821,"{""pais"":""PY"",""posicion"":70,""es_infantil"":false,""deezer_album_id"":668910861,""deezer_track_id"":3086954821,""deezer_artist_id"":11289472,""artistas_secundarios"":[]}",completed,
463,2026-03-06 08:59:42.927397+00,71,kloufrens,bad bunny,882477,reggaeton,,debi tirar mas fotos,,199,es,deezer,https://www.deezer.com/track/3171003071,"{""pais"":""PY"",""posicion"":71,""es_infantil"":false,""deezer_album_id"":693008911,""deezer_track_id"":3171003071,""deezer_artist_id"":10583405,""artistas_secundarios"":[]}",completed,
464,2026-03-06 08:59:44.733029+00,72,turista,bad bunny,912692,reggaeton,,debi tirar mas fotos,,190,es,deezer,https://www.deezer.com/track/3171003081,"{""pais"":""PY"",""posicion"":72,""es_infantil"":false,""deezer_album_id"":693008911,""deezer_track_id"":3171003081,""deezer_artist_id"":10583405,""artistas_secundarios"":[]}",completed,
465,2026-03-06 08:59:46.529268+00,73,blackout,emilia,644963,pop,,blackout,,180,es,deezer,https://www.deezer.com/track/3288087861,"{""pais"":""PY"",""posicion"":73,""es_infantil"":false,""deezer_album_id"":730638231,""deezer_track_id"":3288087861,""deezer_artist_id"":61094422,""artistas_secundarios"":[]}",completed,
466,2026-03-06 08:59:48.436213+00,75,donde,kapo,725069,reggaeton,,por si alguien nos escucha,,193,es,deezer,https://www.deezer.com/track/3427618651,"{""pais"":""PY"",""posicion"":75,""es_infantil"":false,""deezer_album_id"":777147761,""deezer_track_id"":3427618651,""deezer_artist_id"":4479584,""artistas_secundarios"":[]}",completed,
467,2026-03-06 08:59:50.234352+00,76,lost on you,lilybelle,647391,pop,,lost on you,,270,en,deezer,https://www.deezer.com/track/3482816501,"{""pais"":""PY"",""posicion"":76,""es_infantil"":false,""deezer_album_id"":796048371,""deezer_track_id"":3482816501,""deezer_artist_id"":127303972,""artistas_secundarios"":[]}",completed,
468,2026-03-06 08:59:52.050885+00,77,sequencia feiticeira,pedro sampaio,979923,pop,,sequencia feiticeira,,129,pt,deezer,https://www.deezer.com/track/3511049601,"{""pais"":""PY"",""posicion"":77,""es_infantil"":false,""deezer_album_id"":805750031,""deezer_track_id"":3511049601,""deezer_artist_id"":50633822,""artistas_secundarios"":[]}",completed,
469,2026-03-06 08:59:53.891443+00,78,chanel,tyla,969548,reggaeton,,chanel,,188,en,deezer,https://www.deezer.com/track/3606166592,"{""pais"":""PY"",""posicion"":78,""es_infantil"":false,""deezer_album_id"":839307952,""deezer_track_id"":3606166592,""deezer_artist_id"":1220981,""artistas_secundarios"":[]}",completed,
470,2026-03-06 08:59:55.922381+00,81,voyage voyage,desireless,883540,pop,,francois,,266,fr,deezer,https://www.deezer.com/track/4298172,"{""pais"":""PY"",""posicion"":81,""es_infantil"":false,""deezer_album_id"":399842,""deezer_track_id"":4298172,""deezer_artist_id"":4593,""artistas_secundarios"":[]}",completed,
471,2026-03-06 08:59:57.728545+00,82,enjoy the silence,depeche mode,963501,rock,,the singles,,258,en,deezer,https://www.deezer.com/track/68515055,"{""pais"":""PY"",""posicion"":82,""es_infantil"":false,""deezer_album_id"":6709163,""deezer_track_id"":68515055,""deezer_artist_id"":545,""artistas_secundarios"":[]}",completed,
472,2026-03-06 08:59:59.555353+00,83,hecha pa mi,boza,695913,reggaeton,,mas negro que rojo,,186,es,deezer,https://www.deezer.com/track/1023746652,"{""pais"":""PY"",""posicion"":83,""es_infantil"":false,""deezer_album_id"":161228312,""deezer_track_id"":1023746652,""deezer_artist_id"":1305912,""artistas_secundarios"":[]}",completed,
473,2026-03-06 09:00:01.395663+00,84,twinkle twinkle little star,super simple songs,622019,infantil,,twinkle twinkle little star more kids songs,,152,en,deezer,https://www.deezer.com/track/1121407752,"{""pais"":""PY"",""posicion"":84,""es_infantil"":true,""deezer_album_id"":182157632,""deezer_track_id"":1121407752,""deezer_artist_id"":12206372,""artistas_secundarios"":[]}",completed,
474,2026-03-06 09:00:03.323185+00,85,torn,ava max,373307,pop,,heaven hell,,198,en,deezer,https://www.deezer.com/track/1145593632,"{""pais"":""PY"",""posicion"":85,""es_infantil"":false,""deezer_album_id"":187081012,""deezer_track_id"":1145593632,""deezer_artist_id"":12948083,""artistas_secundarios"":[]}",completed,
475,2026-03-06 09:00:05.227368+00,86,ella no es tuya remix,rochy rd,431459,reggaeton,,ella no es tuya,,218,es,deezer,https://www.deezer.com/track/1226448792,"{""pais"":""PY"",""posicion"":86,""error_letra"":""No encontrada en Genius"",""es_infantil"":false,""deezer_album_id"":203796802,""deezer_track_id"":1226448792,""deezer_artist_id"":14554749,""artistas_secundarios"":[]}",error,
476,2026-03-06 09:00:07.078746+00,87,enter sandman,alessia cara,166651,rock,,enter sandman,,264,en,deezer,https://www.deezer.com/track/1484454002,"{""pais"":""PY"",""posicion"":87,""es_infantil"":false,""deezer_album_id"":256380502,""deezer_track_id"":1484454002,""deezer_artist_id"":7890062,""artistas_secundarios"":[]}",completed,
477,2026-03-06 09:00:10.011463+00,88,orion,boza,714930,reggaeton,,orion,,241,es,deezer,https://www.deezer.com/track/2811566892,"{""pais"":""PY"",""posicion"":88,""es_infantil"":false,""deezer_album_id"":589807322,""deezer_track_id"":2811566892,""deezer_artist_id"":1305912,""artistas_secundarios"":[]}",completed,
478,2026-03-06 09:00:13.247461+00,94,un pacto,bersuit vergarabat,374141,rock,,de la cabeza con bersuit vergarabat,,295,es,deezer,https://www.deezer.com/track/2256073,"{""pais"":""PY"",""posicion"":94,""es_infantil"":false,""deezer_album_id"":225176,""deezer_track_id"":2256073,""deezer_artist_id"":4903,""artistas_secundarios"":[]}",completed,
479,2026-03-06 09:00:16.182217+00,95,iris,the goo goo dolls,944560,rock,,dizzy up the girl,,289,en,deezer,https://www.deezer.com/track/4290138,"{""pais"":""PY"",""posicion"":95,""es_infantil"":false,""deezer_album_id"":399057,""deezer_track_id"":4290138,""deezer_artist_id"":65791,""artistas_secundarios"":[]}",completed,
480,2026-03-06 09:00:20.069771+00,96,no podras,cristian castro,576538,bachata,,the best of,,243,es,deezer,https://www.deezer.com/track/133203342,"{""pais"":""PY"",""posicion"":96,""es_infantil"":false,""deezer_album_id"":14180154,""deezer_track_id"":133203342,""deezer_artist_id"":80543,""artistas_secundarios"":[]}",completed,
481,2026-03-06 09:00:22.989326+00,97,fresh,kool the gang,758654,rock,,celebration the best of kool the gang,,266,en,deezer,https://www.deezer.com/track/541622012,"{""pais"":""PY"",""posicion"":97,""es_infantil"":false,""deezer_album_id"":70763392,""deezer_track_id"":541622012,""deezer_artist_id"":305,""artistas_secundarios"":[]}",completed,
482,2026-03-06 09:00:26.06919+00,98,a las nueve,no te va gustar,449625,reggaeton,,el calor del pleno invierno,,207,es,deezer,https://www.deezer.com/track/588479052,"{""pais"":""PY"",""posicion"":98,""es_infantil"":false,""deezer_album_id"":79118452,""deezer_track_id"":588479052,""deezer_artist_id"":15779,""artistas_secundarios"":[]}",completed,
483,2026-03-06 09:00:29.975372+00,99,youre still the one,shania twain,782384,pop,,come on over,,212,en,deezer,https://www.deezer.com/track/731732292,"{""pais"":""PY"",""posicion"":99,""es_infantil"":false,""deezer_album_id"":107485352,""deezer_track_id"":731732292,""deezer_artist_id"":3134,""artistas_secundarios"":[]}",completed,
484,2026-03-06 09:00:32.848759+00,100,quizas,rich music ltd,562008,reggaeton,,the academy,,216,es,deezer,https://www.deezer.com/track/768279812,"{""pais"":""PY"",""posicion"":100,""es_infantil"":false,""deezer_album_id"":113515062,""deezer_track_id"":768279812,""deezer_artist_id"":11471022,""artistas_secundarios"":[]}",completed,
485,2026-03-06 09:00:56.412187+00,16,swan lake op act i 2 waltz,london symphony orchestra,964,classical,,tchaikovsky swan lake,,436,en,deezer,https://www.deezer.com/track/4588971,"{""pais"":""AR"",""posicion"":16,""error_letra"":""No encontrada en Genius"",""es_infantil"":false,""deezer_album_id"":422319,""deezer_track_id"":4588971,""deezer_artist_id"":68382,""artistas_secundarios"":[]}",error,
486,2026-03-06 09:00:58.812556+00,23,nocturne no 2 in e flat major op 9 2,frederic chopin,320318,classical,,chopin,,284,es,deezer,https://www.deezer.com/track/4490347,"{""pais"":""AR"",""posicion"":23,""error_letra"":""No encontrada en Genius"",""es_infantil"":false,""deezer_album_id"":414997,""deezer_track_id"":4490347,""deezer_artist_id"":5457001,""artistas_secundarios"":[]}",error,
487,2026-03-06 09:01:01.633368+00,37,sonate pour piano no op n 2 i allegro ma non troppo,walter gieseking,23010,classical,,ludwig van beethoven piano concerto no 5 piano sonatas nos,,204,es,deezer,https://www.deezer.com/track/264116,"{""pais"":""AR"",""posicion"":37,""error_letra"":""No encontrada en Genius"",""es_infantil"":false,""deezer_album_id"":45150,""deezer_track_id"":264116,""deezer_artist_id"":56796,""artistas_secundarios"":[]}",error,
488,2026-03-06 09:01:07.185586+00,72,piano sonata no 8 in a minor k mozart piano sonata no 8 in a minor k 1 allegro maestoso,claudio arrau,32778,classical,,mozart,,532,es|en,deezer,https://www.deezer.com/track/66364104,"{""pais"":""AR"",""posicion"":72,""error_letra"":""No encontrada en Genius"",""es_infantil"":false,""deezer_album_id"":6492676,""deezer_track_id"":66364104,""deezer_artist_id"":58950,""artistas_secundarios"":[]}",error,
489,2026-03-06 09:41:03.609764+00,1,supermassive black hole,muse,860136,rock,,black holes and revelations,,212,en,deezer,https://www.deezer.com/track/3590186,"{""pais"":""CL"",""posicion"":1,""es_infantil"":false,""deezer_album_id"":339063,""deezer_track_id"":3590186,""deezer_artist_id"":705,""artistas_secundarios"":[]}",completed,
490,2026-03-06 09:41:05.613378+00,2,what if,creed,342974,rock,,human clay,,318,en,deezer,https://www.deezer.com/track/80274440,"{""pais"":""CL"",""posicion"":2,""es_infantil"":false,""deezer_album_id"":8015590,""deezer_track_id"":80274440,""deezer_artist_id"":1783,""artistas_secundarios"":[]}",completed,
491,2026-03-06 09:41:07.403357+00,3,join the new army,suicidal tendencies,154958,rock,,prime cuts,,242,en,deezer,https://www.deezer.com/track/1014828,"{""pais"":""CL"",""posicion"":3,""es_infantil"":false,""deezer_album_id"":111821,""deezer_track_id"":1014828,""deezer_artist_id"":1776,""artistas_secundarios"":[]}",completed,
492,2026-03-06 09:41:09.236234+00,5,far behind,candlebox,17744,rock,,alternative nation,,294,en,deezer,https://www.deezer.com/track/76784061,"{""pais"":""CL"",""posicion"":5,""es_infantil"":false,""deezer_album_id"":7618968,""deezer_track_id"":76784061,""deezer_artist_id"":1985,""artistas_secundarios"":[]}",completed,
493,2026-03-06 09:41:11.007974+00,6,higher,creed,31051,rock,,alternative nation,,325,en,deezer,https://www.deezer.com/track/76784073,"{""pais"":""CL"",""posicion"":6,""es_infantil"":false,""deezer_album_id"":7618968,""deezer_track_id"":76784073,""deezer_artist_id"":1783,""artistas_secundarios"":[]}",completed,
494,2026-03-06 09:41:12.73481+00,7,come out and play,the offspring,25884,rock,,smash,,197,en,deezer,https://www.deezer.com/track/3672724,"{""pais"":""CL"",""posicion"":7,""es_infantil"":false,""deezer_album_id"":345780,""deezer_track_id"":3672724,""deezer_artist_id"":882,""artistas_secundarios"":[]}",completed,
495,2026-03-06 09:41:14.527937+00,8,hysteria,muse,436174,rock,,hysteria,,227,en,deezer,https://www.deezer.com/track/3590208,"{""pais"":""CL"",""posicion"":8,""error_letra"":""No encontrada en Genius"",""es_infantil"":false,""deezer_album_id"":339067,""deezer_track_id"":3590208,""deezer_artist_id"":705,""artistas_secundarios"":[]}",error,
496,2026-03-06 09:41:16.446184+00,10,common people,pulp,675075,rock,,different class deluxe edition,,348,en,deezer,https://www.deezer.com/track/910074,"{""pais"":""CL"",""posicion"":10,""es_infantil"":false,""deezer_album_id"":102616,""deezer_track_id"":910074,""deezer_artist_id"":2003,""artistas_secundarios"":[]}",completed,
497,2026-03-06 09:41:18.196618+00,11,disco,pulp,600713,rock,,different class deluxe edition,,273,en,deezer,https://www.deezer.com/track/910079,"{""pais"":""CL"",""posicion"":11,""es_infantil"":false,""deezer_album_id"":102616,""deezer_track_id"":910079,""deezer_artist_id"":2003,""artistas_secundarios"":[]}",completed,
498,2026-03-06 09:41:19.990778+00,12,something wicked,nuclear assault,199806,rock,,something wicked,,281,en,deezer,https://www.deezer.com/track/3321425,"{""pais"":""CL"",""posicion"":12,""es_infantil"":false,""deezer_album_id"":316684,""deezer_track_id"":3321425,""deezer_artist_id"":241440,""artistas_secundarios"":[]}",completed,
499,2026-03-06 09:41:21.776857+00,13,jailbreak,awolnation,425797,rock,,run,,281,en,deezer,https://www.deezer.com/track/96843806,"{""pais"":""CL"",""posicion"":13,""es_infantil"":false,""deezer_album_id"":9857858,""deezer_track_id"":96843806,""deezer_artist_id"":515697,""artistas_secundarios"":[]}",completed,
500,2026-03-06 09:41:23.561198+00,14,crown of thorns,mother love bone,118560,rock,,mother love bone,,381,en,deezer,https://www.deezer.com/track/2440823,"{""pais"":""CL"",""posicion"":14,""es_infantil"":false,""deezer_album_id"":240377,""deezer_track_id"":2440823,""deezer_artist_id"":149162,""artistas_secundarios"":[]}",completed,
501,2026-03-06 09:41:25.383957+00,15,is anyone out there,will varley,59977,pop,,is anyone out there,,137,en,deezer,https://www.deezer.com/track/105710000,"{""pais"":""CL"",""posicion"":15,""es_infantil"":false,""deezer_album_id"":11015692,""deezer_track_id"":105710000,""deezer_artist_id"":713135,""artistas_secundarios"":[]}",completed,
502,2026-03-06 09:41:27.510369+00,1,bando,kalash,18167,reggaeton,,bando,,262,es,deezer,https://www.deezer.com/track/104088308,"{""pais"":""UY"",""posicion"":1,""es_infantil"":false,""deezer_album_id"":10827542,""deezer_track_id"":104088308,""deezer_artist_id"":73018,""artistas_secundarios"":[]}",completed,
503,2026-03-06 09:41:36.822797+00,1,au revoir,mark forster,597236,pop,,bauch und kopf,,202,de,deezer,https://www.deezer.com/track/77834654,"{""pais"":""PE"",""posicion"":1,""es_infantil"":false,""deezer_album_id"":7734946,""deezer_track_id"":77834654,""deezer_artist_id"":2163861,""artistas_secundarios"":[]}",completed,
504,2026-03-06 09:41:38.685496+00,2,was bleibt,lafee,152714,pop,,was bleibt,,241,de,deezer,https://www.deezer.com/track/98194828,"{""pais"":""PE"",""posicion"":2,""es_infantil"":false,""deezer_album_id"":10030020,""deezer_track_id"":98194828,""deezer_artist_id"":4567,""artistas_secundarios"":[]}",completed,
505,2026-03-06 09:41:40.996627+00,1,lean on,major lazer,17992,electronica,,lean on,,176,en,deezer,https://www.deezer.com/track/95859598,"{""pais"":""EC"",""posicion"":1,""es_infantil"":false,""deezer_album_id"":9751262,""deezer_track_id"":95859598,""deezer_artist_id"":282118,""artistas_secundarios"":[]}",completed,
506,2026-03-06 09:41:42.803607+00,2,i want you to know,zedd,638095,electronica,,true colors,,238,en,deezer,https://www.deezer.com/track/99554796,"{""pais"":""EC"",""posicion"":2,""es_infantil"":false,""deezer_album_id"":10195574,""deezer_track_id"":99554796,""deezer_artist_id"":1198612,""artistas_secundarios"":[]}",completed,
507,2026-03-06 09:41:44.610765+00,3,where are u now,jack u,723245,electronica,,skrillex and diplo present jack u,,250,en,deezer,https://www.deezer.com/track/95963378,"{""pais"":""EC"",""posicion"":3,""es_infantil"":false,""deezer_album_id"":9760264,""deezer_track_id"":95963378,""deezer_artist_id"":6699381,""artistas_secundarios"":[]}",completed,
508,2026-03-06 09:41:46.464739+00,4,king,olly alexander,9999,pop,,communion,,215,en,deezer,https://www.deezer.com/track/103051092,"{""pais"":""EC"",""posicion"":4,""es_infantil"":false,""deezer_album_id"":10709058,""deezer_track_id"":103051092,""deezer_artist_id"":4023815,""artistas_secundarios"":[]}",completed,
509,2026-03-06 09:41:48.341071+00,5,beautiful now,zedd,607153,electronica,,true colors,,218,en,deezer,https://www.deezer.com/track/99554798,"{""pais"":""EC"",""posicion"":5,""es_infantil"":false,""deezer_album_id"":10195574,""deezer_track_id"":99554798,""deezer_artist_id"":1198612,""artistas_secundarios"":[]}",completed,
510,2026-03-06 09:41:50.067126+00,6,outside,calvin harris,527947,electronica,,outside,,226,en,deezer,https://www.deezer.com/track/88419425,"{""pais"":""EC"",""posicion"":6,""es_infantil"":false,""deezer_album_id"":8933107,""deezer_track_id"":88419425,""deezer_artist_id"":12178,""artistas_secundarios"":[]}",completed,
511,2026-03-06 09:41:51.801029+00,7,firestone,kygo,831522,electronica,,firestone,,273,en,deezer,https://www.deezer.com/track/90726629,"{""pais"":""EC"",""posicion"":7,""es_infantil"":false,""deezer_album_id"":9199023,""deezer_track_id"":90726629,""deezer_artist_id"":4768753,""artistas_secundarios"":[]}",completed,
512,2026-03-06 09:41:53.580632+00,8,stole the show,kygo,822506,electronica,,stole the show,,223,en,deezer,https://www.deezer.com/track/96818170,"{""pais"":""EC"",""posicion"":8,""es_infantil"":false,""deezer_album_id"":9854614,""deezer_track_id"":96818170,""deezer_artist_id"":4768753,""artistas_secundarios"":[]}",completed,
513,2026-03-06 09:41:55.350464+00,9,heroes,alesso,10108,electronica,,heroes,,209,en,deezer,https://www.deezer.com/track/85576202,"{""pais"":""EC"",""posicion"":9,""es_infantil"":false,""deezer_album_id"":8628838,""deezer_track_id"":85576202,""deezer_artist_id"":1188009,""artistas_secundarios"":[]}",completed,
514,2026-03-06 09:41:57.138448+00,10,how hard i try,filous,489586,electronica,,dawn ep,,198,en,deezer,https://www.deezer.com/track/99765778,"{""pais"":""EC"",""posicion"":10,""es_infantil"":false,""deezer_album_id"":10219880,""deezer_track_id"":99765778,""deezer_artist_id"":7027523,""artistas_secundarios"":[]}",completed,
515,2026-03-06 09:41:58.937084+00,11,rather be,clean bandit,887958,pop,,rather be,,227,en,deezer,https://www.deezer.com/track/73982869,"{""pais"":""EC"",""posicion"":11,""es_infantil"":false,""deezer_album_id"":7298238,""deezer_track_id"":73982869,""deezer_artist_id"":1000956,""artistas_secundarios"":[]}",completed,
516,2026-03-06 09:42:00.766826+00,12,summer,calvin harris,567079,electronica,,summer,,221,en,deezer,https://www.deezer.com/track/75768941,"{""pais"":""EC"",""posicion"":12,""es_infantil"":false,""deezer_album_id"":7505971,""deezer_track_id"":75768941,""deezer_artist_id"":12178,""artistas_secundarios"":[]}",completed,
517,2026-03-06 09:42:02.589024+00,13,blame,calvin harris,782955,electronica,,motion,,211,en,deezer,https://www.deezer.com/track/88936737,"{""pais"":""EC"",""posicion"":13,""es_infantil"":false,""deezer_album_id"":8990105,""deezer_track_id"":88936737,""deezer_artist_id"":12178,""artistas_secundarios"":[]}",completed,
518,2026-03-06 09:42:04.408175+00,14,want to want me,jason derulo,822771,pop,,everything is 4,,206,en,deezer,https://www.deezer.com/track/100598482,"{""pais"":""EC"",""posicion"":14,""es_infantil"":false,""deezer_album_id"":10333912,""deezer_track_id"":100598482,""deezer_artist_id"":249599,""artistas_secundarios"":[]}",completed,
519,2026-03-06 09:42:06.21251+00,15,goodbye,feder,374762,reggaeton,,goodbye,,201,es,deezer,https://www.deezer.com/track/92905432,"{""pais"":""EC"",""posicion"":15,""es_infantil"":false,""deezer_album_id"":9430812,""deezer_track_id"":92905432,""deezer_artist_id"":5523632,""artistas_secundarios"":[]}",completed,
520,2026-03-06 09:42:08.087109+00,16,bills,lunchmoney lewis,304124,pop,,bills,,204,en,deezer,https://www.deezer.com/track/94687724,"{""pais"":""EC"",""posicion"":16,""es_infantil"":false,""deezer_album_id"":9632132,""deezer_track_id"":94687724,""deezer_artist_id"":7177292,""artistas_secundarios"":[]}",completed,
521,2026-03-06 09:42:09.873676+00,17,if i lose myself,onerepublic,188715,pop,,if i lose myself,,213,en,deezer,https://www.deezer.com/track/65724975,"{""pais"":""EC"",""posicion"":17,""es_infantil"":false,""deezer_album_id"":6443137,""deezer_track_id"":65724975,""deezer_artist_id"":74398,""artistas_secundarios"":[]}",completed,
522,2026-03-06 09:42:11.671898+00,18,desire,olly alexander,1181,pop,,desire,,205,en,deezer,https://www.deezer.com/track/89825037,"{""pais"":""EC"",""posicion"":18,""es_infantil"":false,""deezer_album_id"":9097115,""deezer_track_id"":89825037,""deezer_artist_id"":4023815,""artistas_secundarios"":[]}",completed,
523,2026-03-06 09:42:13.430647+00,19,seve,tez cadey,711622,reggaeton,,seve,,209,es,deezer,https://www.deezer.com/track/93820358,"{""pais"":""EC"",""posicion"":19,""es_infantil"":false,""deezer_album_id"":9532130,""deezer_track_id"":93820358,""deezer_artist_id"":1199170,""artistas_secundarios"":[]}",completed,
524,2026-03-06 09:42:17.297512+00,20,will go on,juelzz,30493,reggaeton,,will go on,,141,es,deezer,https://www.deezer.com/track/100835486,"{""pais"":""EC"",""posicion"":20,""es_infantil"":false,""deezer_album_id"":10463722,""deezer_track_id"":100835486,""deezer_artist_id"":5818584,""artistas_secundarios"":[]}",completed,
525,2026-03-06 09:42:21.111613+00,21,under control,calvin harris,772399,electronica,,under control,,184,en,deezer,https://www.deezer.com/track/71294452,"{""pais"":""EC"",""posicion"":21,""es_infantil"":false,""deezer_album_id"":6999694,""deezer_track_id"":71294452,""deezer_artist_id"":12178,""artistas_secundarios"":[]}",completed,
526,2026-03-06 09:42:24.912707+00,22,something about you,hayden james,606368,electronica,,something about you,,225,en,deezer,https://www.deezer.com/track/97796640,"{""pais"":""EC"",""posicion"":22,""es_infantil"":false,""deezer_album_id"":9957988,""deezer_track_id"":97796640,""deezer_artist_id"":4552034,""artistas_secundarios"":[]}",completed,
527,2026-03-06 09:42:28.686452+00,23,eyes shut,olly alexander,325604,pop,,communion,,198,en,deezer,https://www.deezer.com/track/103051046,"{""pais"":""EC"",""posicion"":23,""es_infantil"":false,""deezer_album_id"":10709050,""deezer_track_id"":103051046,""deezer_artist_id"":4023815,""artistas_secundarios"":[]}",completed,
528,2026-03-06 09:42:32.554132+00,24,latch,disclosure,404196,electronica,,latch,,256,en,deezer,https://www.deezer.com/track/60901819,"{""pais"":""EC"",""posicion"":24,""es_infantil"":false,""deezer_album_id"":5960436,""deezer_track_id"":60901819,""deezer_artist_id"":409796,""artistas_secundarios"":[]}",completed,
529,2026-03-06 09:42:36.398106+00,25,holding on,disclosure,6338,electronica,,holding on,,315,en,deezer,https://www.deezer.com/track/100816604,"{""pais"":""EC"",""posicion"":25,""es_infantil"":false,""deezer_album_id"":10461018,""deezer_track_id"":100816604,""deezer_artist_id"":409796,""artistas_secundarios"":[]}",completed,
530,2026-03-06 09:42:40.204055+00,26,sweet escape,alesso,451371,electronica,,forever,,232,en,deezer,https://www.deezer.com/track/100068946,"{""pais"":""EC"",""posicion"":26,""es_infantil"":false,""deezer_album_id"":10246154,""deezer_track_id"":100068946,""deezer_artist_id"":1188009,""artistas_secundarios"":[]}",completed,
531,2026-03-06 09:42:44.042545+00,27,addicted to a memory,zedd,396255,electronica,,true colors,,304,en,deezer,https://www.deezer.com/track/99554794,"{""pais"":""EC"",""posicion"":27,""es_infantil"":false,""deezer_album_id"":10195574,""deezer_track_id"":99554794,""deezer_artist_id"":1198612,""artistas_secundarios"":[]}",completed,
532,2026-03-06 09:42:47.878372+00,28,coming over,dillon francis,376066,electronica,,this mixtape is fire,,178,en,deezer,https://www.deezer.com/track/105334786,"{""pais"":""EC"",""posicion"":28,""es_infantil"":false,""deezer_album_id"":10972034,""deezer_track_id"":105334786,""deezer_artist_id"":666244,""artistas_secundarios"":[]}",completed,
533,2026-03-06 09:42:51.639927+00,29,the sun,parov stelar,165042,electronica,,the sun,,210,en,deezer,https://www.deezer.com/track/101541774,"{""pais"":""EC"",""posicion"":29,""es_infantil"":false,""deezer_album_id"":10541968,""deezer_track_id"":101541774,""deezer_artist_id"":3452,""artistas_secundarios"":[]}",completed,
534,2026-03-06 09:42:55.400001+00,30,playground love,air,11640,electronica,,the virgin suicides,,212,en,deezer,https://www.deezer.com/track/101235216,"{""pais"":""EC"",""posicion"":30,""es_infantil"":false,""deezer_album_id"":10508260,""deezer_track_id"":101235216,""deezer_artist_id"":369,""artistas_secundarios"":[]}",completed,
535,2026-03-06 09:42:59.159221+00,31,cool,alesso,406,electronica,,cool,,221,en,deezer,https://www.deezer.com/track/95142216,"{""pais"":""EC"",""posicion"":31,""es_infantil"":false,""deezer_album_id"":9679650,""deezer_track_id"":95142216,""deezer_artist_id"":1188009,""artistas_secundarios"":[]}",completed,
536,2026-03-06 09:43:03.15031+00,32,city of dreams,dirty south,508399,reggaeton,,city of dreams,,226,en,deezer,https://www.deezer.com/track/68272715,"{""pais"":""EC"",""posicion"":32,""es_infantil"":false,""deezer_album_id"":6686851,""deezer_track_id"":68272715,""deezer_artist_id"":145376,""artistas_secundarios"":[]}",completed,
537,2026-03-06 09:43:06.976747+00,34,fade out lines,the avener phoebe killdeer,15245,electronica,,fade out lines,,276,en,deezer,https://www.deezer.com/track/95966208,"{""pais"":""EC"",""posicion"":34,""es_infantil"":false,""deezer_album_id"":9760466,""deezer_track_id"":95966208,""deezer_artist_id"":7527040,""artistas_secundarios"":[]}",completed,
538,2026-03-06 09:43:10.769631+00,35,how we party,r3hab,10076,electronica,,how we party,,211,en,deezer,https://www.deezer.com/track/81628444,"{""pais"":""EC"",""posicion"":35,""error_letra"":""No encontrada en Genius"",""es_infantil"":false,""deezer_album_id"":8175052,""deezer_track_id"":81628444,""deezer_artist_id"":1353625,""artistas_secundarios"":[]}",error,
539,2026-03-06 09:43:14.637147+00,37,if it wasnt for you,alesso,10189,electronica,,if it wasnt for you,,233,en,deezer,https://www.deezer.com/track/98883340,"{""pais"":""EC"",""posicion"":37,""es_infantil"":false,""deezer_album_id"":10114664,""deezer_track_id"":98883340,""deezer_artist_id"":1188009,""artistas_secundarios"":[]}",completed,
540,2026-03-06 09:43:18.462821+00,38,i know theres gonna be,jamie xx,502327,electronica,,in colour,,213,en,deezer,https://www.deezer.com/track/101009326,"{""pais"":""EC"",""posicion"":38,""es_infantil"":false,""deezer_album_id"":10484910,""deezer_track_id"":101009326,""deezer_artist_id"":808980,""artistas_secundarios"":[]}",completed,
541,2026-03-06 09:43:22.228079+00,39,sparks,ingenia,39373,reggaeton,,sparks,,204,es,deezer,https://www.deezer.com/track/104943128,"{""pais"":""EC"",""posicion"":39,""es_infantil"":false,""deezer_album_id"":10928072,""deezer_track_id"":104943128,""deezer_artist_id"":4548915,""artistas_secundarios"":[]}",completed,
542,2026-03-06 09:43:26.007016+00,40,true colors,zedd,244926,electronica,,true colors,,228,en,deezer,https://www.deezer.com/track/99554804,"{""pais"":""EC"",""posicion"":40,""es_infantil"":false,""deezer_album_id"":10195574,""deezer_track_id"":99554804,""deezer_artist_id"":1198612,""artistas_secundarios"":[]}",completed,
543,2026-03-06 09:43:29.76107+00,41,young again,hardwell,3500,electronica,,young again,,219,en,deezer,https://www.deezer.com/track/87723013,"{""pais"":""EC"",""posicion"":41,""es_infantil"":false,""deezer_album_id"":8856973,""deezer_track_id"":87723013,""deezer_artist_id"":306898,""artistas_secundarios"":[]}",completed,
544,2026-03-06 09:43:33.64315+00,42,payback,dimitri vangelis wyman,2228,electronica,,payback,,349,en,deezer,https://www.deezer.com/track/77526895,"{""pais"":""EC"",""posicion"":42,""error_letra"":""No encontrada en Genius"",""es_infantil"":false,""deezer_album_id"":7704645,""deezer_track_id"":77526895,""deezer_artist_id"":1622015,""artistas_secundarios"":[]}",error,
545,2026-03-06 09:43:37.514066+00,43,rumour mill,rudimental,386738,electronica,,rumour mill,,243,en,deezer,https://www.deezer.com/track/102433096,"{""pais"":""EC"",""posicion"":43,""es_infantil"":false,""deezer_album_id"":10639904,""deezer_track_id"":102433096,""deezer_artist_id"":174348,""artistas_secundarios"":[]}",completed,
546,2026-03-06 09:43:41.340161+00,44,bun up the dance,dillon francis,415298,electronica,,bun up the dance,,214,en,deezer,https://www.deezer.com/track/104786806,"{""pais"":""EC"",""posicion"":44,""es_infantil"":false,""deezer_album_id"":10909822,""deezer_track_id"":104786806,""deezer_artist_id"":666244,""artistas_secundarios"":[]}",completed,
547,2026-03-06 09:43:45.148296+00,45,shine,olly alexander,380656,pop,,communion,,254,en,deezer,https://www.deezer.com/track/103051040,"{""pais"":""EC"",""posicion"":45,""es_infantil"":false,""deezer_album_id"":10709050,""deezer_track_id"":103051040,""deezer_artist_id"":4023815,""artistas_secundarios"":[]}",completed,
548,2026-03-06 09:43:48.953146+00,46,all in you,synapson,248658,electronica,,all in you,,257,en,deezer,https://www.deezer.com/track/100362280,"{""pais"":""EC"",""posicion"":46,""es_infantil"":false,""deezer_album_id"":10275080,""deezer_track_id"":100362280,""deezer_artist_id"":567442,""artistas_secundarios"":[]}",completed,
549,2026-03-06 09:43:52.776782+00,47,live love die,dimitri vangelis wyman,210279,electronica,,live love die,,174,en,deezer,https://www.deezer.com/track/100248084,"{""pais"":""EC"",""posicion"":47,""error_letra"":""No encontrada en Genius"",""es_infantil"":false,""deezer_album_id"":10264796,""deezer_track_id"":100248084,""deezer_artist_id"":1622015,""artistas_secundarios"":[]}",error,
550,2026-03-06 09:43:56.618325+00,48,freak,steve aoki,23836,electronica,,freak,,281,en,deezer,https://www.deezer.com/track/76489524,"{""pais"":""EC"",""posicion"":48,""es_infantil"":false,""deezer_album_id"":7585315,""deezer_track_id"":76489524,""deezer_artist_id"":6012978,""artistas_secundarios"":[""diplo"",""deorro""]}",completed,
551,2026-03-06 09:44:00.431097+00,49,loud places,jamie xx,560588,electronica,,in colour,,283,en,deezer,https://www.deezer.com/track/101009324,"{""pais"":""EC"",""posicion"":49,""es_infantil"":false,""deezer_album_id"":10484910,""deezer_track_id"":101009324,""deezer_artist_id"":808980,""artistas_secundarios"":[]}",completed,
552,2026-03-06 09:44:04.339565+00,50,up all night,arty,21687,electronica,,up all night,,247,en,deezer,https://www.deezer.com/track/79849644,"{""pais"":""EC"",""posicion"":50,""es_infantil"":false,""deezer_album_id"":7960878,""deezer_track_id"":79849644,""deezer_artist_id"":282661,""artistas_secundarios"":[]}",completed,
553,2026-03-06 09:44:08.183927+00,51,let it happen,tame impala,6915,rock,,let it happen,,469,en,deezer,https://www.deezer.com/track/96824330,"{""pais"":""EC"",""posicion"":51,""es_infantil"":false,""deezer_album_id"":9855524,""deezer_track_id"":96824330,""deezer_artist_id"":134790,""artistas_secundarios"":[]}",completed,
554,2026-03-06 09:44:12.068135+00,54,apollo,hardwell,17816,electronica,,apollo,,209,en,deezer,https://www.deezer.com/track/63023650,"{""pais"":""EC"",""posicion"":54,""es_infantil"":false,""deezer_album_id"":6188110,""deezer_track_id"":63023650,""deezer_artist_id"":306898,""artistas_secundarios"":[]}",completed,
555,2026-03-06 09:44:15.85393+00,55,klanga,gostan,436518,electronica,,klanga,,264,es,deezer,https://www.deezer.com/track/89904353,"{""pais"":""EC"",""posicion"":55,""es_infantil"":false,""deezer_album_id"":9105309,""deezer_track_id"":89904353,""deezer_artist_id"":5928675,""artistas_secundarios"":[]}",completed,
556,2026-03-06 09:44:19.705551+00,57,we control the sound,w w,257901,rock,,we control the sound,,212,en,deezer,https://www.deezer.com/track/90072585,"{""pais"":""EC"",""posicion"":57,""es_infantil"":false,""deezer_album_id"":9128427,""deezer_track_id"":90072585,""deezer_artist_id"":404049,""artistas_secundarios"":[]}",completed,
557,2026-03-06 09:44:23.439299+00,58,crush,pendulum,420037,electronica,,immersion,,253,en,deezer,https://www.deezer.com/track/6113107,"{""pais"":""EC"",""posicion"":58,""es_infantil"":false,""deezer_album_id"":557994,""deezer_track_id"":6113107,""deezer_artist_id"":281,""artistas_secundarios"":[]}",completed,
558,2026-03-06 09:44:27.238258+00,59,transmission,zedd,254167,electronica,,true colors,,242,en,deezer,https://www.deezer.com/track/99554800,"{""pais"":""EC"",""posicion"":59,""es_infantil"":false,""deezer_album_id"":10195574,""deezer_track_id"":99554800,""deezer_artist_id"":1198612,""artistas_secundarios"":[]}",completed,
559,2026-03-06 09:44:31.049659+00,60,pray to god,calvin harris,626915,electronica,,motion,,232,en,deezer,https://www.deezer.com/track/88936753,"{""pais"":""EC"",""posicion"":60,""es_infantil"":false,""deezer_album_id"":8990105,""deezer_track_id"":88936753,""deezer_artist_id"":12178,""artistas_secundarios"":[]}",completed,
560,2026-03-06 09:44:34.884228+00,61,awake,tycho,361564,electronica,,awake,,283,en,deezer,https://www.deezer.com/track/75559480,"{""pais"":""EC"",""posicion"":61,""error_letra"":""No encontrada en Genius"",""es_infantil"":false,""deezer_album_id"":7484052,""deezer_track_id"":75559480,""deezer_artist_id"":63750,""artistas_secundarios"":[]}",error,
561,2026-03-06 09:44:38.706911+00,62,home is where i am,superpoze,6893,electronica,,opening,,309,en,deezer,https://www.deezer.com/track/97003746,"{""pais"":""EC"",""posicion"":62,""es_infantil"":false,""deezer_album_id"":9874248,""deezer_track_id"":97003746,""deezer_artist_id"":4048202,""artistas_secundarios"":[]}",completed,
562,2026-03-06 09:44:42.531539+00,63,joa,brann,935,reggaeton,,joa,,169,es,deezer,https://www.deezer.com/track/104481018,"{""pais"":""EC"",""posicion"":63,""es_infantil"":false,""deezer_album_id"":10872484,""deezer_track_id"":104481018,""deezer_artist_id"":4968441,""artistas_secundarios"":[]}",completed,
563,2026-03-06 09:44:46.336358+00,64,scars,alesso,253811,electronica,,forever,,198,en,deezer,https://www.deezer.com/track/100068944,"{""pais"":""EC"",""posicion"":64,""es_infantil"":false,""deezer_album_id"":10246154,""deezer_track_id"":100068944,""deezer_artist_id"":1188009,""artistas_secundarios"":[]}",completed,
564,2026-03-06 09:44:50.125534+00,65,ghost town,adam lambert,582717,rock,,ghost town,,208,en,deezer,https://www.deezer.com/track/98358966,"{""pais"":""EC"",""posicion"":65,""es_infantil"":false,""deezer_album_id"":10047618,""deezer_track_id"":98358966,""deezer_artist_id"":247379,""artistas_secundarios"":[]}",completed,
565,2026-03-06 09:44:53.890143+00,66,believe,thomas gold,2945,electronica,,believe,,335,en,deezer,https://www.deezer.com/track/104065020,"{""pais"":""EC"",""posicion"":66,""es_infantil"":false,""deezer_album_id"":10824796,""deezer_track_id"":104065020,""deezer_artist_id"":188933,""artistas_secundarios"":[]}",completed,
566,2026-03-06 09:44:57.672106+00,67,wave your hands,bassjackers,1475,electronica,,wave your hands,,247,en,deezer,https://www.deezer.com/track/94190466,"{""pais"":""EC"",""posicion"":67,""es_infantil"":false,""deezer_album_id"":9575080,""deezer_track_id"":94190466,""deezer_artist_id"":282918,""artistas_secundarios"":[]}",completed,
567,2026-03-06 09:45:01.715236+00,68,light it up,major lazer,335,electronica,,peace is the mission,,198,en,deezer,https://www.deezer.com/track/97962980,"{""pais"":""EC"",""posicion"":68,""es_infantil"":false,""deezer_album_id"":9999076,""deezer_track_id"":97962980,""deezer_artist_id"":282118,""artistas_secundarios"":[]}",completed,
568,2026-03-06 09:45:05.548483+00,69,gecko,oliver heldens,545782,electronica,,gecko,,165,en,deezer,https://www.deezer.com/track/78974349,"{""pais"":""EC"",""posicion"":69,""error_letra"":""No encontrada en Genius"",""es_infantil"":false,""deezer_album_id"":7849975,""deezer_track_id"":78974349,""deezer_artist_id"":4777520,""artistas_secundarios"":[]}",error,
569,2026-03-06 09:45:09.352006+00,70,jack it up,dyro,53055,electronica,,jack it up,,274,en,deezer,https://www.deezer.com/track/93068058,"{""pais"":""EC"",""posicion"":70,""es_infantil"":false,""deezer_album_id"":9450452,""deezer_track_id"":93068058,""deezer_artist_id"":1365282,""artistas_secundarios"":[]}",completed,
570,2026-03-06 09:45:13.199097+00,71,party rock anthem,lmfao,870127,pop,,sorry for party rocking,,263,en,deezer,https://www.deezer.com/track/12565420,"{""pais"":""EC"",""posicion"":71,""es_infantil"":false,""deezer_album_id"":1152698,""deezer_track_id"":12565420,""deezer_artist_id"":167225,""artistas_secundarios"":[]}",completed,
571,2026-03-06 09:45:16.991006+00,72,samsara,tungevaag,418520,electronica,,samsara,,212,en,deezer,https://www.deezer.com/track/95265356,"{""pais"":""EC"",""posicion"":72,""es_infantil"":false,""deezer_album_id"":9692418,""deezer_track_id"":95265356,""deezer_artist_id"":5363871,""artistas_secundarios"":[]}",completed,
572,2026-03-06 09:45:20.787121+00,73,walk,kwabs,588959,pop,,walk,,214,en,deezer,https://www.deezer.com/track/86273177,"{""pais"":""EC"",""posicion"":73,""es_infantil"":false,""deezer_album_id"":8702729,""deezer_track_id"":86273177,""deezer_artist_id"":5487123,""artistas_secundarios"":[]}",completed,
573,2026-03-06 09:45:24.577326+00,74,in my mind,ivan gough,27433,electronica,,tomorrowland,,400,en,deezer,https://www.deezer.com/track/73943286,"{""pais"":""EC"",""posicion"":74,""es_infantil"":false,""deezer_album_id"":4795381,""deezer_track_id"":73943286,""deezer_artist_id"":1686430,""artistas_secundarios"":[]}",completed,
574,2026-03-06 09:45:28.447637+00,75,trot yeu,trung quan idol,13,pop,,v pop hits,,287,vi,deezer,https://www.deezer.com/track/95144176,"{""pais"":""EC"",""posicion"":75,""es_infantil"":false,""deezer_album_id"":9679888,""deezer_track_id"":95144176,""deezer_artist_id"":5613866,""artistas_secundarios"":[]}",completed,
575,2026-03-06 09:45:32.527143+00,76,kc,shamir,70913,pop,,ratchet,,227,en,deezer,https://www.deezer.com/track/99613462,"{""pais"":""EC"",""posicion"":76,""es_infantil"":false,""deezer_album_id"":10202824,""deezer_track_id"":99613462,""deezer_artist_id"":5932707,""artistas_secundarios"":[]}",completed,
576,2026-03-06 09:45:34.421412+00,78,children of the wild,steve angello,386310,electronica,,children of the wild,,251,en,deezer,https://www.deezer.com/track/102579406,"{""pais"":""EC"",""posicion"":78,""es_infantil"":false,""deezer_album_id"":10657304,""deezer_track_id"":102579406,""deezer_artist_id"":6822,""artistas_secundarios"":[]}",completed,
577,2026-03-06 09:45:36.826049+00,79,sweet baby,mickey,21558,pop,,sweet baby,,326,en,deezer,https://www.deezer.com/track/76312306,"{""pais"":""EC"",""posicion"":79,""es_infantil"":false,""deezer_album_id"":7566098,""deezer_track_id"":76312306,""deezer_artist_id"":412273,""artistas_secundarios"":[]}",completed,
578,2026-03-06 09:45:40.703892+00,80,in my head,galantis,357272,electronica,,pharmacy,,221,en,deezer,https://www.deezer.com/track/101602960,"{""pais"":""EC"",""posicion"":80,""es_infantil"":false,""deezer_album_id"":10546890,""deezer_track_id"":101602960,""deezer_artist_id"":3265001,""artistas_secundarios"":[]}",completed,
579,2026-03-06 09:45:44.563743+00,81,sally,hardwell,26234,electronica,,united we are,,278,en,deezer,https://www.deezer.com/track/93914518,"{""pais"":""EC"",""posicion"":81,""es_infantil"":false,""deezer_album_id"":9543168,""deezer_track_id"":93914518,""deezer_artist_id"":306898,""artistas_secundarios"":[]}",completed,
580,2026-03-06 09:45:48.342841+00,82,straight into the fire,zedd,210489,electronica,,true colors,,221,en,deezer,https://www.deezer.com/track/99554806,"{""pais"":""EC"",""posicion"":82,""es_infantil"":false,""deezer_album_id"":10195574,""deezer_track_id"":99554806,""deezer_artist_id"":1198612,""artistas_secundarios"":[]}",completed,
581,2026-03-06 09:45:52.183058+00,83,talk is cheap,chet faker,497390,electronica,,built on glass,,218,en,deezer,https://www.deezer.com/track/77468104,"{""pais"":""EC"",""posicion"":83,""es_infantil"":false,""deezer_album_id"":7698004,""deezer_track_id"":77468104,""deezer_artist_id"":1635714,""artistas_secundarios"":[]}",completed,
582,2026-03-06 09:45:56.012975+00,84,peanut butter jelly,galantis,572703,electronica,,peanut butter jelly,,203,en,deezer,https://www.deezer.com/track/98169664,"{""pais"":""EC"",""posicion"":84,""es_infantil"":false,""deezer_album_id"":10027032,""deezer_track_id"":98169664,""deezer_artist_id"":3265001,""artistas_secundarios"":[]}",completed,
583,2026-03-06 09:45:59.901826+00,85,changes,faul wad,22115,electronica,,changes,,345,en,deezer,https://www.deezer.com/track/72314239,"{""pais"":""EC"",""posicion"":85,""es_infantil"":false,""deezer_album_id"":7106828,""deezer_track_id"":72314239,""deezer_artist_id"":5330515,""artistas_secundarios"":[]}",completed,
584,2026-03-06 09:46:03.720108+00,86,figure 8,fka twigs,316673,electronica,,m3ll155x,,183,en,deezer,https://www.deezer.com/track/105757216,"{""pais"":""EC"",""posicion"":86,""es_infantil"":false,""deezer_album_id"":11020074,""deezer_track_id"":105757216,""deezer_artist_id"":5039338,""artistas_secundarios"":[]}",completed,
585,2026-03-06 09:46:07.65468+00,87,baby im yours,breakbot,828138,electronica,,by your side,,215,en,deezer,https://www.deezer.com/track/57630641,"{""pais"":""EC"",""posicion"":87,""es_infantil"":false,""deezer_album_id"":5621901,""deezer_track_id"":57630641,""deezer_artist_id"":289345,""artistas_secundarios"":[]}",completed,
586,2026-03-06 09:46:11.544517+00,88,done,zedd,289322,electronica,,true colors,,296,en,deezer,https://www.deezer.com/track/99554802,"{""pais"":""EC"",""posicion"":88,""es_infantil"":false,""deezer_album_id"":10195574,""deezer_track_id"":99554802,""deezer_artist_id"":1198612,""artistas_secundarios"":[]}",completed,
587,2026-03-06 09:46:15.349557+00,89,music waves,agrume,1011,reggaeton,,we go deep saison 2 selected by the avener,,261,es,deezer,https://www.deezer.com/track/103608750,"{""pais"":""EC"",""posicion"":89,""es_infantil"":false,""deezer_album_id"":10773820,""deezer_track_id"":103608750,""deezer_artist_id"":5902675,""artistas_secundarios"":[]}",completed,
588,2026-03-06 09:46:19.172064+00,90,high on you,sebastien,256255,pop,,high on you,,156,en,deezer,https://www.deezer.com/track/96683466,"{""pais"":""EC"",""posicion"":90,""es_infantil"":false,""deezer_album_id"":9839536,""deezer_track_id"":96683466,""deezer_artist_id"":153959,""artistas_secundarios"":[]}",completed,
589,2026-03-06 09:46:23.03526+00,91,do it again,royksopp,2750,electronica,,do it again,,306,en,deezer,https://www.deezer.com/track/77080071,"{""pais"":""EC"",""posicion"":91,""es_infantil"":false,""deezer_album_id"":7652200,""deezer_track_id"":77080071,""deezer_artist_id"":480,""artistas_secundarios"":[]}",completed,
590,2026-03-06 09:46:26.78997+00,92,break the house,borgeous,10231,electronica,,break the house,,293,en,deezer,https://www.deezer.com/track/91609032,"{""pais"":""EC"",""posicion"":92,""es_infantil"":false,""deezer_album_id"":9295496,""deezer_track_id"":91609032,""deezer_artist_id"":5118016,""artistas_secundarios"":[]}",completed,
591,2026-03-06 09:46:30.638143+00,93,falling short,lapsley,433852,electronica,,understudy,,209,en,deezer,https://www.deezer.com/track/92873564,"{""pais"":""EC"",""posicion"":93,""es_infantil"":false,""deezer_album_id"":9426662,""deezer_track_id"":92873564,""deezer_artist_id"":5509301,""artistas_secundarios"":[]}",completed,
592,2026-03-06 09:46:34.503814+00,94,walking in the sun,pang,402667,rock,,walking in the sun,,213,en,deezer,https://www.deezer.com/track/100484726,"{""pais"":""EC"",""posicion"":94,""es_infantil"":false,""deezer_album_id"":10307588,""deezer_track_id"":100484726,""deezer_artist_id"":872257,""artistas_secundarios"":[]}",completed,
593,2026-03-06 09:46:38.413057+00,95,rave after rave,ww,259218,electronica,,rave after rave,,161,en,deezer,https://www.deezer.com/track/96683648,"{""pais"":""EC"",""posicion"":95,""es_infantil"":false,""deezer_album_id"":9839548,""deezer_track_id"":96683648,""deezer_artist_id"":404049,""artistas_secundarios"":[]}",completed,
594,2026-03-06 09:46:42.204031+00,96,all is fair in love and brostep,skrillex,369259,electronica,,recess,,249,en,deezer,https://www.deezer.com/track/75980555,"{""pais"":""EC"",""posicion"":96,""es_infantil"":false,""deezer_album_id"":7530428,""deezer_track_id"":75980555,""deezer_artist_id"":525643,""artistas_secundarios"":[]}",completed,
595,2026-03-06 09:46:46.011924+00,97,in time,fka twigs,274998,electronica,,m3ll155x,,272,en,deezer,https://www.deezer.com/track/105757220,"{""pais"":""EC"",""posicion"":97,""es_infantil"":false,""deezer_album_id"":11020074,""deezer_track_id"":105757220,""deezer_artist_id"":5039338,""artistas_secundarios"":[]}",completed,
596,2026-03-06 09:46:49.768607+00,98,cascades,metric,17,rock,,cascades,,325,en,deezer,https://www.deezer.com/track/101397292,"{""pais"":""EC"",""posicion"":98,""es_infantil"":false,""deezer_album_id"":10526766,""deezer_track_id"":101397292,""deezer_artist_id"":956,""artistas_secundarios"":[]}",completed,
597,2026-03-06 09:46:53.673758+00,99,this is what it feels like,armin van buuren,485567,electronica,,this is what it feels like,,316,en,deezer,https://www.deezer.com/track/66772088,"{""pais"":""EC"",""posicion"":99,""es_infantil"":false,""deezer_album_id"":6530595,""deezer_track_id"":66772088,""deezer_artist_id"":10620,""artistas_secundarios"":[]}",completed,
598,2026-03-06 09:46:56.108662+00,1,bruises,lewis capaldi,313403,rock,,bruises ep,,220,en,deezer,https://www.deezer.com/track/760463542,"{""pais"":""VE"",""posicion"":1,""es_infantil"":false,""deezer_album_id"":112133122,""deezer_track_id"":760463542,""deezer_artist_id"":12088868,""artistas_secundarios"":[]}",completed,
599,2026-03-06 09:47:00.01162+00,2,love on me,fejoint,18458,reggaeton,,love on me,,224,es,deezer,https://www.deezer.com/track/853953722,"{""pais"":""VE"",""posicion"":2,""es_infantil"":false,""deezer_album_id"":127059522,""deezer_track_id"":853953722,""deezer_artist_id"":83721852,""artistas_secundarios"":[]}",completed,
600,2026-03-06 09:47:03.920567+00,3,willow,taylor swift,557516,pop,,evermore,,214,en,deezer,https://www.deezer.com/track/1173900882,"{""pais"":""VE"",""posicion"":3,""es_infantil"":false,""deezer_album_id"":192580092,""deezer_track_id"":1173900882,""deezer_artist_id"":12246,""artistas_secundarios"":[]}",completed,
601,2026-03-06 09:47:07.729133+00,4,holy,justin bieber,613189,pop,,holy,,212,en,deezer,https://www.deezer.com/track/1084400712,"{""pais"":""VE"",""posicion"":4,""es_infantil"":false,""deezer_album_id"":174223092,""deezer_track_id"":1084400712,""deezer_artist_id"":288166,""artistas_secundarios"":[]}",completed,
602,2026-03-06 09:47:11.66656+00,5,nothing else,unmagical ister,2760,rock,,blued out,,119,en,deezer,https://www.deezer.com/track/1204296962,"{""pais"":""VE"",""posicion"":5,""es_infantil"":false,""deezer_album_id"":199098472,""deezer_track_id"":1204296962,""deezer_artist_id"":119588792,""artistas_secundarios"":[]}",completed,
603,2026-03-06 09:47:15.438487+00,6,snowman,sia,855124,pop,,snowman,,165,en,deezer,https://www.deezer.com/track/424438852,"{""pais"":""VE"",""posicion"":6,""es_infantil"":false,""deezer_album_id"":50980792,""deezer_track_id"":424438852,""deezer_artist_id"":3469,""artistas_secundarios"":[]}",completed,
604,2026-03-06 09:47:19.205573+00,7,shht,unmagical ister,2757,rock,,blued out,,118,es,deezer,https://www.deezer.com/track/1204296972,"{""pais"":""VE"",""posicion"":7,""es_infantil"":false,""deezer_album_id"":199098472,""deezer_track_id"":1204296972,""deezer_artist_id"":119588792,""artistas_secundarios"":[]}",completed,
605,2026-03-06 09:47:23.024487+00,8,amburn,imagine klowns,22211,rock,,songs about u,,114,en,deezer,https://www.deezer.com/track/1212473082,"{""pais"":""VE"",""posicion"":8,""es_infantil"":false,""deezer_album_id"":200723122,""deezer_track_id"":1212473082,""deezer_artist_id"":120324102,""artistas_secundarios"":[]}",completed,
606,2026-03-06 09:47:26.79116+00,9,evalina,papa cidy,55898,reggaeton,,evalina,,236,es,deezer,https://www.deezer.com/track/83803170,"{""pais"":""VE"",""posicion"":9,""es_infantil"":false,""deezer_album_id"":8432578,""deezer_track_id"":83803170,""deezer_artist_id"":6443344,""artistas_secundarios"":[]}",completed,
607,2026-03-06 09:47:34.449413+00,11,no greater love,marizu,18135,reggaeton,,no greater love,,203,es,deezer,https://www.deezer.com/track/801829292,"{""pais"":""VE"",""posicion"":11,""es_infantil"":false,""deezer_album_id"":118308972,""deezer_track_id"":801829292,""deezer_artist_id"":71974832,""artistas_secundarios"":[]}",completed,
608,2026-03-06 09:47:38.281454+00,12,party in the usa,miley cyrus,436469,pop,,the time of our lives,,202,en,deezer,https://www.deezer.com/track/4307890,"{""pais"":""VE"",""posicion"":12,""es_infantil"":false,""deezer_album_id"":400733,""deezer_track_id"":4307890,""deezer_artist_id"":12436,""artistas_secundarios"":[]}",completed,
609,2026-03-06 09:47:42.044984+00,13,lettered love,hillsong worship,211544,rock|christian,,there is more,,222,en,deezer,https://www.deezer.com/track/460194862,"{""pais"":""VE"",""posicion"":13,""error_letra"":""No encontrada en Genius"",""es_infantil"":false,""deezer_album_id"":56720742,""deezer_track_id"":460194862,""deezer_artist_id"":5880172,""artistas_secundarios"":[]}",error,
610,2026-03-06 09:47:45.96433+00,14,dirty choice,palt3r,25001,reggaeton,,my streets,,183,es,deezer,https://www.deezer.com/track/1177667772,"{""pais"":""VE"",""posicion"":14,""es_infantil"":false,""deezer_album_id"":193303152,""deezer_track_id"":1177667772,""deezer_artist_id"":116804862,""artistas_secundarios"":[]}",completed,
611,2026-03-06 09:47:49.714341+00,15,ikik,imagine klowns,8875,rock,,songs about u,,150,es,deezer,https://www.deezer.com/track/1212473112,"{""pais"":""VE"",""posicion"":15,""es_infantil"":false,""deezer_album_id"":200723122,""deezer_track_id"":1212473112,""deezer_artist_id"":120324102,""artistas_secundarios"":[]}",completed,
612,2026-03-06 09:47:53.552476+00,16,so will i,fortress worship,11341,pop,,so will i,,412,en,deezer,https://www.deezer.com/track/454316122,"{""pais"":""VE"",""posicion"":16,""es_infantil"":false,""deezer_album_id"":55792682,""deezer_track_id"":454316122,""deezer_artist_id"":13903207,""artistas_secundarios"":[]}",completed,
613,2026-03-06 09:47:57.306856+00,17,someone you loved,lewis capaldi,961885,rock,,breach,,182,en,deezer,https://www.deezer.com/track/582143242,"{""pais"":""VE"",""posicion"":17,""es_infantil"":false,""deezer_album_id"":78031872,""deezer_track_id"":582143242,""deezer_artist_id"":12088868,""artistas_secundarios"":[]}",completed,
614,2026-03-06 09:48:01.179836+00,18,ruby,ben mazue,434883,reggaeton,,ans,,138,en,deezer,https://www.deezer.com/track/85202768,"{""pais"":""VE"",""posicion"":18,""es_infantil"":false,""deezer_album_id"":8589608,""deezer_track_id"":85202768,""deezer_artist_id"":162540,""artistas_secundarios"":[]}",completed,
615,2026-03-06 09:48:05.136443+00,19,notalk,unmagical ister,1459,reggaeton,,blued out,,119,es,deezer,https://www.deezer.com/track/1204296952,"{""pais"":""VE"",""posicion"":19,""es_infantil"":false,""deezer_album_id"":199098472,""deezer_track_id"":1204296952,""deezer_artist_id"":119588792,""artistas_secundarios"":[]}",completed,
616,2026-03-06 09:48:08.906846+00,20,part of the hood,palt3r,24933,reggaeton,,my streets,,152,es,deezer,https://www.deezer.com/track/1177667802,"{""pais"":""VE"",""posicion"":20,""es_infantil"":false,""deezer_album_id"":193303152,""deezer_track_id"":1177667802,""deezer_artist_id"":116804862,""artistas_secundarios"":[]}",completed,
617,2026-03-06 09:48:12.691361+00,21,nocturnal me,ghost,325906,rock,,meliora,,313,en,deezer,https://www.deezer.com/track/132200978,"{""pais"":""VE"",""posicion"":21,""es_infantil"":false,""deezer_album_id"":14048532,""deezer_track_id"":132200978,""deezer_artist_id"":8506054,""artistas_secundarios"":[]}",completed,
618,2026-03-06 09:48:16.537973+00,23,slide,calvin harris,705025,electronica,,slide,,231,en,deezer,https://www.deezer.com/track/142844852,"{""pais"":""VE"",""posicion"":23,""es_infantil"":false,""deezer_album_id"":15456508,""deezer_track_id"":142844852,""deezer_artist_id"":12178,""artistas_secundarios"":[]}",completed,
619,2026-03-06 09:48:20.325028+00,24,suka,imagine klowns,7930,rock,,songs about u,,118,es,deezer,https://www.deezer.com/track/1212473102,"{""pais"":""VE"",""posicion"":24,""es_infantil"":false,""deezer_album_id"":200723122,""deezer_track_id"":1212473102,""deezer_artist_id"":120324102,""artistas_secundarios"":[]}",completed,
620,2026-03-06 09:48:24.137883+00,25,chopin theme,perhaps087,22083,electronica,,invisible clouds,,118,en,deezer,https://www.deezer.com/track/1145707782,"{""pais"":""VE"",""posicion"":25,""error_letra"":""No encontrada en Genius"",""es_infantil"":false,""deezer_album_id"":187108402,""deezer_track_id"":1145707782,""deezer_artist_id"":113794242,""artistas_secundarios"":[]}",error,
621,2026-03-06 09:48:27.990836+00,26,domino,jessie j,856258,pop,,who you are,,234,en,deezer,https://www.deezer.com/track/14405198,"{""pais"":""VE"",""posicion"":26,""es_infantil"":false,""deezer_album_id"":1321226,""deezer_track_id"":14405198,""deezer_artist_id"":985109,""artistas_secundarios"":[]}",completed,
622,2026-03-06 09:48:31.967258+00,27,the best is yet to come,scorpions,407290,rock,,sting in the tail,,273,en,deezer,https://www.deezer.com/track/5495960,"{""pais"":""VE"",""posicion"":27,""es_infantil"":false,""deezer_album_id"":503144,""deezer_track_id"":5495960,""deezer_artist_id"":863,""artistas_secundarios"":[]}",completed,
623,2026-03-06 09:48:35.837275+00,28,say my name,destinys child,919926,pop,,the writings on the wall,,269,en,deezer,https://www.deezer.com/track/580936,"{""pais"":""VE"",""posicion"":28,""es_infantil"":false,""deezer_album_id"":74843,""deezer_track_id"":580936,""deezer_artist_id"":595,""artistas_secundarios"":[]}",completed,
624,2026-03-06 09:48:39.70057+00,29,love circuit,legion of madness,25027,rock,,poisoned wells,,158,en,deezer,https://www.deezer.com/track/1190991992,"{""pais"":""VE"",""posicion"":29,""es_infantil"":false,""deezer_album_id"":196105122,""deezer_track_id"":1190991992,""deezer_artist_id"":118136782,""artistas_secundarios"":[]}",completed,
625,2026-03-06 09:48:43.504134+00,30,undead ahead 2 the tale of the midnight ride,motionless in white,420591,rock,,disguise,,273,en,deezer,https://www.deezer.com/track/690236042,"{""pais"":""VE"",""posicion"":30,""es_infantil"":false,""deezer_album_id"":99106202,""deezer_track_id"":690236042,""deezer_artist_id"":131886,""artistas_secundarios"":[]}",completed,
626,2026-03-06 09:48:47.325025+00,31,minds eye,wolfmother,164969,rock,,wolfmother,,296,en,deezer,https://www.deezer.com/track/107352220,"{""pais"":""VE"",""posicion"":31,""es_infantil"":false,""deezer_album_id"":11192798,""deezer_track_id"":107352220,""deezer_artist_id"":5359,""artistas_secundarios"":[]}",completed,
627,2026-03-06 09:48:51.238483+00,32,attention,charlie puth,550357,pop,,voicenotes,,208,en,deezer,https://www.deezer.com/track/498386892,"{""pais"":""VE"",""posicion"":32,""es_infantil"":false,""deezer_album_id"":63306942,""deezer_track_id"":498386892,""deezer_artist_id"":1362735,""artistas_secundarios"":[]}",completed,
628,2026-03-06 09:48:55.017979+00,33,spinning in daffodils,them crooked vultures,307881,rock,,them crooked vultures,,448,en,deezer,https://www.deezer.com/track/363657211,"{""pais"":""VE"",""posicion"":33,""es_infantil"":false,""deezer_album_id"":41825111,""deezer_track_id"":363657211,""deezer_artist_id"":312888,""artistas_secundarios"":[]}",completed,
629,2026-03-06 09:48:58.863564+00,34,thorn within,metallica,29980,rock,,load,,352,en,deezer,https://www.deezer.com/track/2150157,"{""pais"":""VE"",""posicion"":34,""es_infantil"":false,""deezer_album_id"":215356,""deezer_track_id"":2150157,""deezer_artist_id"":119,""artistas_secundarios"":[]}",completed,
630,2026-03-06 09:49:02.704188+00,35,onril,imagine klowns,8913,rock,,songs about u,,115,es,deezer,https://www.deezer.com/track/1212473122,"{""pais"":""VE"",""posicion"":35,""es_infantil"":false,""deezer_album_id"":200723122,""deezer_track_id"":1212473122,""deezer_artist_id"":120324102,""artistas_secundarios"":[]}",completed,
631,2026-03-06 09:49:06.602255+00,36,you know,evan and eris,17774,pop,,you know,,196,en,deezer,https://www.deezer.com/track/524233672,"{""pais"":""VE"",""posicion"":36,""es_infantil"":false,""deezer_album_id"":67644102,""deezer_track_id"":524233672,""deezer_artist_id"":13697599,""artistas_secundarios"":[]}",completed,
632,2026-03-06 09:49:10.395088+00,37,best friend,cent,493333,reggaeton,,best of cent,,254,es,deezer,https://www.deezer.com/track/145429552,"{""pais"":""VE"",""posicion"":37,""es_infantil"":false,""deezer_album_id"":15801900,""deezer_track_id"":145429552,""deezer_artist_id"":66,""artistas_secundarios"":[]}",completed,
633,2026-03-06 09:49:14.170931+00,38,ramukanji,onetox,25141,reggaeton,,affirmation,,217,es,deezer,https://www.deezer.com/track/487718342,"{""pais"":""VE"",""posicion"":38,""error_letra"":""No encontrada en Genius"",""es_infantil"":false,""deezer_album_id"":61543652,""deezer_track_id"":487718342,""deezer_artist_id"":4709670,""artistas_secundarios"":[]}",error,
634,2026-03-06 09:49:17.971052+00,39,satisfy my soul,bob marley the wailers,568122,rock,,legend the best of bob marley and the wailers,,271,en,deezer,https://www.deezer.com/track/530300731,"{""pais"":""VE"",""posicion"":39,""es_infantil"":false,""deezer_album_id"":68685711,""deezer_track_id"":530300731,""deezer_artist_id"":719,""artistas_secundarios"":[]}",completed,
635,2026-03-06 09:49:21.744921+00,40,wolves,selena gomez,744322,pop,,wolves,,198,es,deezer,https://www.deezer.com/track/420355352,"{""pais"":""VE"",""posicion"":40,""es_infantil"":false,""deezer_album_id"":50319082,""deezer_track_id"":420355352,""deezer_artist_id"":292185,""artistas_secundarios"":[]}",completed,
636,2026-03-06 09:49:25.559036+00,41,la vodka et la baise,al kan,11602,reggaeton,,la vodka et la baise,,170,fr,deezer,https://www.deezer.com/track/703614072,"{""pais"":""VE"",""posicion"":41,""es_infantil"":false,""deezer_album_id"":101736032,""deezer_track_id"":703614072,""deezer_artist_id"":6494165,""artistas_secundarios"":[]}",completed,
637,2026-03-06 09:49:29.410585+00,42,shake yo body,palt3r,24909,reggaeton,,my streets,,150,es,deezer,https://www.deezer.com/track/1177667792,"{""pais"":""VE"",""posicion"":42,""es_infantil"":false,""deezer_album_id"":193303152,""deezer_track_id"":1177667792,""deezer_artist_id"":116804862,""artistas_secundarios"":[]}",completed,
638,2026-03-06 09:49:33.240643+00,43,shake it off,taylor swift,7798,pop,,country workout volume 2,,219,en,deezer,https://www.deezer.com/track/561876462,"{""pais"":""VE"",""posicion"":43,""es_infantil"":false,""deezer_album_id"":74438142,""deezer_track_id"":561876462,""deezer_artist_id"":12246,""artistas_secundarios"":[]}",completed,
639,2026-03-06 09:49:37.112013+00,44,old town road,lil nas x,812291,trap,,7,,113,en,deezer,https://www.deezer.com/track/699056262,"{""pais"":""VE"",""posicion"":44,""es_infantil"":false,""deezer_album_id"":100896762,""deezer_track_id"":699056262,""deezer_artist_id"":15166511,""artistas_secundarios"":[]}",completed,
640,2026-03-06 09:49:40.908342+00,45,stress,onetox,6899,reggaeton,,affirmation iii,,240,es,deezer,https://www.deezer.com/track/479934182,"{""pais"":""VE"",""posicion"":45,""es_infantil"":false,""deezer_album_id"":60171932,""deezer_track_id"":479934182,""deezer_artist_id"":4709670,""artistas_secundarios"":[]}",completed,
641,2026-03-06 09:49:44.71357+00,46,settle back images,perhaps087,24981,reggaeton,,invisible clouds,,103,es,deezer,https://www.deezer.com/track/1145707742,"{""pais"":""VE"",""posicion"":46,""error_letra"":""No encontrada en Genius"",""es_infantil"":false,""deezer_album_id"":187108402,""deezer_track_id"":1145707742,""deezer_artist_id"":113794242,""artistas_secundarios"":[]}",error,
642,2026-03-06 09:49:48.529982+00,47,ma belle,moha la squale,825722,reggaeton,,ma belle,,158,fr,deezer,https://www.deezer.com/track/724274582,"{""pais"":""VE"",""posicion"":47,""es_infantil"":false,""deezer_album_id"":106014542,""deezer_track_id"":724274582,""deezer_artist_id"":13816509,""artistas_secundarios"":[]}",completed,
643,2026-03-06 09:49:52.334484+00,48,perfect spot,busy signal,415023,reggaeton,,perfect spot,,183,en,deezer,https://www.deezer.com/track/676157202,"{""pais"":""VE"",""posicion"":48,""es_infantil"":false,""deezer_album_id"":96039512,""deezer_track_id"":676157202,""deezer_artist_id"":116337,""artistas_secundarios"":[]}",completed,
644,2026-03-06 09:49:56.100166+00,49,uptown funk,mark ronson,158721,pop,,feel good friday,,270,en,deezer,https://www.deezer.com/track/580977262,"{""pais"":""VE"",""posicion"":49,""es_infantil"":false,""deezer_album_id"":77820842,""deezer_track_id"":580977262,""deezer_artist_id"":13204,""artistas_secundarios"":[]}",completed,
645,2026-03-06 09:50:00.060071+00,50,gerpick,imagine klowns,21954,rock,,songs about u,,114,es,deezer,https://www.deezer.com/track/1212473092,"{""pais"":""VE"",""posicion"":50,""error_letra"":""No encontrada en Genius"",""es_infantil"":false,""deezer_album_id"":200723122,""deezer_track_id"":1212473092,""deezer_artist_id"":120324102,""artistas_secundarios"":[]}",error,
646,2026-03-06 09:50:03.858427+00,51,bouncy beauty,perhaps087,22076,electronica,,invisible clouds,,103,en,deezer,https://www.deezer.com/track/1145707792,"{""pais"":""VE"",""posicion"":51,""error_letra"":""No encontrada en Genius"",""es_infantil"":false,""deezer_album_id"":187108402,""deezer_track_id"":1145707792,""deezer_artist_id"":113794242,""artistas_secundarios"":[]}",error,
647,2026-03-06 09:50:07.716273+00,52,remembrance,hillsong worship,271041,rock|christian,,there is more,,310,en,deezer,https://www.deezer.com/track/460194922,"{""pais"":""VE"",""posicion"":52,""es_infantil"":false,""deezer_album_id"":56720742,""deezer_track_id"":460194922,""deezer_artist_id"":5880172,""artistas_secundarios"":[]}",completed,
648,2026-03-06 09:50:11.5324+00,53,rude,magic,767983,reggaeton,,dont kill the magic,,225,en,deezer,https://www.deezer.com/track/79845486,"{""pais"":""VE"",""posicion"":53,""es_infantil"":false,""deezer_album_id"":7960442,""deezer_track_id"":79845486,""deezer_artist_id"":615238,""artistas_secundarios"":[]}",completed,
649,2026-03-06 09:50:15.308607+00,54,la marelle amarelinha,dom la nena,664381,reggaeton,,ramages,,182,es,deezer,https://www.deezer.com/track/849510322,"{""pais"":""VE"",""posicion"":54,""error_letra"":""No encontrada en Genius"",""es_infantil"":false,""deezer_album_id"":126058562,""deezer_track_id"":849510322,""deezer_artist_id"":3987671,""artistas_secundarios"":[]}",error,
650,2026-03-06 09:50:19.113927+00,55,tik tok,kesha,953309,pop,,tik tok remixes,,200,en,deezer,https://www.deezer.com/track/4764905,"{""pais"":""VE"",""posicion"":55,""es_infantil"":false,""deezer_album_id"":438618,""deezer_track_id"":4764905,""deezer_artist_id"":280627,""artistas_secundarios"":[]}",completed,
651,2026-03-06 09:50:22.962412+00,56,good as hell,lizzo,576344,pop,,good as hell,,159,en,deezer,https://www.deezer.com/track/120441848,"{""pais"":""VE"",""posicion"":56,""es_infantil"":false,""deezer_album_id"":12565898,""deezer_track_id"":120441848,""deezer_artist_id"":5200025,""artistas_secundarios"":[]}",completed,
652,2026-03-06 09:50:26.770488+00,57,senorita,shawn mendes,878693,pop,,senorita,,191,en,deezer,https://www.deezer.com/track/698905582,"{""pais"":""VE"",""posicion"":57,""es_infantil"":false,""deezer_album_id"":100856872,""deezer_track_id"":698905582,""deezer_artist_id"":5962948,""artistas_secundarios"":[]}",completed,
653,2026-03-06 09:50:30.655853+00,58,crazy,gnarls barkley,922741,rock,,st elsewhere,,177,en,deezer,https://www.deezer.com/track/2794160,"{""pais"":""VE"",""posicion"":58,""es_infantil"":false,""deezer_album_id"":271531,""deezer_track_id"":2794160,""deezer_artist_id"":3467,""artistas_secundarios"":[]}",completed,
654,2026-03-06 09:50:34.472651+00,59,time for some noise,palt3r,25172,reggaeton,,my streets,,155,en,deezer,https://www.deezer.com/track/1177667762,"{""pais"":""VE"",""posicion"":59,""es_infantil"":false,""deezer_album_id"":193303152,""deezer_track_id"":1177667762,""deezer_artist_id"":116804862,""artistas_secundarios"":[]}",completed,
655,2026-03-06 09:50:38.372633+00,60,copines,aya nakamura,932114,pop,,nakamura,,171,fr,deezer,https://www.deezer.com/track/576851242,"{""pais"":""VE"",""posicion"":60,""es_infantil"":false,""deezer_album_id"":77129912,""deezer_track_id"":576851242,""deezer_artist_id"":8909272,""artistas_secundarios"":[]}",completed,
656,2026-03-06 09:50:42.15787+00,61,shape of you,ed sheeran,758151,pop,,,,233,en,deezer,https://www.deezer.com/track/142986204,"{""pais"":""VE"",""posicion"":61,""error_letra"":""No encontrada en Genius"",""es_infantil"":false,""deezer_album_id"":15478674,""deezer_track_id"":142986204,""deezer_artist_id"":384236,""artistas_secundarios"":[]}",error,
657,2026-03-06 09:50:45.897475+00,62,take a look around,limp bizkit,586423,rock,,chocolate starfish and the hot dog flavored water,,318,en,deezer,https://www.deezer.com/track/104011176,"{""pais"":""VE"",""posicion"":62,""es_infantil"":false,""deezer_album_id"":10819194,""deezer_track_id"":104011176,""deezer_artist_id"":93,""artistas_secundarios"":[]}",completed,
658,2026-03-06 09:50:49.77916+00,63,so much trouble in the world,bob marley,372078,rock,,natural mystic,,240,en,deezer,https://www.deezer.com/track/86648043,"{""pais"":""VE"",""posicion"":63,""es_infantil"":false,""deezer_album_id"":8740481,""deezer_track_id"":86648043,""deezer_artist_id"":719,""artistas_secundarios"":[]}",completed,
659,2026-03-06 09:50:53.593978+00,64,the way im wired,black smoke trigger,217166,rock,,set it off,,261,en,deezer,https://www.deezer.com/track/784377362,"{""pais"":""VE"",""posicion"":64,""es_infantil"":false,""deezer_album_id"":116296752,""deezer_track_id"":784377362,""deezer_artist_id"":73077512,""artistas_secundarios"":[]}",completed,
660,2026-03-06 09:50:57.376481+00,65,adicto,tainy,729324,reggaeton,,adicto,,270,es,deezer,https://www.deezer.com/track/734393362,"{""pais"":""VE"",""posicion"":65,""es_infantil"":false,""deezer_album_id"":107849482,""deezer_track_id"":734393362,""deezer_artist_id"":4649104,""artistas_secundarios"":[]}",completed,
661,2026-03-06 09:51:01.270672+00,66,come over,busy signal,470360,reggaeton,,reggae music again,,208,en,deezer,https://www.deezer.com/track/17546441,"{""pais"":""VE"",""posicion"":66,""es_infantil"":false,""deezer_album_id"":1642351,""deezer_track_id"":17546441,""deezer_artist_id"":116337,""artistas_secundarios"":[]}",completed,
662,2026-03-06 09:51:05.180576+00,67,again,fetty wap,499412,trap,,again,,312,en,deezer,https://www.deezer.com/track/105298962,"{""pais"":""VE"",""posicion"":67,""es_infantil"":false,""deezer_album_id"":10967332,""deezer_track_id"":105298962,""deezer_artist_id"":7200950,""artistas_secundarios"":[]}",completed,
663,2026-03-06 09:51:08.988649+00,68,regulate,nate dogg,15569,hiphop,,above the rim,,249,en,deezer,https://www.deezer.com/track/65938211,"{""pais"":""VE"",""posicion"":68,""es_infantil"":false,""deezer_album_id"":6456783,""deezer_track_id"":65938211,""deezer_artist_id"":359,""artistas_secundarios"":[]}",completed,
664,2026-03-06 09:51:12.737637+00,69,cemetery bloom,parkway drive,331347,rock,,reverence,,190,en,deezer,https://www.deezer.com/track/491204912,"{""pais"":""VE"",""posicion"":69,""es_infantil"":false,""deezer_album_id"":62145512,""deezer_track_id"":491204912,""deezer_artist_id"":16410,""artistas_secundarios"":[]}",completed,
665,2026-03-06 09:51:16.569604+00,70,wap,cardi b,357470,trap,,wap,,187,en,deezer,https://www.deezer.com/track/1044791552,"{""pais"":""VE"",""posicion"":70,""error_letra"":""No encontrada en Genius"",""es_infantil"":false,""deezer_album_id"":165664542,""deezer_track_id"":1044791552,""deezer_artist_id"":9064930,""artistas_secundarios"":[]}",error,
666,2026-03-06 09:51:20.508133+00,71,risky ways,palt3r,24916,reggaeton,,my streets,,227,es,deezer,https://www.deezer.com/track/1177667812,"{""pais"":""VE"",""posicion"":71,""es_infantil"":false,""deezer_album_id"":193303152,""deezer_track_id"":1177667812,""deezer_artist_id"":116804862,""artistas_secundarios"":[]}",completed,
667,2026-03-06 09:51:24.34714+00,72,pastel,imagine klowns,7893,rock,,songs about u,,143,es,deezer,https://www.deezer.com/track/1212473142,"{""pais"":""VE"",""posicion"":72,""es_infantil"":false,""deezer_album_id"":200723122,""deezer_track_id"":1212473142,""deezer_artist_id"":120324102,""artistas_secundarios"":[]}",completed,
668,2026-03-06 09:51:28.346428+00,73,thoughts prayers,motionless in white,570699,rock,,disguise,,240,en,deezer,https://www.deezer.com/track/690236022,"{""pais"":""VE"",""posicion"":73,""es_infantil"":false,""deezer_album_id"":99106202,""deezer_track_id"":690236022,""deezer_artist_id"":131886,""artistas_secundarios"":[]}",completed,
669,2026-03-06 09:51:32.258656+00,76,everything,tosara,10327,reggaeton,,french kisses,,118,es,deezer,https://www.deezer.com/track/1204289342,"{""pais"":""VE"",""posicion"":76,""es_infantil"":false,""deezer_album_id"":199096242,""deezer_track_id"":1204289342,""deezer_artist_id"":119588042,""artistas_secundarios"":[]}",completed,
670,2026-03-06 09:51:36.041579+00,77,praying,kesha,613429,pop,,rainbow,,230,en,deezer,https://www.deezer.com/track/391689572,"{""pais"":""VE"",""posicion"":77,""es_infantil"":false,""deezer_album_id"":45834592,""deezer_track_id"":391689572,""deezer_artist_id"":280627,""artistas_secundarios"":[]}",completed,
671,2026-03-06 09:51:39.867183+00,78,the look,metronomy,867295,electronica,,the english riviera,,277,en,deezer,https://www.deezer.com/track/10240179,"{""pais"":""VE"",""posicion"":78,""es_infantil"":false,""deezer_album_id"":936365,""deezer_track_id"":10240179,""deezer_artist_id"":13570,""artistas_secundarios"":[]}",completed,
672,2026-03-06 09:51:43.65827+00,79,all my life,dmp,171548,reggaeton,,projectile,,241,es,deezer,https://www.deezer.com/track/379843941,"{""pais"":""VE"",""posicion"":79,""es_infantil"":false,""deezer_album_id"":44087421,""deezer_track_id"":379843941,""deezer_artist_id"":336195361,""artistas_secundarios"":[]}",completed,
673,2026-03-06 09:51:47.444314+00,80,femme de couleur,shym,6864,reggaeton,,a nos dix ans,,215,fr,deezer,https://www.deezer.com/track/107184284,"{""pais"":""VE"",""posicion"":80,""es_infantil"":false,""deezer_album_id"":11174908,""deezer_track_id"":107184284,""deezer_artist_id"":11963,""artistas_secundarios"":[]}",completed,
674,2026-03-06 09:51:51.210163+00,81,whats love got to do,warren g,622935,hiphop,,take a look over your shoulder,,239,en,deezer,https://www.deezer.com/track/2509581,"{""pais"":""VE"",""posicion"":81,""es_infantil"":false,""deezer_album_id"":246549,""deezer_track_id"":2509581,""deezer_artist_id"":712,""artistas_secundarios"":[]}",completed,
675,2026-03-06 09:51:54.969957+00,82,stone cold crazy,metallica,330853,rock,,garage inc,,137,en,deezer,https://www.deezer.com/track/2114582,"{""pais"":""VE"",""posicion"":82,""es_infantil"":false,""deezer_album_id"":212391,""deezer_track_id"":2114582,""deezer_artist_id"":119,""artistas_secundarios"":[]}",completed,
676,2026-03-06 09:51:58.814289+00,83,mia,bad bunny,21763,reggaeton,,mia,,210,es,deezer,https://www.deezer.com/track/565423972,"{""pais"":""VE"",""posicion"":83,""es_infantil"":false,""deezer_album_id"":75124472,""deezer_track_id"":565423972,""deezer_artist_id"":10583405,""artistas_secundarios"":[]}",completed,
677,2026-03-06 09:52:02.673941+00,84,redemption song,bob marley,868990,rock,,uprising,,227,en,deezer,https://www.deezer.com/track/2542705,"{""pais"":""VE"",""posicion"":84,""es_infantil"":false,""deezer_album_id"":249141,""deezer_track_id"":2542705,""deezer_artist_id"":719,""artistas_secundarios"":[]}",completed,
678,2026-03-06 09:52:06.468035+00,85,c ur de bombe,diams,329658,reggaeton,,sos,,263,es,deezer,https://www.deezer.com/track/4673397,"{""pais"":""VE"",""posicion"":85,""es_infantil"":false,""deezer_album_id"":430299,""deezer_track_id"":4673397,""deezer_artist_id"":388,""artistas_secundarios"":[]}",completed,
679,2026-03-06 09:52:10.312561+00,86,parce quon sait jamais,christophe mae,867624,pop,,mon paradis,,192,fr,deezer,https://www.deezer.com/track/790948,"{""pais"":""VE"",""posicion"":86,""es_infantil"":false,""deezer_album_id"":92471,""deezer_track_id"":790948,""deezer_artist_id"":11907,""artistas_secundarios"":[]}",completed,
680,2026-03-06 09:52:14.138261+00,87,how i feel,yemi alade,26807,pop,,how i feel,,184,en,deezer,https://www.deezer.com/track/504586932,"{""pais"":""VE"",""posicion"":87,""es_infantil"":false,""deezer_album_id"":64431642,""deezer_track_id"":504586932,""deezer_artist_id"":4694728,""artistas_secundarios"":[]}",completed,
681,2026-03-06 09:52:18.033181+00,88,gimmie love,collie buddz,160150,reggaeton,,the biggest reggae one drop anthems,,222,en,deezer,https://www.deezer.com/track/12274627,"{""pais"":""VE"",""posicion"":88,""es_infantil"":false,""deezer_album_id"":1127900,""deezer_track_id"":12274627,""deezer_artist_id"":15362,""artistas_secundarios"":[]}",completed,
682,2026-03-06 09:52:21.816438+00,89,u me luv,jahmiel,416363,reggaeton,,u me luv single,,219,en,deezer,https://www.deezer.com/track/385255791,"{""pais"":""VE"",""posicion"":89,""es_infantil"":false,""deezer_album_id"":44906441,""deezer_track_id"":385255791,""deezer_artist_id"":1198966,""artistas_secundarios"":[]}",completed,
683,2026-03-06 09:52:25.573126+00,90,hide away,daya,22367,pop,,sit still look pretty,,192,en,deezer,https://www.deezer.com/track/131772416,"{""pais"":""VE"",""posicion"":90,""es_infantil"":false,""deezer_album_id"":13999254,""deezer_track_id"":131772416,""deezer_artist_id"":649162,""artistas_secundarios"":[]}",completed,
684,2026-03-06 09:52:29.442914+00,91,square hammer,ghost,320307,rock,,meliora,,239,en,deezer,https://www.deezer.com/track/132200976,"{""pais"":""VE"",""posicion"":91,""es_infantil"":false,""deezer_album_id"":14048532,""deezer_track_id"":132200976,""deezer_artist_id"":8506054,""artistas_secundarios"":[]}",completed,
685,2026-03-06 09:52:33.33687+00,92,can i kick it,a tribe called quest,337573,hiphop,,the anthology,,264,en,deezer,https://www.deezer.com/track/13142607,"{""pais"":""VE"",""posicion"":92,""es_infantil"":false,""deezer_album_id"":1206014,""deezer_track_id"":13142607,""deezer_artist_id"":1862,""artistas_secundarios"":[]}",completed,
686,2026-03-06 09:52:37.198467+00,93,glorious,macklemore,823138,pop,,gemini,,222,en,deezer,https://www.deezer.com/track/397729422,"{""pais"":""VE"",""posicion"":93,""es_infantil"":false,""deezer_album_id"":46723562,""deezer_track_id"":397729422,""deezer_artist_id"":152291,""artistas_secundarios"":[]}",completed,
687,2026-03-06 09:52:41.00996+00,94,welcome to jamrock,damian marley,784907,rock,,welcome to jamrock,,214,en,deezer,https://www.deezer.com/track/1575375,"{""pais"":""VE"",""posicion"":94,""es_infantil"":false,""deezer_album_id"":161513,""deezer_track_id"":1575375,""deezer_artist_id"":254,""artistas_secundarios"":[]}",completed,
688,2026-03-06 09:52:44.802385+00,95,majesty,ghost,354569,rock,,meliora,,324,en,deezer,https://www.deezer.com/track/132200968,"{""pais"":""VE"",""posicion"":95,""es_infantil"":false,""deezer_album_id"":14048532,""deezer_track_id"":132200968,""deezer_artist_id"":8506054,""artistas_secundarios"":[]}",completed,
689,2026-03-06 09:52:48.584989+00,96,sinematic,motionless in white,310896,rock,,infamous,,289,en,deezer,https://www.deezer.com/track/133100368,"{""pais"":""VE"",""posicion"":96,""es_infantil"":false,""deezer_album_id"":14167704,""deezer_track_id"":133100368,""deezer_artist_id"":131886,""artistas_secundarios"":[]}",completed,
690,2026-03-06 09:52:52.421566+00,97,strange,lp,15984,rock,,lost on you,,235,en,deezer,https://www.deezer.com/track/355665131,"{""pais"":""VE"",""posicion"":97,""es_infantil"":false,""deezer_album_id"":40793481,""deezer_track_id"":355665131,""deezer_artist_id"":112259,""artistas_secundarios"":[]}",completed,
691,2026-03-06 09:52:56.201271+00,98,real situation,bob marley the wailers,531719,rock,,uprising,,188,en,deezer,https://www.deezer.com/track/2542697,"{""pais"":""VE"",""posicion"":98,""es_infantil"":false,""deezer_album_id"":249141,""deezer_track_id"":2542697,""deezer_artist_id"":719,""artistas_secundarios"":[]}",completed,
692,2026-03-06 09:53:00.208254+00,99,i know what you want,busta rhymes,823657,hiphop,,it aint safe no more,,324,en,deezer,https://www.deezer.com/track/13202000,"{""pais"":""VE"",""posicion"":99,""es_infantil"":false,""deezer_album_id"":1210715,""deezer_track_id"":13202000,""deezer_artist_id"":796,""artistas_secundarios"":[]}",completed,
693,2026-03-06 09:53:04.121998+00,100,gyal,dezine,21514,reggaeton,,gyal,,240,en,deezer,https://www.deezer.com/track/125647314,"{""pais"":""VE"",""posicion"":100,""es_infantil"":false,""deezer_album_id"":13216306,""deezer_track_id"":125647314,""deezer_artist_id"":1645924,""artistas_secundarios"":[]}",completed,
694,2026-03-06 09:53:06.214893+00,1,mess around,ray charles,190081,blues,,i got a woman,,162,en,deezer,https://www.deezer.com/track/218751,"{""pais"":""BO"",""posicion"":1,""es_infantil"":false,""deezer_album_id"":41487,""deezer_track_id"":218751,""deezer_artist_id"":1342,""artistas_secundarios"":[]}",completed,
695,2026-03-06 09:53:10.004765+00,2,moorea,creol,94231,reggaeton,,latin guitar creol acoustic guitar,,306,es,deezer,https://www.deezer.com/track/1741473,"{""pais"":""BO"",""posicion"":2,""error_letra"":""No encontrada en Genius"",""es_infantil"":false,""deezer_album_id"":176474,""deezer_track_id"":1741473,""deezer_artist_id"":116405,""artistas_secundarios"":[]}",error,
696,2026-03-06 09:53:13.850922+00,3,i got a woman,ray charles,411631,blues,,i got a woman,,172,en,deezer,https://www.deezer.com/track/218754,"{""pais"":""BO"",""posicion"":3,""es_infantil"":false,""deezer_album_id"":41487,""deezer_track_id"":218754,""deezer_artist_id"":1342,""artistas_secundarios"":[]}",completed,
697,2026-03-06 09:53:16.03404+00,1,speak for yourself,gary moore,19357,rock,,5 album set,,223,en,deezer,https://www.deezer.com/track/61104854,"{""pais"":""CR"",""posicion"":1,""es_infantil"":false,""deezer_album_id"":5983794,""deezer_track_id"":61104854,""deezer_artist_id"":666,""artistas_secundarios"":[]}",completed,
698,2026-03-06 09:53:19.769773+00,2,bang bang,nancy sinatra,8817,pop,,kill bill vol 1 original soundtrack,,160,en,deezer,https://www.deezer.com/track/3083367,"{""pais"":""CR"",""posicion"":2,""es_infantil"":false,""deezer_album_id"":298695,""deezer_track_id"":3083367,""deezer_artist_id"":1032,""artistas_secundarios"":[]}",completed,
699,2026-03-06 09:53:23.598514+00,3,from a room,vincent delerm,26934,rock,,quinze chansons,,58,fr,deezer,https://www.deezer.com/track/6770807,"{""pais"":""CR"",""posicion"":3,""es_infantil"":false,""deezer_album_id"":625584,""deezer_track_id"":6770807,""deezer_artist_id"":1773,""artistas_secundarios"":[]}",completed,
700,2026-03-06 09:53:27.482001+00,4,unfaithful,rihanna,227112,pop,,unfaithful,,255,en,deezer,https://www.deezer.com/track/3016016,"{""pais"":""CR"",""posicion"":4,""es_infantil"":false,""deezer_album_id"":284011,""deezer_track_id"":3016016,""deezer_artist_id"":564,""artistas_secundarios"":[]}",completed,
701,2026-03-06 09:53:31.41805+00,5,shea stadium,vincent delerm,1069,rock,,quinze chansons,,114,fr,deezer,https://www.deezer.com/track/6770804,"{""pais"":""CR"",""posicion"":5,""es_infantil"":false,""deezer_album_id"":625584,""deezer_track_id"":6770804,""deezer_artist_id"":1773,""artistas_secundarios"":[]}",completed,
702,2026-03-06 09:53:33.259077+00,6,muhammad,maher zain,26544,pop,,forgive me,,276,ar,deezer,https://www.deezer.com/track/61092299,"{""pais"":""CR"",""posicion"":6,""error_letra"":""No encontrada en Genius"",""es_infantil"":false,""deezer_album_id"":5982466,""deezer_track_id"":61092299,""deezer_artist_id"":1336994,""artistas_secundarios"":[]}",error,
703,2026-03-06 09:53:37.089585+00,7,ya nabi salam alayka,maher zain,21285,rock,,thank you allah,,300,ar,deezer,https://www.deezer.com/track/61092341,"{""pais"":""CR"",""posicion"":7,""error_letra"":""No encontrada en Genius"",""es_infantil"":false,""deezer_album_id"":5982468,""deezer_track_id"":61092341,""deezer_artist_id"":1336994,""artistas_secundarios"":[]}",error,
704,2026-03-06 09:53:40.85992+00,8,et francois de roubaix dans le dos,vincent delerm,10054,rock,,quinze chansons,,217,fr,deezer,https://www.deezer.com/track/6770801,"{""pais"":""CR"",""posicion"":8,""es_infantil"":false,""deezer_album_id"":625584,""deezer_track_id"":6770801,""deezer_artist_id"":1773,""artistas_secundarios"":[]}",completed,
705,2026-03-06 09:53:44.701668+00,9,je pense a toi,vincent delerm,27130,rock,,quinze chansons,,249,fr,deezer,https://www.deezer.com/track/6770798,"{""pais"":""CR"",""posicion"":9,""es_infantil"":false,""deezer_album_id"":625584,""deezer_track_id"":6770798,""deezer_artist_id"":1773,""artistas_secundarios"":[]}",completed,
706,2026-03-06 09:53:48.555989+00,10,run for cover,gary moore,84778,rock,,5 album set,,254,en,deezer,https://www.deezer.com/track/61104839,"{""pais"":""CR"",""posicion"":10,""es_infantil"":false,""deezer_album_id"":5983794,""deezer_track_id"":61104839,""deezer_artist_id"":666,""artistas_secundarios"":[]}",completed,
707,2026-03-06 09:53:52.307669+00,11,moanalua valley,dyonisos,32098,rock,,haiku,,349,en,deezer,https://www.deezer.com/track/9742232,"{""pais"":""CR"",""posicion"":11,""error_letra"":""No encontrada en Genius"",""es_infantil"":false,""deezer_album_id"":890983,""deezer_track_id"":9742232,""deezer_artist_id"":1173407,""artistas_secundarios"":[]}",error,
708,2026-03-06 09:53:56.085964+00,12,la vie est la meme,vincent delerm,21613,pop,,quinze chansons,,133,fr,deezer,https://www.deezer.com/track/6770810,"{""pais"":""CR"",""posicion"":12,""es_infantil"":false,""deezer_album_id"":625584,""deezer_track_id"":6770810,""deezer_artist_id"":1773,""artistas_secundarios"":[]}",completed,
709,2026-03-06 09:53:59.97745+00,13,assalamu alayka,maher zain,22298,rock,,forgive me,,250,ar,deezer,https://www.deezer.com/track/61092293,"{""pais"":""CR"",""posicion"":13,""es_infantil"":false,""deezer_album_id"":5982466,""deezer_track_id"":61092293,""deezer_artist_id"":1336994,""artistas_secundarios"":[]}",completed,
710,2026-03-06 09:54:03.8296+00,14,amours,louise attaque,682890,pop,,louise attaque,,116,fr,deezer,https://www.deezer.com/track/983234,"{""pais"":""CR"",""posicion"":14,""es_infantil"":false,""deezer_album_id"":109347,""deezer_track_id"":983234,""deezer_artist_id"":633,""artistas_secundarios"":[]}",completed,
711,2026-03-06 09:54:07.63919+00,15,allan et louise,vincent delerm,28552,rock,,quinze chansons,,224,fr,deezer,https://www.deezer.com/track/6770797,"{""pais"":""CR"",""posicion"":15,""es_infantil"":false,""deezer_album_id"":625584,""deezer_track_id"":6770797,""deezer_artist_id"":1773,""artistas_secundarios"":[]}",completed,
712,2026-03-06 09:54:11.482276+00,16,amoureux solitaires,lio,337189,pop,,je garde quelques images pour mes vies posterieures,,221,fr,deezer,https://www.deezer.com/track/2417391,"{""pais"":""CR"",""posicion"":16,""es_infantil"":false,""deezer_album_id"":238392,""deezer_track_id"":2417391,""deezer_artist_id"":2652,""artistas_secundarios"":[]}",completed,
713,2026-03-06 09:54:15.433906+00,17,hold my hand,maher zain,1315,pop,,thank you allah,,247,en,deezer,https://www.deezer.com/track/61092349,"{""pais"":""CR"",""posicion"":17,""es_infantil"":false,""deezer_album_id"":5982468,""deezer_track_id"":61092349,""deezer_artist_id"":1336994,""artistas_secundarios"":[]}",completed,
714,2026-03-06 09:54:19.2863+00,18,un temps pour tout,vincent delerm,26742,rock,,quinze chansons,,158,fr,deezer,https://www.deezer.com/track/6770805,"{""pais"":""CR"",""posicion"":18,""es_infantil"":false,""deezer_album_id"":625584,""deezer_track_id"":6770805,""deezer_artist_id"":1773,""artistas_secundarios"":[]}",completed,
715,2026-03-06 09:54:23.152465+00,19,for the rest of my life,maher zain,17979,rock,,thank you allah,,230,en,deezer,https://www.deezer.com/track/61092348,"{""pais"":""CR"",""posicion"":19,""es_infantil"":false,""deezer_album_id"":5982468,""deezer_track_id"":61092348,""deezer_artist_id"":1336994,""artistas_secundarios"":[]}",completed,
716,2026-03-06 09:54:26.986411+00,20,un tacle de patrick vieira nest pas une truite en chocolat,vincent delerm,26051,rock,,quinze chansons,,114,fr,deezer,https://www.deezer.com/track/6770808,"{""pais"":""CR"",""posicion"":20,""es_infantil"":false,""deezer_album_id"":625584,""deezer_track_id"":6770808,""deezer_artist_id"":1773,""artistas_secundarios"":[]}",completed,
717,2026-03-06 09:54:30.829242+00,21,martin parr,vincent delerm,26864,rock,,quinze chansons,,72,fr,deezer,https://www.deezer.com/track/6770799,"{""pais"":""CR"",""posicion"":21,""es_infantil"":false,""deezer_album_id"":625584,""deezer_track_id"":6770799,""deezer_artist_id"":1773,""artistas_secundarios"":[]}",completed,
718,2026-03-06 09:54:34.645899+00,22,tous les acteurs sappellent terence,vincent delerm,21918,rock,,quinze chansons,,235,fr,deezer,https://www.deezer.com/track/6770796,"{""pais"":""CR"",""posicion"":22,""es_infantil"":false,""deezer_album_id"":625584,""deezer_track_id"":6770796,""deezer_artist_id"":1773,""artistas_secundarios"":[]}",completed,
719,2026-03-06 09:54:38.48532+00,23,dans tes bras,vincent delerm,22187,pop,,quinze chansons,,59,fr,deezer,https://www.deezer.com/track/6770802,"{""pais"":""CR"",""posicion"":23,""es_infantil"":false,""deezer_album_id"":625584,""deezer_track_id"":6770802,""deezer_artist_id"":1773,""artistas_secundarios"":[]}",completed,
720,2026-03-06 09:54:42.372107+00,24,north avenue,vincent delerm,170,rock,,quinze chansons,,212,fr,deezer,https://www.deezer.com/track/6770806,"{""pais"":""CR"",""posicion"":24,""es_infantil"":false,""deezer_album_id"":625584,""deezer_track_id"":6770806,""deezer_artist_id"":1773,""artistas_secundarios"":[]}",completed,
721,2026-03-06 09:54:46.394005+00,25,the rose of winter,nox arcana,25076,rock,,winters eve,,142,en,deezer,https://www.deezer.com/track/8837485,"{""pais"":""CR"",""posicion"":25,""error_letra"":""No encontrada en Genius"",""es_infantil"":false,""deezer_album_id"":811611,""deezer_track_id"":8837485,""deezer_artist_id"":616769,""artistas_secundarios"":[]}",error,
722,2026-03-06 09:54:48.419961+00,26,pitball cruiser blue,big dipper,18490,reggaeton,,crashes on the platinum planet,,194,es,deezer,https://www.deezer.com/track/62055037,"{""pais"":""CR"",""posicion"":26,""es_infantil"":false,""deezer_album_id"":6084750,""deezer_track_id"":62055037,""deezer_artist_id"":133513,""artistas_secundarios"":[]}",completed,
723,2026-03-06 09:54:52.216174+00,27,habitants,vincent delerm,13511,rock,,quinze chansons,,152,fr,deezer,https://www.deezer.com/track/6770803,"{""pais"":""CR"",""posicion"":27,""es_infantil"":false,""deezer_album_id"":625584,""deezer_track_id"":6770803,""deezer_artist_id"":1773,""artistas_secundarios"":[]}",completed,
724,2026-03-06 09:54:55.991317+00,28,monterey,vincent delerm,28172,rock,,quinze chansons,,92,fr,deezer,https://www.deezer.com/track/6770809,"{""pais"":""CR"",""posicion"":28,""es_infantil"":false,""deezer_album_id"":625584,""deezer_track_id"":6770809,""deezer_artist_id"":1773,""artistas_secundarios"":[]}",completed,
725,2026-03-06 09:54:59.946997+00,29,le coeur des volleyeuses bat plus fort pour les volleyeurs,vincent delerm,18307,rock,,quinze chansons,,103,fr,deezer,https://www.deezer.com/track/6770800,"{""pais"":""CR"",""posicion"":29,""es_infantil"":false,""deezer_album_id"":625584,""deezer_track_id"":6770800,""deezer_artist_id"":1773,""artistas_secundarios"":[]}",completed,
726,2026-03-06 09:55:03.842643+00,30,the girl you lost to cocaine,sia,303572,rock,,some people have real problems,,160,en,deezer,https://www.deezer.com/track/4192213,"{""pais"":""CR"",""posicion"":30,""es_infantil"":false,""deezer_album_id"":390763,""deezer_track_id"":4192213,""deezer_artist_id"":3469,""artistas_secundarios"":[]}",completed,
727,2026-03-06 09:55:06.039379+00,1,cocaine,jj cale,97333,rock,,classic j j cale the universal masters collection,,168,en,deezer,https://www.deezer.com/track/1124390,"{""pais"":""PA"",""posicion"":1,""es_infantil"":false,""deezer_album_id"":120878,""deezer_track_id"":1124390,""deezer_artist_id"":1436,""artistas_secundarios"":[]}",completed,
728,2026-03-06 09:55:09.892985+00,2,all wound up,peter may,3,rock,,black coffee blues,,206,en,deezer,https://www.deezer.com/track/1479014,"{""pais"":""PA"",""posicion"":2,""es_infantil"":false,""deezer_album_id"":149745,""deezer_track_id"":1479014,""deezer_artist_id"":105237,""artistas_secundarios"":[]}",completed,
729,2026-03-06 09:55:13.778819+00,3,trust in me,etta james,60799,blues,,sensational hits from past,,181,en,deezer,https://www.deezer.com/track/93081328,"{""pais"":""PA"",""posicion"":3,""es_infantil"":false,""deezer_album_id"":9452078,""deezer_track_id"":93081328,""deezer_artist_id"":620,""artistas_secundarios"":[]}",completed,
730,2026-03-06 09:55:17.62376+00,4,sweet thing,van morrison,443981,rock,,astral weeks,,265,en,deezer,https://www.deezer.com/track/3664182,"{""pais"":""PA"",""posicion"":4,""es_infantil"":false,""deezer_album_id"":345012,""deezer_track_id"":3664182,""deezer_artist_id"":2798,""artistas_secundarios"":[]}",completed,
731,2026-03-06 09:55:19.776872+00,1,ich lieb dich,pur,398309,pop,,hits pur jahre eine band,,255,de,deezer,https://www.deezer.com/track/99127320,"{""pais"":""GT"",""posicion"":1,""es_infantil"":false,""deezer_album_id"":10145702,""deezer_track_id"":99127320,""deezer_artist_id"":241033,""artistas_secundarios"":[]}",completed,
732,2026-03-06 09:55:23.550851+00,2,third world man,steely dan,26838,rock,,gaucho,,314,en,deezer,https://www.deezer.com/track/2303350,"{""pais"":""GT"",""posicion"":2,""es_infantil"":false,""deezer_album_id"":229531,""deezer_track_id"":2303350,""deezer_artist_id"":1156,""artistas_secundarios"":[]}",completed,
733,2026-03-06 09:55:27.493896+00,3,abenteuerland,pur,505682,pop,,hits pur jahre eine band,,280,de,deezer,https://www.deezer.com/track/99127316,"{""pais"":""GT"",""posicion"":3,""es_infantil"":false,""deezer_album_id"":10145702,""deezer_track_id"":99127316,""deezer_artist_id"":241033,""artistas_secundarios"":[]}",completed,
734,2026-03-06 09:55:31.361893+00,4,the gambler,kenny rogers,686614,country,,the gambler,,212,en,deezer,https://www.deezer.com/track/3108438,"{""pais"":""GT"",""posicion"":4,""es_infantil"":false,""deezer_album_id"":300453,""deezer_track_id"":3108438,""deezer_artist_id"":2735,""artistas_secundarios"":[]}",completed,
735,2026-03-06 09:55:35.214166+00,5,guess i just lost my head,karen carpenter,89377,pop,,karen carpenter,,210,en,deezer,https://www.deezer.com/track/2295069,"{""pais"":""GT"",""posicion"":5,""es_infantil"":false,""deezer_album_id"":228833,""deezer_track_id"":2295069,""deezer_artist_id"":146035,""artistas_secundarios"":[]}",completed,
736,2026-03-06 09:55:39.052325+00,6,more than a feeling,boston,740600,rock,,greatest hits,,285,en,deezer,https://www.deezer.com/track/1037414,"{""pais"":""GT"",""posicion"":6,""es_infantil"":false,""deezer_album_id"":113504,""deezer_track_id"":1037414,""deezer_artist_id"":3339,""artistas_secundarios"":[]}",completed,
737,2026-03-06 09:55:41.445374+00,1,let her go,passenger,10233,rock,,let her go,,253,en,deezer,https://www.deezer.com/track/61752797,"{""pais"":""NI"",""posicion"":1,""es_infantil"":false,""deezer_album_id"":6053859,""deezer_track_id"":61752797,""deezer_artist_id"":16398,""artistas_secundarios"":[]}",completed,
738,2026-03-06 09:55:51.01065+00,5,melodrama,disiz,996934,rap,,melodrama,,176,fr,deezer,https://www.deezer.com/track/3558373981,"{""pais"":""US"",""posicion"":5,""es_infantil"":false,""deezer_album_id"":822345001,""deezer_track_id"":3558373981,""deezer_artist_id"":292,""artistas_secundarios"":[]}",completed,
739,2026-03-06 09:55:52.776552+00,6,kusura bakma,blok3,718925,electronica,,kusura bakma,,157,tr,deezer,https://www.deezer.com/track/3674591422,"{""pais"":""US"",""posicion"":6,""es_infantil"":false,""deezer_album_id"":862930612,""deezer_track_id"":3674591422,""deezer_artist_id"":117259882,""artistas_secundarios"":[]}",completed,
740,2026-03-06 09:55:54.495532+00,7,lush life,zara larsson,987028,pop,,so good,,201,en,deezer,https://www.deezer.com/track/144389048,"{""pais"":""US"",""posicion"":7,""es_infantil"":false,""deezer_album_id"":15658900,""deezer_track_id"":144389048,""deezer_artist_id"":4331004,""artistas_secundarios"":[]}",completed,
741,2026-03-06 09:55:56.35907+00,8,argent sale a colors show,larvleuze,999415,electronica,,argent sale a colors show,,164,es,deezer,https://www.deezer.com/track/3837291721,"{""pais"":""US"",""posicion"":8,""error_letra"":""No encontrada en Genius"",""es_infantil"":false,""deezer_album_id"":916704121,""deezer_track_id"":3837291721,""deezer_artist_id"":174484227,""artistas_secundarios"":[]}",error,
742,2026-03-06 09:56:00.401547+00,12,what you want,angele,999434,pop,,what you want,,188,es,deezer,https://www.deezer.com/track/3827212511,"{""pais"":""US"",""posicion"":12,""es_infantil"":false,""deezer_album_id"":912937791,""deezer_track_id"":3827212511,""deezer_artist_id"":1042268,""artistas_secundarios"":[]}",completed,
743,2026-03-06 09:56:02.178785+00,13,yeralt,eypio,674842,reggaeton,,yeralt,,169,es,deezer,https://www.deezer.com/track/3769264752,"{""pais"":""US"",""posicion"":13,""es_infantil"":false,""deezer_album_id"":895861012,""deezer_track_id"":3769264752,""deezer_artist_id"":6732541,""artistas_secundarios"":[]}",completed,
744,2026-03-06 09:56:05.950183+00,14,spa,gims,999858,reggaeton,,spa,,183,es,deezer,https://www.deezer.com/track/3758716202,"{""pais"":""US"",""posicion"":14,""es_infantil"":false,""deezer_album_id"":891920462,""deezer_track_id"":3758716202,""deezer_artist_id"":4429712,""artistas_secundarios"":[]}",completed,
745,2026-03-06 09:56:09.732657+00,15,ordinary,alex warren,990241,electronica,,ordinary,,186,en,deezer,https://www.deezer.com/track/3210709941,"{""pais"":""US"",""posicion"":15,""es_infantil"":false,""deezer_album_id"":705691371,""deezer_track_id"":3210709941,""deezer_artist_id"":541784,""artistas_secundarios"":[]}",completed,
746,2026-03-06 09:56:13.554263+00,17,rainedance,dave,995170,rock,,the boy who played the harp,,221,en,deezer,https://www.deezer.com/track/3616144112,"{""pais"":""US"",""posicion"":17,""es_infantil"":false,""deezer_album_id"":842707462,""deezer_track_id"":3616144112,""deezer_artist_id"":11256100,""artistas_secundarios"":[]}",completed,
747,2026-03-06 09:56:17.385595+00,18,stateside zara larsson,pinkpantheress,981457,pop,,fancy some more,,184,en,deezer,https://www.deezer.com/track/3588926901,"{""pais"":""US"",""posicion"":18,""es_infantil"":false,""deezer_album_id"":833308161,""deezer_track_id"":3588926901,""deezer_artist_id"":122602052,""artistas_secundarios"":[]}",completed,
748,2026-03-06 09:56:21.2558+00,19,gabriela,katseye,991587,reggaeton,,gabriela,,196,es,deezer,https://www.deezer.com/track/3412611901,"{""pais"":""US"",""posicion"":19,""es_infantil"":false,""deezer_album_id"":771888461,""deezer_track_id"":3412611901,""deezer_artist_id"":271210292,""artistas_secundarios"":[]}",completed,
749,2026-03-06 09:56:25.033224+00,20,man i need,olivia dean,991622,pop,,man i need,,184,en,deezer,https://www.deezer.com/track/3503857201,"{""pais"":""US"",""posicion"":20,""es_infantil"":false,""deezer_album_id"":803181741,""deezer_track_id"":3503857201,""deezer_artist_id"":75659582,""artistas_secundarios"":[]}",completed,
750,2026-03-06 09:56:28.883931+00,21,kabede hac lar,abdurrahman onul,596002,other,,kabede hac lar,,175,tr,deezer,https://www.deezer.com/track/3849945731,"{""pais"":""US"",""posicion"":21,""error_letra"":""No encontrada en Genius"",""es_infantil"":false,""deezer_album_id"":921225601,""deezer_track_id"":3849945731,""deezer_artist_id"":304925,""artistas_secundarios"":[]}",error,
751,2026-03-06 09:56:32.764104+00,22,nap yosun mesela,blok3,654661,reggaeton,,virtuoz,,185,es,deezer,https://www.deezer.com/track/3451496391,"{""pais"":""US"",""posicion"":22,""error_letra"":""No encontrada en Genius"",""es_infantil"":false,""deezer_album_id"":785255951,""deezer_track_id"":3451496391,""deezer_artist_id"":117259882,""artistas_secundarios"":[]}",error,
752,2026-03-06 09:56:36.619805+00,24,babydoll,dominic fike,985606,pop,,dont forget about me demos,,98,en,deezer,https://www.deezer.com/track/564326662,"{""pais"":""US"",""posicion"":24,""es_infantil"":false,""deezer_album_id"":74919842,""deezer_track_id"":564326662,""deezer_artist_id"":13864157,""artistas_secundarios"":[]}",completed,
753,2026-03-06 09:56:40.511623+00,27,apt,rose,992741,pop,,apt,,169,en,deezer,https://www.deezer.com/track/3050380851,"{""pais"":""US"",""posicion"":27,""es_infantil"":false,""deezer_album_id"":658285691,""deezer_track_id"":3050380851,""deezer_artist_id"":126335112,""artistas_secundarios"":[]}",completed,
754,2026-03-06 09:56:44.323469+00,29,give it up to me,sean paul,985341,reggaeton,,give it up to me,,243,en,deezer,https://www.deezer.com/track/3957322,"{""pais"":""US"",""posicion"":29,""es_infantil"":false,""deezer_album_id"":369448,""deezer_track_id"":3957322,""deezer_artist_id"":88,""artistas_secundarios"":[]}",completed,
755,2026-03-06 09:56:48.077844+00,30,kalpsiz bir serseri,simge,504108,pop,,kalpsiz bir serseri,,224,tr,deezer,https://www.deezer.com/track/3864214321,"{""pais"":""US"",""posicion"":30,""error_letra"":""No encontrada en Genius"",""es_infantil"":false,""deezer_album_id"":926233061,""deezer_track_id"":3864214321,""deezer_artist_id"":1385987,""artistas_secundarios"":[]}",error,
756,2026-03-06 09:56:51.845502+00,32,papaoutai,mikeeysmind,964322,pop,,papaoutai,,279,en,deezer,https://www.deezer.com/track/3837950551,"{""pais"":""US"",""posicion"":32,""es_infantil"":false,""deezer_album_id"":916919731,""deezer_track_id"":3837950551,""deezer_artist_id"":191403377,""artistas_secundarios"":[]}",completed,
757,2026-03-06 09:56:55.703082+00,33,breaking the habit,linkin park,901918,rock,,meteora,,196,en,deezer,https://www.deezer.com/track/677219,"{""pais"":""US"",""posicion"":33,""es_infantil"":false,""deezer_album_id"":81847,""deezer_track_id"":677219,""deezer_artist_id"":92,""artistas_secundarios"":[]}",completed,
758,2026-03-06 09:56:59.559519+00,34,the winner takes it all,abba,930393,pop,,abba gold,,296,es,deezer,https://www.deezer.com/track/884035,"{""pais"":""US"",""posicion"":34,""es_infantil"":false,""deezer_album_id"":100323,""deezer_track_id"":884035,""deezer_artist_id"":180,""artistas_secundarios"":[]}",completed,
759,2026-03-06 09:57:03.477267+00,36,seni dusundum,cagla,602323,pop,,seni dusundum,,196,tr,deezer,https://www.deezer.com/track/3457584501,"{""pais"":""US"",""posicion"":36,""es_infantil"":false,""deezer_album_id"":787339211,""deezer_track_id"":3457584501,""deezer_artist_id"":5818670,""artistas_secundarios"":[]}",completed,
760,2026-03-06 09:57:07.335054+00,37,me and the devil,soap skin,869026,rock,,sugarbread,,185,en,deezer,https://www.deezer.com/track/64321156,"{""pais"":""US"",""posicion"":37,""es_infantil"":false,""deezer_album_id"":6301633,""deezer_track_id"":64321156,""deezer_artist_id"":258570,""artistas_secundarios"":[]}",completed,
761,2026-03-06 09:57:11.233315+00,38,parisienne,gims,998975,rap,,parisienne,,158,fr|en,deezer,https://www.deezer.com/track/3484365861,"{""pais"":""US"",""posicion"":38,""es_infantil"":false,""deezer_album_id"":796651651,""deezer_track_id"":3484365861,""deezer_artist_id"":4429712,""artistas_secundarios"":[]}",completed,
762,2026-03-06 09:57:15.083841+00,39,yin yang,motive,499993,reggaeton,,yin yang,,180,en,deezer,https://www.deezer.com/track/3836787111,"{""pais"":""US"",""posicion"":39,""es_infantil"":false,""deezer_album_id"":916519141,""deezer_track_id"":3836787111,""deezer_artist_id"":72196,""artistas_secundarios"":[]}",completed,
763,2026-03-06 09:57:18.865979+00,40,la le lu,lichterkinder,580980,electronica,,schlaflieder,,130,es,deezer,https://www.deezer.com/track/1209436532,"{""pais"":""US"",""posicion"":40,""error_letra"":""No encontrada en Genius"",""es_infantil"":false,""deezer_album_id"":200246802,""deezer_track_id"":1209436532,""deezer_artist_id"":8801836,""artistas_secundarios"":[]}",error,
764,2026-03-06 09:57:22.688749+00,41,no batidao,zxkai,960618,reggaeton,,no batidao,,89,es,deezer,https://www.deezer.com/track/3537531961,"{""pais"":""US"",""posicion"":41,""es_infantil"":false,""deezer_album_id"":814897511,""deezer_track_id"":3537531961,""deezer_artist_id"":290724431,""artistas_secundarios"":[]}",completed,
765,2026-03-06 09:57:26.561036+00,42,fever dream,alex warren,996786,electronica,,fever dream,,153,en,deezer,https://www.deezer.com/track/3869647201,"{""pais"":""US"",""posicion"":42,""es_infantil"":false,""deezer_album_id"":928115011,""deezer_track_id"":3869647201,""deezer_artist_id"":541784,""artistas_secundarios"":[]}",completed,
766,2026-03-06 09:57:30.397568+00,43,git,blok3,618391,reggaeton,,virtuoz,,158,es,deezer,https://www.deezer.com/track/3451496401,"{""pais"":""US"",""posicion"":43,""es_infantil"":false,""deezer_album_id"":785255951,""deezer_track_id"":3451496401,""deezer_artist_id"":117259882,""artistas_secundarios"":[]}",completed,
767,2026-03-06 09:57:34.314038+00,44,bms,rambo goyard,998709,reggaeton,,bms,,125,es,deezer,https://www.deezer.com/track/3809346722,"{""pais"":""US"",""posicion"":44,""es_infantil"":false,""deezer_album_id"":907074822,""deezer_track_id"":3809346722,""deezer_artist_id"":127192072,""artistas_secundarios"":[]}",completed,
768,2026-03-06 09:57:38.210005+00,46,poker face,lady gaga,988324,pop,,the fame,,237,en,deezer,https://www.deezer.com/track/2603558,"{""pais"":""US"",""posicion"":46,""es_infantil"":false,""deezer_album_id"":253927,""deezer_track_id"":2603558,""deezer_artist_id"":75491,""artistas_secundarios"":[]}",completed,
769,2026-03-06 09:57:42.010191+00,47,smells like teen spirit,nirvana,955546,rock,,nevermind,,301,en,deezer,https://www.deezer.com/track/13791930,"{""pais"":""US"",""posicion"":47,""es_infantil"":false,""deezer_album_id"":1262014,""deezer_track_id"":13791930,""deezer_artist_id"":415,""artistas_secundarios"":[]}",completed,
770,2026-03-06 09:57:45.843677+00,48,c kmaz bir sokakta,semicenk,611136,rock,,c kmaz bir sokakta,,162,tr,deezer,https://www.deezer.com/track/3600169762,"{""pais"":""US"",""posicion"":48,""error_letra"":""No encontrada en Genius"",""es_infantil"":false,""deezer_album_id"":837285032,""deezer_track_id"":3600169762,""deezer_artist_id"":142875392,""artistas_secundarios"":[]}",error,
771,2026-03-06 09:57:49.619044+00,49,aperture,harry styles,967811,pop,,aperture,,311,en,deezer,https://www.deezer.com/track/3791401032,"{""pais"":""US"",""posicion"":49,""es_infantil"":false,""deezer_album_id"":903024552,""deezer_track_id"":3791401032,""deezer_artist_id"":5313805,""artistas_secundarios"":[]}",completed,
772,2026-03-06 09:57:53.408201+00,50,cevaps z sorular,manga,423255,rock,,sehr i huzun,,272,es,deezer,https://www.deezer.com/track/4765137,"{""pais"":""US"",""posicion"":50,""es_infantil"":false,""deezer_album_id"":438637,""deezer_track_id"":4765137,""deezer_artist_id"":16758,""artistas_secundarios"":[]}",completed,
773,2026-03-06 09:57:57.321218+00,51,love me not,ravyn lenae,988877,pop,,love me not love is blind,,213,en,deezer,https://www.deezer.com/track/2755315691,"{""pais"":""US"",""posicion"":51,""es_infantil"":false,""deezer_album_id"":574707311,""deezer_track_id"":2755315691,""deezer_artist_id"":8973774,""artistas_secundarios"":[]}",completed,
774,2026-03-06 09:58:01.253481+00,52,billie jean,michael jackson,971418,pop,,michael jacksons this is it,,293,en,deezer,https://www.deezer.com/track/4603408,"{""pais"":""US"",""posicion"":52,""error_letra"":""No encontrada en Genius"",""es_infantil"":false,""deezer_album_id"":423368,""deezer_track_id"":4603408,""deezer_artist_id"":259,""artistas_secundarios"":[]}",error,
775,2026-03-06 09:58:05.095623+00,53,bring me to life,evanescence,976882,rock,,fallen,,235,en,deezer,https://www.deezer.com/track/80274512,"{""pais"":""US"",""posicion"":53,""es_infantil"":false,""deezer_album_id"":8015598,""deezer_track_id"":80274512,""deezer_artist_id"":98,""artistas_secundarios"":[]}",completed,
776,2026-03-06 09:58:08.953428+00,54,numb,linkin park,974827,rock,,meteora,,187,en,deezer,https://www.deezer.com/track/677232,"{""pais"":""US"",""posicion"":54,""es_infantil"":false,""deezer_album_id"":81847,""deezer_track_id"":677232,""deezer_artist_id"":92,""artistas_secundarios"":[]}",completed,
777,2026-03-06 09:58:12.759196+00,55,in and out of love,armin van buuren,522195,electronica,,in and out of love,,133,en,deezer,https://www.deezer.com/track/3146538421,"{""pais"":""US"",""posicion"":55,""es_infantil"":false,""deezer_album_id"":685111361,""deezer_track_id"":3146538421,""deezer_artist_id"":10620,""artistas_secundarios"":[]}",completed,
778,2026-03-06 09:58:16.613303+00,56,we are the people,empire of the sun,933867,pop,,walking on a dream,,267,en,deezer,https://www.deezer.com/track/4286053,"{""pais"":""US"",""posicion"":56,""es_infantil"":false,""deezer_album_id"":398684,""deezer_track_id"":4286053,""deezer_artist_id"":185473,""artistas_secundarios"":[]}",completed,
779,2026-03-06 09:58:20.373299+00,57,soleil bleu,bleu soleil,993960,pop,,soleil bleu,,246,fr,deezer,https://www.deezer.com/track/3278913111,"{""pais"":""US"",""posicion"":57,""es_infantil"":false,""deezer_album_id"":727556231,""deezer_track_id"":3278913111,""deezer_artist_id"":270952322,""artistas_secundarios"":[]}",completed,
780,2026-03-06 09:58:24.264151+00,59,risk it all,bruno mars,996648,pop,,the romantic,,204,en,deezer,https://www.deezer.com/track/3867905081,"{""pais"":""US"",""posicion"":59,""es_infantil"":false,""deezer_album_id"":927507111,""deezer_track_id"":3867905081,""deezer_artist_id"":429675,""artistas_secundarios"":[]}",completed,
781,2026-03-06 09:58:28.131945+00,60,seni bana katsam,neco,551904,reggaeton,,seni bana katsam,,208,tr,deezer,https://www.deezer.com/track/1033862242,"{""pais"":""US"",""posicion"":60,""es_infantil"":false,""deezer_album_id"":163212022,""deezer_track_id"":1033862242,""deezer_artist_id"":338278311,""artistas_secundarios"":[]}",completed,
782,2026-03-06 09:58:31.909538+00,61,jump,blackpink,957816,pop,,jump,,164,en,deezer,https://www.deezer.com/track/3454677991,"{""pais"":""US"",""posicion"":61,""es_infantil"":false,""deezer_album_id"":786324441,""deezer_track_id"":3454677991,""deezer_artist_id"":10803980,""artistas_secundarios"":[]}",completed,
783,2026-03-06 09:58:35.709192+00,62,mon bebe,rnboi,997284,reggaeton,,mon bebe,,130,es,deezer,https://www.deezer.com/track/3602108062,"{""pais"":""US"",""posicion"":62,""es_infantil"":false,""deezer_album_id"":837893162,""deezer_track_id"":3602108062,""deezer_artist_id"":172662567,""artistas_secundarios"":[]}",completed,
784,2026-03-06 09:58:39.481061+00,63,bloque,gims,996189,reggaeton,,bloque,,201,es,deezer,https://www.deezer.com/track/3629572332,"{""pais"":""US"",""posicion"":63,""es_infantil"":false,""deezer_album_id"":847327982,""deezer_track_id"":3629572332,""deezer_artist_id"":4429712,""artistas_secundarios"":[]}",completed,
785,2026-03-06 09:58:43.320551+00,64,sen kald n,semicenk,585049,reggaeton,,geciyor zaman,,177,es,deezer,https://www.deezer.com/track/2892514062,"{""pais"":""US"",""posicion"":64,""error_letra"":""No encontrada en Genius"",""es_infantil"":false,""deezer_album_id"":616194572,""deezer_track_id"":2892514062,""deezer_artist_id"":142875392,""artistas_secundarios"":[]}",error,
786,2026-03-06 09:58:47.119171+00,65,yeniden,ragga oktay,553731,reggaeton,,yeniden,,220,tr,deezer,https://www.deezer.com/track/105497138,"{""pais"":""US"",""posicion"":65,""es_infantil"":false,""deezer_album_id"":10990164,""deezer_track_id"":105497138,""deezer_artist_id"":96969,""artistas_secundarios"":[]}",completed,
787,2026-03-06 09:58:50.878356+00,66,sana ragmen,eypio,511516,reggaeton,,sana ragmen,,210,es,deezer,https://www.deezer.com/track/3849518411,"{""pais"":""US"",""posicion"":66,""es_infantil"":false,""deezer_album_id"":921112721,""deezer_track_id"":3849518411,""deezer_artist_id"":6732541,""artistas_secundarios"":[]}",completed,
788,2026-03-06 09:58:54.682929+00,67,creep,radiohead,978547,rock,,pablo honey,,238,en,deezer,https://www.deezer.com/track/138547415,"{""pais"":""US"",""posicion"":67,""es_infantil"":false,""deezer_album_id"":14880711,""deezer_track_id"":138547415,""deezer_artist_id"":399,""artistas_secundarios"":[]}",completed,
789,2026-03-06 09:58:58.614013+00,68,abracadabra,lady gaga,959879,pop,,abracadabra,,223,en,deezer,https://www.deezer.com/track/3214169391,"{""pais"":""US"",""posicion"":68,""es_infantil"":false,""deezer_album_id"":706922941,""deezer_track_id"":3214169391,""deezer_artist_id"":75491,""artistas_secundarios"":[]}",completed,
790,2026-03-06 09:59:02.51519+00,69,to,sombr,991896,reggaeton,,to,,242,es,deezer,https://www.deezer.com/track/3471224101,"{""pais"":""US"",""posicion"":69,""es_infantil"":false,""deezer_album_id"":791892231,""deezer_track_id"":3471224101,""deezer_artist_id"":145468192,""artistas_secundarios"":[]}",completed,
791,2026-03-06 09:59:06.381591+00,70,blinding lights,the weeknd,984833,pop,,after hours,,204,en,deezer,https://www.deezer.com/track/908604612,"{""pais"":""US"",""posicion"":70,""es_infantil"":false,""deezer_album_id"":137217782,""deezer_track_id"":908604612,""deezer_artist_id"":4050205,""artistas_secundarios"":[]}",completed,
792,2026-03-06 09:59:10.246702+00,71,avec moi,rnboi,999577,reggaeton,,avec moi,,182,fr,deezer,https://www.deezer.com/track/3732618262,"{""pais"":""US"",""posicion"":71,""es_infantil"":false,""deezer_album_id"":882696512,""deezer_track_id"":3732618262,""deezer_artist_id"":172662567,""artistas_secundarios"":[]}",completed,
793,2026-03-06 09:59:14.037237+00,72,love you,nono la grinta,995431,reggaeton,,love you,,147,es,deezer,https://www.deezer.com/track/3579710801,"{""pais"":""US"",""posicion"":72,""es_infantil"":false,""deezer_album_id"":829975121,""deezer_track_id"":3579710801,""deezer_artist_id"":194146027,""artistas_secundarios"":[]}",completed,
794,2026-03-06 09:59:17.824337+00,73,lose yourself,eminem,980436,trap,,curtain call the hits,,326,en,deezer,https://www.deezer.com/track/1109731,"{""pais"":""US"",""posicion"":73,""es_infantil"":false,""deezer_album_id"":119606,""deezer_track_id"":1109731,""deezer_artist_id"":13,""artistas_secundarios"":[]}",completed,
795,2026-03-06 09:59:21.568884+00,74,generation impolie,franglish,997985,reggaeton,,generation impolie,,141,es,deezer,https://www.deezer.com/track/3591983602,"{""pais"":""US"",""posicion"":74,""es_infantil"":false,""deezer_album_id"":834360862,""deezer_track_id"":3591983602,""deezer_artist_id"":10695573,""artistas_secundarios"":[]}",completed,
796,2026-03-06 09:59:25.341149+00,75,what you saying,lil uzi vert,987002,trap,,what you saying,,131,en,deezer,https://www.deezer.com/track/3734606262,"{""pais"":""US"",""posicion"":75,""es_infantil"":false,""deezer_album_id"":883208992,""deezer_track_id"":3734606262,""deezer_artist_id"":7101343,""artistas_secundarios"":[]}",completed,
797,2026-03-06 09:59:29.186139+00,76,another love,tom odell,992716,rock,,long way down,,243,en,deezer,https://www.deezer.com/track/65723649,"{""pais"":""US"",""posicion"":76,""es_infantil"":false,""deezer_album_id"":6443018,""deezer_track_id"":65723649,""deezer_artist_id"":4044787,""artistas_secundarios"":[]}",completed,
798,2026-03-06 09:59:33.021114+00,77,sex model,plk,999858,reggaeton,,sex model,,166,es,deezer,https://www.deezer.com/track/3842413311,"{""pais"":""US"",""posicion"":77,""es_infantil"":false,""deezer_album_id"":918242751,""deezer_track_id"":3842413311,""deezer_artist_id"":1479842,""artistas_secundarios"":[]}",completed,
799,2026-03-06 09:59:36.964502+00,79,bir guldun,emre fel,480578,pop,,eyvahlar olsun,,215,tr,deezer,https://www.deezer.com/track/3627149222,"{""pais"":""US"",""posicion"":79,""es_infantil"":false,""deezer_album_id"":846585652,""deezer_track_id"":3627149222,""deezer_artist_id"":72882172,""artistas_secundarios"":[]}",completed,
800,2026-03-06 09:59:40.789399+00,80,gmk,wixo la2s,991767,reggaeton,,gmk,,125,es,deezer,https://www.deezer.com/track/3727841322,"{""pais"":""US"",""posicion"":80,""es_infantil"":false,""deezer_album_id"":881020882,""deezer_track_id"":3727841322,""deezer_artist_id"":145561382,""artistas_secundarios"":[]}",completed,
801,2026-03-06 09:59:44.622286+00,82,wildflower,billie eilish,964181,pop,,hit me hard and soft,,261,en,deezer,https://www.deezer.com/track/2801558062,"{""pais"":""US"",""posicion"":82,""es_infantil"":false,""deezer_album_id"":586786102,""deezer_track_id"":2801558062,""deezer_artist_id"":9635624,""artistas_secundarios"":[]}",completed,
802,2026-03-06 09:59:48.408409+00,83,no broke boys,disco lines,984982,electronica,,no broke boys,,163,en,deezer,https://www.deezer.com/track/3410229851,"{""pais"":""US"",""posicion"":83,""es_infantil"":false,""deezer_album_id"":771059371,""deezer_track_id"":3410229851,""deezer_artist_id"":65148802,""artistas_secundarios"":[]}",completed,
803,2026-03-06 09:59:52.186055+00,84,back to friends,sombr,980345,reggaeton,,back to friends,,199,es,deezer,https://www.deezer.com/track/3151351511,"{""pais"":""US"",""posicion"":84,""es_infantil"":false,""deezer_album_id"":686344041,""deezer_track_id"":3151351511,""deezer_artist_id"":145468192,""artistas_secundarios"":[]}",completed,
804,2026-03-06 09:59:56.002689+00,85,hips dont lie,shakira,708696,reggaeton,,oral fixation vol 2,,221,es,deezer,https://www.deezer.com/track/3389132901,"{""pais"":""US"",""posicion"":85,""es_infantil"":false,""deezer_album_id"":763994911,""deezer_track_id"":3389132901,""deezer_artist_id"":160,""artistas_secundarios"":[]}",completed,
805,2026-03-06 09:59:59.94402+00,87,the dead dance,lady gaga,988788,pop,,the dead dance,,228,en,deezer,https://www.deezer.com/track/3537990861,"{""pais"":""US"",""posicion"":87,""es_infantil"":false,""deezer_album_id"":815082671,""deezer_track_id"":3537990861,""deezer_artist_id"":75491,""artistas_secundarios"":[]}",completed,
806,2026-03-06 10:00:03.840662+00,88,so easy,olivia dean,989620,pop,,the art of loving,,169,en,deezer,https://www.deezer.com/track/3562948071,"{""pais"":""US"",""posicion"":88,""es_infantil"":false,""deezer_album_id"":823933891,""deezer_track_id"":3562948071,""deezer_artist_id"":75659582,""artistas_secundarios"":[]}",completed,
807,2026-03-06 10:00:07.634002+00,89,running up that hill,kate bush,983422,rock,,hounds of love,,298,en,deezer,https://www.deezer.com/track/2173954687,"{""pais"":""US"",""posicion"":89,""es_infantil"":false,""deezer_album_id"":413452427,""deezer_track_id"":2173954687,""deezer_artist_id"":1049,""artistas_secundarios"":[]}",completed,
808,2026-03-06 10:00:11.409608+00,90,soda pop,saja boys,972030,reggaeton,,kpop demon hunters,,150,es,deezer,https://www.deezer.com/track/3412534561,"{""pais"":""US"",""posicion"":90,""es_infantil"":false,""deezer_album_id"":771853201,""deezer_track_id"":3412534561,""deezer_artist_id"":330311471,""artistas_secundarios"":[]}",completed,
809,2026-03-06 10:00:15.201193+00,91,turn the lights off,kato,950946,rock,,turn the lights off,,178,en,deezer,https://www.deezer.com/track/5119642,"{""pais"":""US"",""posicion"":91,""es_infantil"":false,""deezer_album_id"":469679,""deezer_track_id"":5119642,""deezer_artist_id"":293277,""artistas_secundarios"":[]}",completed,
810,2026-03-06 10:00:18.948751+00,92,birds of a feather,billie eilish,963029,pop,,hit me hard and soft,,210,en,deezer,https://www.deezer.com/track/2801558052,"{""pais"":""US"",""posicion"":92,""es_infantil"":false,""deezer_album_id"":586786102,""deezer_track_id"":2801558052,""deezer_artist_id"":9635624,""artistas_secundarios"":[]}",completed,
811,2026-03-06 10:00:22.713854+00,93,homewrecker,sombr,944905,reggaeton,,homewrecker,,209,es,deezer,https://www.deezer.com/track/3794985752,"{""pais"":""US"",""posicion"":93,""es_infantil"":false,""deezer_album_id"":904017142,""deezer_track_id"":3794985752,""deezer_artist_id"":145468192,""artistas_secundarios"":[]}",completed,
812,2026-03-06 10:00:26.580764+00,95,bad dreams,teddy swims,973526,pop,,bad dreams,,184,en,deezer,https://www.deezer.com/track/2972837781,"{""pais"":""US"",""posicion"":95,""es_infantil"":false,""deezer_album_id"":636498021,""deezer_track_id"":2972837781,""deezer_artist_id"":64927672,""artistas_secundarios"":[]}",completed,
813,2026-03-06 10:00:30.467059+00,96,basrol sensin,manifest,462609,trap,,basrol sensin,,193,en,deezer,https://www.deezer.com/track/3832415041,"{""pais"":""US"",""posicion"":96,""es_infantil"":false,""deezer_album_id"":914977001,""deezer_track_id"":3832415041,""deezer_artist_id"":301153511,""artistas_secundarios"":[]}",completed,
814,2026-03-06 10:00:34.273332+00,97,inanmazdum sozune,yuksel baltac,455828,rock,,inanmazdum sozune,,249,tr,deezer,https://www.deezer.com/track/3843042961,"{""pais"":""US"",""posicion"":97,""error_letra"":""No encontrada en Genius"",""es_infantil"":false,""deezer_album_id"":918403571,""deezer_track_id"":3843042961,""deezer_artist_id"":7078111,""artistas_secundarios"":[]}",error,
815,2026-03-06 10:00:38.074034+00,98,les diamants de bokassa,ninho,999856,rap,,mils 4,,152,fr,deezer,https://www.deezer.com/track/3757199932,"{""pais"":""US"",""posicion"":98,""es_infantil"":false,""deezer_album_id"":891336772,""deezer_track_id"":3757199932,""deezer_artist_id"":5542343,""artistas_secundarios"":[]}",completed,
816,2026-03-06 10:00:41.914558+00,99,go,blackpink,994334,pop,,deadline,,195,en,deezer,https://www.deezer.com/track/3866248761,"{""pais"":""US"",""posicion"":99,""es_infantil"":false,""deezer_album_id"":926950431,""deezer_track_id"":3866248761,""deezer_artist_id"":10803980,""artistas_secundarios"":[]}",completed,
817,2026-03-06 10:00:44.470978+00,1,georgia moon,shakey graves,0,rock,,roll the bones,,163,en,deezer,https://www.deezer.com/track/-134988181,"{""pais"":""PR"",""posicion"":1,""es_infantil"":false,""deezer_album_id"":0,""deezer_track_id"":-134988181,""deezer_artist_id"":null,""artistas_secundarios"":[]}",completed,
818,2026-03-06 10:00:48.342113+00,2,i want wind to blow,the microphones,11,rock,,glow pt 2,,332,en,deezer,https://www.deezer.com/track/64733402,"{""pais"":""PR"",""posicion"":2,""es_infantil"":false,""deezer_album_id"":6343450,""deezer_track_id"":64733402,""deezer_artist_id"":73696,""artistas_secundarios"":[]}",completed,
819,2026-03-06 10:00:52.146856+00,3,upward over the mountain,iron wine,7820,rock,,the creek drank the cradle,,356,en,deezer,https://www.deezer.com/track/12801272,"{""pais"":""PR"",""posicion"":3,""es_infantil"":false,""deezer_album_id"":1174470,""deezer_track_id"":12801272,""deezer_artist_id"":1653,""artistas_secundarios"":[]}",completed,
820,2026-03-06 10:00:56.023647+00,4,headless horseman,the microphones,304641,rock,,the glow pt 2,,188,en,deezer,https://www.deezer.com/track/62385178,"{""pais"":""PR"",""posicion"":4,""es_infantil"":false,""deezer_album_id"":6120834,""deezer_track_id"":62385178,""deezer_artist_id"":73696,""artistas_secundarios"":[]}",completed,
821,2026-03-06 10:00:59.875447+00,5,true love will find you in the end,daniel johnston,7873,rock,,,,108,en,deezer,https://www.deezer.com/track/6166224,"{""pais"":""PR"",""posicion"":5,""es_infantil"":false,""deezer_album_id"":563135,""deezer_track_id"":6166224,""deezer_artist_id"":8508,""artistas_secundarios"":[]}",completed,
822,2026-03-06 10:01:03.670897+00,6,wet road,scout niblett,215656,rock,,sweet heart fever,,206,en,deezer,https://www.deezer.com/track/76013717,"{""pais"":""PR"",""posicion"":6,""es_infantil"":false,""deezer_album_id"":7534058,""deezer_track_id"":76013717,""deezer_artist_id"":4382,""artistas_secundarios"":[]}",completed,
823,2026-03-06 10:01:07.502717+00,7,new slang,the shins,3862,rock,,oh inverted world,,231,en,deezer,https://www.deezer.com/track/12803377,"{""pais"":""PR"",""posicion"":7,""es_infantil"":false,""deezer_album_id"":1174661,""deezer_track_id"":12803377,""deezer_artist_id"":1340,""artistas_secundarios"":[]}",completed,
824,2026-03-06 10:01:11.300204+00,8,grave filled,giles corey,15,rock,,giles corey,,241,en,deezer,https://www.deezer.com/track/109763544,"{""pais"":""PR"",""posicion"":8,""es_infantil"":false,""deezer_album_id"":11435228,""deezer_track_id"":109763544,""deezer_artist_id"":9074376,""artistas_secundarios"":[]}",completed,
825,2026-03-06 10:01:15.094762+00,9,built to roam,shakey graves,0,rock,,roll the bones,,191,en,deezer,https://www.deezer.com/track/-134987381,"{""pais"":""PR"",""posicion"":9,""es_infantil"":false,""deezer_album_id"":0,""deezer_track_id"":-134987381,""deezer_artist_id"":null,""artistas_secundarios"":[]}",completed,
826,2026-03-06 10:01:18.906612+00,10,let my baby stay,mac demarco,455001,rock,,salad days,,248,en,deezer,https://www.deezer.com/track/76008445,"{""pais"":""PR"",""posicion"":10,""es_infantil"":false,""deezer_album_id"":7533292,""deezer_track_id"":76008445,""deezer_artist_id"":1619572,""artistas_secundarios"":[]}",completed,
827,2026-03-06 10:01:22.660523+00,11,les copains dabord,georges brassens,830911,rock,,les copains dabord,,241,fr,deezer,https://www.deezer.com/track/2420855,"{""pais"":""PR"",""posicion"":11,""es_infantil"":false,""deezer_album_id"":238679,""deezer_track_id"":2420855,""deezer_artist_id"":671,""artistas_secundarios"":[]}",completed,
828,2026-03-06 10:01:26.452128+00,12,still together,mac demarco,335865,rock,,2,,219,en,deezer,https://www.deezer.com/track/62744406,"{""pais"":""PR"",""posicion"":12,""es_infantil"":false,""deezer_album_id"":6158996,""deezer_track_id"":62744406,""deezer_artist_id"":1619572,""artistas_secundarios"":[]}",completed,
829,2026-03-06 10:01:30.27719+00,13,i wanna love,scout niblett,7866,rock,,loving takes this course a tribute to the songs of kath bloom,,273,en,deezer,https://www.deezer.com/track/63608607,"{""pais"":""PR"",""posicion"":13,""es_infantil"":false,""deezer_album_id"":6249889,""deezer_track_id"":63608607,""deezer_artist_id"":4382,""artistas_secundarios"":[]}",completed,
830,2026-03-06 10:01:34.114015+00,14,ii solar system,the microphones,126436,rock,,mount eerie,,218,en,deezer,https://www.deezer.com/track/62385160,"{""pais"":""PR"",""posicion"":14,""es_infantil"":false,""deezer_album_id"":6120832,""deezer_track_id"":62385160,""deezer_artist_id"":73696,""artistas_secundarios"":[]}",completed,
831,2026-03-06 10:01:37.883112+00,15,look at what the light did now,little wings,103220,rock,,light green leaves,,194,en,deezer,https://www.deezer.com/track/102918078,"{""pais"":""PR"",""posicion"":15,""es_infantil"":false,""deezer_album_id"":10693052,""deezer_track_id"":102918078,""deezer_artist_id"":59216,""artistas_secundarios"":[]}",completed,
832,2026-03-06 10:01:41.609151+00,16,by now,little wings,69332,rock,,explains,,224,en,deezer,https://www.deezer.com/track/100850300,"{""pais"":""PR"",""posicion"":16,""es_infantil"":false,""deezer_album_id"":10465832,""deezer_track_id"":100850300,""deezer_artist_id"":59216,""artistas_secundarios"":[]}",completed,
833,2026-03-06 10:01:45.50046+00,17,choked out,the mountain goats,25566,rock,,beat the champ,,102,en,deezer,https://www.deezer.com/track/97892500,"{""pais"":""PR"",""posicion"":17,""es_infantil"":false,""deezer_album_id"":9969248,""deezer_track_id"":97892500,""deezer_artist_id"":6116,""artistas_secundarios"":[]}",completed,
834,2026-03-06 10:01:49.274245+00,18,no one is ever going to want me,giles corey,9,rock,,giles corey,,494,en,deezer,https://www.deezer.com/track/122864058,"{""pais"":""PR"",""posicion"":18,""es_infantil"":false,""deezer_album_id"":12862744,""deezer_track_id"":122864058,""deezer_artist_id"":9074376,""artistas_secundarios"":[]}",completed,
835,2026-03-06 10:01:53.107941+00,19,great ghosts,the microphones,52376,rock,,live in japan february 19th 21st 22nd,,252,en,deezer,https://www.deezer.com/track/62385164,"{""pais"":""PR"",""posicion"":19,""es_infantil"":false,""deezer_album_id"":6120833,""deezer_track_id"":62385164,""deezer_artist_id"":73696,""artistas_secundarios"":[]}",completed,
836,2026-03-06 10:01:57.036923+00,20,climb over,the microphones,26886,rock,,live in japan february 19th 21st 22nd,,227,en,deezer,https://www.deezer.com/track/62385171,"{""pais"":""PR"",""posicion"":20,""es_infantil"":false,""deezer_album_id"":6120833,""deezer_track_id"":62385171,""deezer_artist_id"":73696,""artistas_secundarios"":[]}",completed,
837,2026-03-06 10:02:00.953604+00,21,place to be,nick drake,25051,rock,,pink moon,,164,en,deezer,https://www.deezer.com/track/2958487,"{""pais"":""PR"",""posicion"":21,""es_infantil"":false,""deezer_album_id"":287659,""deezer_track_id"":2958487,""deezer_artist_id"":2062,""artistas_secundarios"":[]}",completed,
838,2026-03-06 10:02:04.77569+00,22,i hold nothing,mount eerie,6186,rock,,no flashlight,,300,en,deezer,https://www.deezer.com/track/62384964,"{""pais"":""PR"",""posicion"":22,""es_infantil"":false,""deezer_album_id"":6120816,""deezer_track_id"":62384964,""deezer_artist_id"":61583,""artistas_secundarios"":[]}",completed,
839,2026-03-06 10:02:08.62893+00,23,loose sutures,fuzz,140206,rock,,fuzz,,372,en,deezer,https://www.deezer.com/track/70414516,"{""pais"":""PR"",""posicion"":23,""es_infantil"":false,""deezer_album_id"":6910779,""deezer_track_id"":70414516,""deezer_artist_id"":266753,""artistas_secundarios"":[]}",completed,
840,2026-03-06 10:02:12.434146+00,24,no death,mirel wagner,26637,rock,,mirel wagner,,189,es,deezer,https://www.deezer.com/track/13924958,"{""pais"":""PR"",""posicion"":24,""es_infantil"":false,""deezer_album_id"":1275316,""deezer_track_id"":13924958,""deezer_artist_id"":555229,""artistas_secundarios"":[]}",completed,
841,2026-03-06 10:02:16.219175+00,25,horn,nick drake,22222,rock,,pink moon,,79,en,deezer,https://www.deezer.com/track/2958490,"{""pais"":""PR"",""posicion"":25,""error_letra"":""No encontrada en Genius"",""es_infantil"":false,""deezer_album_id"":287659,""deezer_track_id"":2958490,""deezer_artist_id"":2062,""artistas_secundarios"":[]}",error,
842,2026-03-06 10:02:19.971662+00,26,spectral bride,giles corey,134557,electronica,,giles corey,,430,en,deezer,https://www.deezer.com/track/132678204,"{""pais"":""PR"",""posicion"":26,""es_infantil"":false,""deezer_album_id"":14107280,""deezer_track_id"":132678204,""deezer_artist_id"":9074376,""artistas_secundarios"":[]}",completed,
843,2026-03-06 10:02:23.750479+00,27,memento mori,crywank,11741,rock,,tomorrow is nearly yesterday and everyday is stupid,,169,en,deezer,https://www.deezer.com/track/108060266,"{""pais"":""PR"",""posicion"":27,""es_infantil"":false,""deezer_album_id"":11270146,""deezer_track_id"":108060266,""deezer_artist_id"":8932216,""artistas_secundarios"":[]}",completed,
844,2026-03-06 10:02:27.627573+00,28,imnotstickinwithyou,onat onol,1,reggaeton,,the city,,50,en,deezer,https://www.deezer.com/track/117073018,"{""pais"":""PR"",""posicion"":28,""es_infantil"":false,""deezer_album_id"":12145888,""deezer_track_id"":117073018,""deezer_artist_id"":7962868,""artistas_secundarios"":[]}",completed,
845,2026-03-06 10:02:31.44127+00,29,after n young,the microphones,40509,rock,,live in japan february 19th 21st 22nd,,76,en,deezer,https://www.deezer.com/track/62385170,"{""pais"":""PR"",""posicion"":29,""es_infantil"":false,""deezer_album_id"":6120833,""deezer_track_id"":62385170,""deezer_artist_id"":73696,""artistas_secundarios"":[]}",completed,
846,2026-03-06 10:02:35.236576+00,30,scandinavian crush,craft spells,73960,rock,,idle labor,,208,en,deezer,https://www.deezer.com/track/64733631,"{""pais"":""PR"",""posicion"":30,""es_infantil"":false,""deezer_album_id"":6343474,""deezer_track_id"":64733631,""deezer_artist_id"":984409,""artistas_secundarios"":[]}",completed,
847,2026-03-06 10:02:39.045767+00,31,people ii the reckoning,ajj,9020,rock,,people who can eat people are the luckiest people in the world,,248,en,deezer,https://www.deezer.com/track/10973704,"{""pais"":""PR"",""posicion"":31,""es_infantil"":false,""deezer_album_id"":1004237,""deezer_track_id"":10973704,""deezer_artist_id"":9869368,""artistas_secundarios"":[]}",completed,
848,2026-03-06 10:02:42.862069+00,32,to cure what ails,shakey graves,0,rock,,roll the bones,,240,en,deezer,https://www.deezer.com/track/-134989771,"{""pais"":""PR"",""posicion"":32,""es_infantil"":false,""deezer_album_id"":0,""deezer_track_id"":-134989771,""deezer_artist_id"":null,""artistas_secundarios"":[]}",completed,
849,2026-03-06 10:02:46.676487+00,33,two headed boy,neutral milk hotel,21291,rock,,in the aeroplane over the sea,,265,en,deezer,https://www.deezer.com/track/4315129,"{""pais"":""PR"",""posicion"":33,""es_infantil"":false,""deezer_album_id"":401331,""deezer_track_id"":4315129,""deezer_artist_id"":2189,""artistas_secundarios"":[]}",completed,
850,2026-03-06 10:02:50.463676+00,34,the gardener,the tallest man on earth,329065,rock,,shallow grave,,237,en,deezer,https://www.deezer.com/track/75926042,"{""pais"":""PR"",""posicion"":34,""es_infantil"":false,""deezer_album_id"":7524739,""deezer_track_id"":75926042,""deezer_artist_id"":390168,""artistas_secundarios"":[]}",completed,
851,2026-03-06 10:02:54.243957+00,35,something good,alt j,7788,rock,,an awesome wave,,218,en,deezer,https://www.deezer.com/track/18063015,"{""pais"":""PR"",""posicion"":35,""es_infantil"":false,""deezer_album_id"":1695172,""deezer_track_id"":18063015,""deezer_artist_id"":1606315,""artistas_secundarios"":[]}",completed,
852,2026-03-06 10:02:58.122154+00,36,until the morning,akron family,53189,rock,,sub verses,,300,en,deezer,https://www.deezer.com/track/66555176,"{""pais"":""PR"",""posicion"":36,""es_infantil"":false,""deezer_album_id"":6510951,""deezer_track_id"":66555176,""deezer_artist_id"":4379,""artistas_secundarios"":[]}",completed,
853,2026-03-06 10:03:01.903213+00,37,rejoice,ajj,18315,pop,,people who can eat people are the luckiest people in the world,,195,en,deezer,https://www.deezer.com/track/10973696,"{""pais"":""PR"",""posicion"":37,""es_infantil"":false,""deezer_album_id"":1004237,""deezer_track_id"":10973696,""deezer_artist_id"":9869368,""artistas_secundarios"":[]}",completed,
854,2026-03-06 10:03:05.75534+00,38,winston churchills boy,benjamin clementine,137800,rock,,at least for now,,337,en,deezer,https://www.deezer.com/track/93102384,"{""pais"":""PR"",""posicion"":38,""es_infantil"":false,""deezer_album_id"":9454314,""deezer_track_id"":93102384,""deezer_artist_id"":4806921,""artistas_secundarios"":[]}",completed,
855,2026-03-06 10:03:09.573039+00,39,no other heart,mac demarco,664790,rock,,another one,,173,en,deezer,https://www.deezer.com/track/103791660,"{""pais"":""PR"",""posicion"":39,""es_infantil"":false,""deezer_album_id"":10795966,""deezer_track_id"":103791660,""deezer_artist_id"":1619572,""artistas_secundarios"":[]}",completed,
856,2026-03-06 10:03:13.332011+00,40,look on down from the bridge,mazzy star,568161,rock,,among my swan,,287,en,deezer,https://www.deezer.com/track/3130630,"{""pais"":""PR"",""posicion"":40,""es_infantil"":false,""deezer_album_id"":301802,""deezer_track_id"":3130630,""deezer_artist_id"":1306,""artistas_secundarios"":[]}",completed,
857,2026-03-06 10:03:17.113987+00,41,between the bars,elliott smith,8906,rock,,an introduction to,,142,en,deezer,https://www.deezer.com/track/7435004,"{""pais"":""PR"",""posicion"":41,""es_infantil"":false,""deezer_album_id"":685944,""deezer_track_id"":7435004,""deezer_artist_id"":1023,""artistas_secundarios"":[]}",completed,
858,2026-03-06 10:03:20.90609+00,42,thirteen thirtyfive,dillon,577,electronica,,this silence kills,,223,en,deezer,https://www.deezer.com/track/14049306,"{""pais"":""PR"",""posicion"":42,""es_infantil"":false,""deezer_album_id"":1287210,""deezer_track_id"":14049306,""deezer_artist_id"":178452,""artistas_secundarios"":[]}",completed,
859,2026-03-06 10:03:24.745553+00,43,repenti,renan luce,3425,reggaeton,,repenti,,246,es,deezer,https://www.deezer.com/track/907017,"{""pais"":""PR"",""posicion"":43,""es_infantil"":false,""deezer_album_id"":102427,""deezer_track_id"":907017,""deezer_artist_id"":14015,""artistas_secundarios"":[]}",completed,
860,2026-03-06 10:03:28.684668+00,44,le dahut,mai lan,101467,reggaeton,,mai lan,,507,fr,deezer,https://www.deezer.com/track/56675521,"{""pais"":""PR"",""posicion"":44,""es_infantil"":false,""deezer_album_id"":5535021,""deezer_track_id"":56675521,""deezer_artist_id"":1373547,""artistas_secundarios"":[]}",completed,
861,2026-03-06 10:03:32.554565+00,45,hallelujah,jeff buckley,6846,rock,,grace,,414,en,deezer,https://www.deezer.com/track/7674955,"{""pais"":""PR"",""posicion"":45,""es_infantil"":false,""deezer_album_id"":708665,""deezer_track_id"":7674955,""deezer_artist_id"":664,""artistas_secundarios"":[]}",completed,
862,2026-03-06 10:03:36.318082+00,46,no more tears,ajj,16337,pop,,people who can eat people are the luckiest people in the world,,62,en,deezer,https://www.deezer.com/track/10973700,"{""pais"":""PR"",""posicion"":46,""es_infantil"":false,""deezer_album_id"":1004237,""deezer_track_id"":10973700,""deezer_artist_id"":9869368,""artistas_secundarios"":[]}",completed,
863,2026-03-06 10:03:40.095145+00,47,apple bed,sparklehorse,24983,rock,,its a wonderful life,,294,en,deezer,https://www.deezer.com/track/3231801,"{""pais"":""PR"",""posicion"":47,""es_infantil"":false,""deezer_album_id"":308886,""deezer_track_id"":3231801,""deezer_artist_id"":1301,""artistas_secundarios"":[]}",completed,
864,2026-03-06 10:03:43.998445+00,48,atrophy,the antlers,18700,rock,,hospice,,460,en,deezer,https://www.deezer.com/track/12317342,"{""pais"":""PR"",""posicion"":48,""es_infantil"":false,""deezer_album_id"":1131593,""deezer_track_id"":12317342,""deezer_artist_id"":300265,""artistas_secundarios"":[]}",completed,
865,2026-03-06 10:03:47.767546+00,49,i felt your shape,the microphones,332288,rock,,the glow pt 2,,114,en,deezer,https://www.deezer.com/track/62385192,"{""pais"":""PR"",""posicion"":49,""es_infantil"":false,""deezer_album_id"":6120834,""deezer_track_id"":62385192,""deezer_artist_id"":73696,""artistas_secundarios"":[]}",completed,
866,2026-03-06 10:03:51.525061+00,50,instrumental 2,the microphones,159334,rock,,the glow pt 2,,112,en,deezer,https://www.deezer.com/track/62385191,"{""pais"":""PR"",""posicion"":50,""error_letra"":""No encontrada en Genius"",""es_infantil"":false,""deezer_album_id"":6120834,""deezer_track_id"":62385191,""deezer_artist_id"":73696,""artistas_secundarios"":[]}",error,
867,2026-03-06 10:03:55.364074+00,51,kettering,the antlers,1459,rock,,hospice,,305,en,deezer,https://www.deezer.com/track/12317340,"{""pais"":""PR"",""posicion"":51,""es_infantil"":false,""deezer_album_id"":1131593,""deezer_track_id"":12317340,""deezer_artist_id"":300265,""artistas_secundarios"":[]}",completed,
868,2026-03-06 10:03:59.291902+00,52,light green leaves,little wings,22390,pop,,light green leaves,,123,en,deezer,https://www.deezer.com/track/102918086,"{""pais"":""PR"",""posicion"":52,""es_infantil"":false,""deezer_album_id"":10693052,""deezer_track_id"":102918086,""deezer_artist_id"":59216,""artistas_secundarios"":[]}",completed,
869,2026-03-06 10:04:03.17021+00,53,john allyn smith sails,okkervil river,168279,rock,,the stage names,,273,en,deezer,https://www.deezer.com/track/75987930,"{""pais"":""PR"",""posicion"":53,""es_infantil"":false,""deezer_album_id"":7531270,""deezer_track_id"":75987930,""deezer_artist_id"":1241,""artistas_secundarios"":[]}",completed,
870,2026-03-06 10:04:06.966754+00,54,walking the cow,daniel johnston,32517,rock,,welcome to my world,,214,en,deezer,https://www.deezer.com/track/3974129,"{""pais"":""PR"",""posicion"":54,""es_infantil"":false,""deezer_album_id"":371636,""deezer_track_id"":3974129,""deezer_artist_id"":8508,""artistas_secundarios"":[]}",completed,
871,2026-03-06 10:04:10.882743+00,55,clearing,grouper,210336,electronica,,ruins,,281,en,deezer,https://www.deezer.com/track/83073078,"{""pais"":""PR"",""posicion"":55,""es_infantil"":false,""deezer_album_id"":8342058,""deezer_track_id"":83073078,""deezer_artist_id"":402944,""artistas_secundarios"":[]}",completed,
872,2026-03-06 10:04:14.650422+00,56,careless soul,daniel johnston,22225,rock,,,,142,en,deezer,https://www.deezer.com/track/6166226,"{""pais"":""PR"",""posicion"":56,""es_infantil"":false,""deezer_album_id"":563135,""deezer_track_id"":6166226,""deezer_artist_id"":8508,""artistas_secundarios"":[]}",completed,
873,2026-03-06 10:04:18.402714+00,57,youre a big boy now,john sebastian,869,rock,,rhino hi five john sebastian,,170,en,deezer,https://www.deezer.com/track/749161,"{""pais"":""PR"",""posicion"":57,""es_infantil"":false,""deezer_album_id"":88711,""deezer_track_id"":749161,""deezer_artist_id"":14233,""artistas_secundarios"":[]}",completed,
874,2026-03-06 10:04:22.362869+00,59,for what its worth,buffalo springfield,680301,rock,,the best of buffalo springfield retrospective,,160,en,deezer,https://www.deezer.com/track/2813176,"{""pais"":""PR"",""posicion"":59,""es_infantil"":false,""deezer_album_id"":273240,""deezer_track_id"":2813176,""deezer_artist_id"":905,""artistas_secundarios"":[]}",completed,
875,2026-03-06 10:04:26.220935+00,60,should have known better,sufjan stevens,706333,rock,,carrie lowell,,308,en,deezer,https://www.deezer.com/track/96861532,"{""pais"":""PR"",""posicion"":60,""es_infantil"":false,""deezer_album_id"":9859372,""deezer_track_id"":96861532,""deezer_artist_id"":1999,""artistas_secundarios"":[]}",completed,
876,2026-03-06 10:04:30.148024+00,61,waiting for a superman,iron wine,25194,rock,,around the well,,274,en,deezer,https://www.deezer.com/track/12802652,"{""pais"":""PR"",""posicion"":61,""es_infantil"":false,""deezer_album_id"":1174594,""deezer_track_id"":12802652,""deezer_artist_id"":1653,""artistas_secundarios"":[]}",completed,
877,2026-03-06 10:04:33.979291+00,62,le gorille,georges brassens,25222,rock,,integrale des albums originaux,,196,fr,deezer,https://www.deezer.com/track/7438098,"{""pais"":""PR"",""posicion"":62,""es_infantil"":false,""deezer_album_id"":686252,""deezer_track_id"":7438098,""deezer_artist_id"":671,""artistas_secundarios"":[]}",completed,
878,2026-03-06 10:04:37.78358+00,63,small hands,keaton henson,471426,rock,,dear,,181,en,deezer,https://www.deezer.com/track/17530538,"{""pais"":""PR"",""posicion"":63,""es_infantil"":false,""deezer_album_id"":1640368,""deezer_track_id"":17530538,""deezer_artist_id"":258817,""artistas_secundarios"":[]}",completed,
879,2026-03-06 10:04:41.646239+00,64,civilian,wye oak,15888,rock,,civilian,,220,en,deezer,https://www.deezer.com/track/12215038,"{""pais"":""PR"",""posicion"":64,""es_infantil"":false,""deezer_album_id"":1121857,""deezer_track_id"":12215038,""deezer_artist_id"":181770,""artistas_secundarios"":[]}",completed,
880,2026-03-06 10:04:45.45293+00,65,tout a disparu,derniere volonte,18425,rock|pop,,ne te retourne pas,,162,fr,deezer,https://www.deezer.com/track/21573911,"{""pais"":""PR"",""posicion"":65,""es_infantil"":false,""deezer_album_id"":2060201,""deezer_track_id"":21573911,""deezer_artist_id"":1247239,""artistas_secundarios"":[]}",completed,
881,2026-03-06 10:04:49.30697+00,66,darling effect,insides,450369,rock,,euphoria,,303,en,deezer,https://www.deezer.com/track/944620,"{""pais"":""PR"",""posicion"":66,""es_infantil"":false,""deezer_album_id"":106286,""deezer_track_id"":944620,""deezer_artist_id"":75924,""artistas_secundarios"":[]}",completed,
882,2026-03-06 10:04:53.081544+00,67,the pugilist,keaton henson,317433,rock,,kindly now,,249,en,deezer,https://www.deezer.com/track/132015860,"{""pais"":""PR"",""posicion"":67,""es_infantil"":false,""deezer_album_id"":14027820,""deezer_track_id"":132015860,""deezer_artist_id"":258817,""artistas_secundarios"":[]}",completed,
883,2026-03-06 10:04:56.918603+00,68,weird around you,eerie summer,14,pop,,the way i dont understand anything anymore,,241,en,deezer,https://www.deezer.com/track/126526425,"{""pais"":""PR"",""posicion"":68,""es_infantil"":false,""deezer_album_id"":13328515,""deezer_track_id"":126526425,""deezer_artist_id"":10522013,""artistas_secundarios"":[]}",completed,
884,2026-03-06 10:05:00.716773+00,69,where lies my tarp,the microphones,23058,rock,,the glow pt 2 disc two other songs destroyed versions,,228,en,deezer,https://www.deezer.com/track/62385195,"{""pais"":""PR"",""posicion"":69,""es_infantil"":false,""deezer_album_id"":6120835,""deezer_track_id"":62385195,""deezer_artist_id"":73696,""artistas_secundarios"":[]}",completed,
885,2026-03-06 10:05:04.552348+00,70,young,frankie cosmos,229071,rock,,fit me in,,122,en,deezer,https://www.deezer.com/track/109576236,"{""pais"":""PR"",""posicion"":70,""es_infantil"":false,""deezer_album_id"":11415174,""deezer_track_id"":109576236,""deezer_artist_id"":5518845,""artistas_secundarios"":[]}",completed,
886,2026-03-06 10:05:08.348911+00,71,im so tired,fugazi,10167,rock,,instrument soundtrack,,118,en,deezer,https://www.deezer.com/track/7853553,"{""pais"":""PR"",""posicion"":71,""es_infantil"":false,""deezer_album_id"":725002,""deezer_track_id"":7853553,""deezer_artist_id"":2873,""artistas_secundarios"":[]}",completed,
887,2026-03-06 10:05:12.221895+00,72,i love how you love me,jeff mangum,190571,rock,,live at jittery joes,,206,en,deezer,https://www.deezer.com/track/115607558,"{""pais"":""PR"",""posicion"":72,""es_infantil"":false,""deezer_album_id"":11979202,""deezer_track_id"":115607558,""deezer_artist_id"":391975,""artistas_secundarios"":[]}",completed,
888,2026-03-06 10:05:15.978065+00,73,you cant live there forever,the world is a beautiful place i am no longer afraid to die,6837,rock,,harmlessness,,241,en,deezer,https://www.deezer.com/track/107465732,"{""pais"":""PR"",""posicion"":73,""es_infantil"":false,""deezer_album_id"":11204798,""deezer_track_id"":107465732,""deezer_artist_id"":1438774,""artistas_secundarios"":[]}",completed,
889,2026-03-06 10:05:19.87904+00,74,flesh and bone,keaton henson,139721,rock,,dear,,273,en,deezer,https://www.deezer.com/track/17530539,"{""pais"":""PR"",""posicion"":74,""es_infantil"":false,""deezer_album_id"":1640368,""deezer_track_id"":17530539,""deezer_artist_id"":258817,""artistas_secundarios"":[]}",completed,
890,2026-03-06 10:05:23.776824+00,75,bad bad things,ajj,21114,rock,,people who can eat people are the luckiest people in the world,,119,en,deezer,https://www.deezer.com/track/10973699,"{""pais"":""PR"",""posicion"":75,""es_infantil"":false,""deezer_album_id"":1004237,""deezer_track_id"":10973699,""deezer_artist_id"":9869368,""artistas_secundarios"":[]}",completed,
891,2026-03-06 10:05:27.71527+00,76,fool,frankie cosmos,622469,rock,,next thing,,124,en,deezer,https://www.deezer.com/track/120749290,"{""pais"":""PR"",""posicion"":76,""es_infantil"":false,""deezer_album_id"":12601178,""deezer_track_id"":120749290,""deezer_artist_id"":5518845,""artistas_secundarios"":[]}",completed,
892,2026-03-06 10:05:31.535609+00,77,living room,grouper,186114,electronica,,the man who died in his boat,,142,en,deezer,https://www.deezer.com/track/63461498,"{""pais"":""PR"",""posicion"":77,""es_infantil"":false,""deezer_album_id"":6234680,""deezer_track_id"":63461498,""deezer_artist_id"":402944,""artistas_secundarios"":[]}",completed,
893,2026-03-06 10:05:35.429774+00,78,call,julianna barwick,26731,electronica,,pacing,,315,en,deezer,https://www.deezer.com/track/64633882,"{""pais"":""PR"",""posicion"":78,""es_infantil"":false,""deezer_album_id"":6332068,""deezer_track_id"":64633882,""deezer_artist_id"":399572,""artistas_secundarios"":[]}",completed,
894,2026-03-06 10:05:39.217692+00,79,beached,julianna barwick,138244,rock,,will,,248,en,deezer,https://www.deezer.com/track/122330180,"{""pais"":""PR"",""posicion"":79,""error_letra"":""No encontrada en Genius"",""es_infantil"":false,""deezer_album_id"":12797464,""deezer_track_id"":122330180,""deezer_artist_id"":399572,""artistas_secundarios"":[]}",error,
895,2026-03-06 10:05:43.044574+00,80,blowin in the wind,bob dylan,545463,rock,,folk gospel blues will the circle be unbroken,,166,en,deezer,https://www.deezer.com/track/830771,"{""pais"":""PR"",""posicion"":80,""es_infantil"":false,""deezer_album_id"":96020,""deezer_track_id"":830771,""deezer_artist_id"":808,""artistas_secundarios"":[]}",completed,
896,2026-03-06 10:05:46.815651+00,81,lescalier,the pirouettes,10166,pop,,carrement carrement,,208,en,deezer,https://www.deezer.com/track/125914487,"{""pais"":""PR"",""posicion"":81,""es_infantil"":false,""deezer_album_id"":13249605,""deezer_track_id"":125914487,""deezer_artist_id"":4855048,""artistas_secundarios"":[]}",completed,
897,2026-03-06 10:05:50.676303+00,83,seashore,oh yoko,2760,pop,,seashore,,430,en,deezer,https://www.deezer.com/track/112719742,"{""pais"":""PR"",""posicion"":83,""es_infantil"":false,""deezer_album_id"":11681292,""deezer_track_id"":112719742,""deezer_artist_id"":6980683,""artistas_secundarios"":[]}",completed,
898,2026-03-06 10:05:54.531301+00,85,moi je joue,brigitte bardot,516959,pop,,les plus belles chansons de brigitte bardot,,103,fr,deezer,https://www.deezer.com/track/1101443,"{""pais"":""PR"",""posicion"":85,""es_infantil"":false,""deezer_album_id"":118826,""deezer_track_id"":1101443,""deezer_artist_id"":6196,""artistas_secundarios"":[]}",completed,
899,2026-03-06 10:05:58.370993+00,86,too dark,frankie cosmos,208737,rock,,next thing,,164,en,deezer,https://www.deezer.com/track/120749294,"{""pais"":""PR"",""posicion"":86,""es_infantil"":false,""deezer_album_id"":12601178,""deezer_track_id"":120749294,""deezer_artist_id"":5518845,""artistas_secundarios"":[]}",completed,
900,2026-03-06 10:06:02.320782+00,87,ravens,mount eerie,176942,rock,,a crow looked at me,,399,en,deezer,https://www.deezer.com/track/139649923,"{""pais"":""PR"",""posicion"":87,""es_infantil"":false,""deezer_album_id"":15021195,""deezer_track_id"":139649923,""deezer_artist_id"":61583,""artistas_secundarios"":[]}",completed,
901,2026-03-06 10:06:06.129569+00,88,we might be dead by tomorrow,soko,17487,pop,,i thought i was an alien,,161,en,deezer,https://www.deezer.com/track/68951246,"{""pais"":""PR"",""posicion"":88,""es_infantil"":false,""deezer_album_id"":6755681,""deezer_track_id"":68951246,""deezer_artist_id"":13636,""artistas_secundarios"":[]}",completed,
902,2026-03-06 10:06:09.993743+00,90,by this river,brian eno,370279,rock,,before and after science,,183,en,deezer,https://www.deezer.com/track/3093662,"{""pais"":""PR"",""posicion"":90,""es_infantil"":false,""deezer_album_id"":299484,""deezer_track_id"":3093662,""deezer_artist_id"":2042,""artistas_secundarios"":[]}",completed,
903,2026-03-06 10:06:13.766574+00,91,little window,ducktails,17,rock,,ducktails iii arcade dynamics,,82,en,deezer,https://www.deezer.com/track/11114062,"{""pais"":""PR"",""posicion"":91,""error_letra"":""No encontrada en Genius"",""es_infantil"":false,""deezer_album_id"":1016803,""deezer_track_id"":11114062,""deezer_artist_id"":385106,""artistas_secundarios"":[]}",error,
904,2026-03-06 10:06:17.588794+00,92,ill not contain you,the microphones,191780,rock,,the glow pt 2,,170,en,deezer,https://www.deezer.com/track/62385184,"{""pais"":""PR"",""posicion"":92,""es_infantil"":false,""deezer_album_id"":6120834,""deezer_track_id"":62385184,""deezer_artist_id"":73696,""artistas_secundarios"":[]}",completed,
905,2026-03-06 10:06:21.41476+00,93,slighted by mirah,the microphones,32407,rock,,blood,,129,en,deezer,https://www.deezer.com/track/62385269,"{""pais"":""PR"",""posicion"":93,""es_infantil"":false,""deezer_album_id"":6120840,""deezer_track_id"":62385269,""deezer_artist_id"":73696,""artistas_secundarios"":[]}",completed,
906,2026-03-06 10:06:25.283893+00,94,marriage,thanksgiving,10351,rock,,welcome nowhere,,250,en,deezer,https://www.deezer.com/track/62385995,"{""pais"":""PR"",""posicion"":94,""es_infantil"":false,""deezer_album_id"":6120891,""deezer_track_id"":62385995,""deezer_artist_id"":60591,""artistas_secundarios"":[]}",completed,
907,2026-03-06 10:06:29.137917+00,95,just ice,thanksgiving,18390,rock,,welcome nowhere,,149,en,deezer,https://www.deezer.com/track/62385992,"{""pais"":""PR"",""posicion"":95,""es_infantil"":false,""deezer_album_id"":6120891,""deezer_track_id"":62385992,""deezer_artist_id"":60591,""artistas_secundarios"":[]}",completed,
908,2026-03-06 10:06:32.986334+00,96,nowhere,thanksgiving,40244,rock,,welcome nowhere,,188,en,deezer,https://www.deezer.com/track/62385997,"{""pais"":""PR"",""posicion"":96,""es_infantil"":false,""deezer_album_id"":6120891,""deezer_track_id"":62385997,""deezer_artist_id"":60591,""artistas_secundarios"":[]}",completed,
909,2026-03-06 10:06:36.737465+00,97,auntarctica,thanksgiving,15796,rock,,welcome nowhere,,210,en,deezer,https://www.deezer.com/track/62386006,"{""pais"":""PR"",""posicion"":97,""es_infantil"":false,""deezer_album_id"":6120891,""deezer_track_id"":62386006,""deezer_artist_id"":60591,""artistas_secundarios"":[]}",completed,
910,2026-03-06 10:06:40.516577+00,98,matilda,alt j,10151,rock,,an awesome wave,,229,en,deezer,https://www.deezer.com/track/61005370,"{""pais"":""PR"",""posicion"":98,""es_infantil"":false,""deezer_album_id"":5972193,""deezer_track_id"":61005370,""deezer_artist_id"":1606315,""artistas_secundarios"":[]}",completed,
911,2026-03-06 10:06:44.310408+00,99,john im only dancing,vivian girls,13,rock,,john im only dancing,,119,en,deezer,https://www.deezer.com/track/104858994,"{""pais"":""PR"",""posicion"":99,""es_infantil"":false,""deezer_album_id"":10917068,""deezer_track_id"":104858994,""deezer_artist_id"":148442,""artistas_secundarios"":[]}",completed,
912,2026-03-06 17:35:37.400655+00,15,cuando no era cantante remix,el bogueto,755342,reggaeton,,cuando no era cantante remix,,327,es,deezer,https://www.deezer.com/track/3703400922,"{""pais"":""PY"",""posicion"":15,""error_letra"":""No encontrada en Genius"",""es_infantil"":false,""deezer_album_id"":873052852,""deezer_track_id"":3703400922,""deezer_artist_id"":198777307,""artistas_secundarios"":[]}",error,
913,2026-03-06 17:35:45.562766+00,66,volando remix,mora,689386,reggaeton,,volando remix,,273,es,deezer,https://www.deezer.com/track/1425937972,"{""pais"":""PY"",""posicion"":66,""error_letra"":""No encontrada en Genius"",""es_infantil"":false,""deezer_album_id"":242452202,""deezer_track_id"":1425937972,""deezer_artist_id"":3922661,""artistas_secundarios"":[]}",error,
914,2026-03-06 17:36:01.284625+00,9,sail remix,awolnation,342908,rock|electronica,,re sail,,349,en,deezer,https://www.deezer.com/track/17701755,"{""pais"":""CL"",""posicion"":9,""es_infantil"":false,""deezer_album_id"":1660368,""deezer_track_id"":17701755,""deezer_artist_id"":515697,""artistas_secundarios"":[]}",completed,
915,2026-03-06 17:36:15.379914+00,29,the sun remix,parov stelar,165042,electronica,,the sun remix,,210,en,deezer,https://www.deezer.com/track/101541774,"{""pais"":""EC"",""posicion"":29,""es_infantil"":false,""deezer_album_id"":10541968,""deezer_track_id"":101541774,""deezer_artist_id"":3452,""artistas_secundarios"":[]}",completed,
916,2026-03-06 17:36:18.594378+00,53,runaway remix,galantis,359213,electronica,,runaway remix,,203,en,deezer,https://www.deezer.com/track/102610238,"{""pais"":""EC"",""posicion"":53,""es_infantil"":false,""deezer_album_id"":10660624,""deezer_track_id"":102610238,""deezer_artist_id"":3265001,""artistas_secundarios"":[]}",completed,
917,2026-03-06 17:36:20.57377+00,55,klanga remix,gostan,436518,reggaeton,,klanga,,264,es,deezer,https://www.deezer.com/track/89904353,"{""pais"":""EC"",""posicion"":55,""es_infantil"":false,""deezer_album_id"":9105309,""deezer_track_id"":89904353,""deezer_artist_id"":5928675,""artistas_secundarios"":[]}",completed,
918,2026-03-06 17:36:23.506118+00,74,in my mind remix,ivan gough,27433,electronica,,tomorrowland,,400,en,deezer,https://www.deezer.com/track/73943286,"{""pais"":""EC"",""posicion"":74,""es_infantil"":false,""deezer_album_id"":4795381,""deezer_track_id"":73943286,""deezer_artist_id"":1686430,""artistas_secundarios"":[]}",completed,
919,2026-03-06 17:36:34.225374+00,37,best friend remix,cent,493333,reggaeton,,best of cent,,254,es,deezer,https://www.deezer.com/track/145429552,"{""pais"":""VE"",""posicion"":37,""error_letra"":""No encontrada en Genius"",""es_infantil"":false,""deezer_album_id"":15801900,""deezer_track_id"":145429552,""deezer_artist_id"":66,""artistas_secundarios"":[]}",error,
920,2026-03-06 17:36:39.221427+00,74,ramukanji remix,onetox,22096,reggaeton,,streets of honiara affirmation iv,,202,es,deezer,https://www.deezer.com/track/476808722,"{""pais"":""VE"",""posicion"":74,""error_letra"":""No encontrada en Genius"",""es_infantil"":false,""deezer_album_id"":59639152,""deezer_track_id"":476808722,""deezer_artist_id"":4709670,""artistas_secundarios"":[]}",error,
921,2026-03-06 17:36:56.874307+00,36,saanson ko remix,sharib toshi,14,other,,arijit singh muskurane ki wajah tum ho,,341,other,deezer,https://www.deezer.com/track/95408774,"{""pais"":""MX"",""posicion"":36,""error_letra"":""No encontrada en Genius"",""es_infantil"":false,""deezer_album_id"":9707860,""deezer_track_id"":95408774,""deezer_artist_id"":5263676,""artistas_secundarios"":[]}",error,
922,2026-03-06 17:36:58.753876+00,38,tere bina remix,rahat fateh ali khan,13,pop,,bollywood dance  vol 1 remix,,320,en,deezer,https://www.deezer.com/track/63892409,"{""pais"":""MX"",""posicion"":38,""error_letra"":""No encontrada en Genius"",""es_infantil"":false,""deezer_album_id"":6268511,""deezer_track_id"":63892409,""deezer_artist_id"":126453,""artistas_secundarios"":[]}",error,
923,2026-03-06 17:37:18.52813+00,10,letmybabystay,mac demarco,455001,rock,,salad days,,248,en,deezer,https://www.deezer.com/track/76008445,"{""pais"":""PR"",""posicion"":10,""error_letra"":""No encontrada en Genius"",""es_infantil"":false,""deezer_album_id"":7533292,""deezer_track_id"":76008445,""deezer_artist_id"":1619572,""artistas_secundarios"":[]}",error,
924,2026-03-06 17:37:25.696407+00,89,lethergo,mac demarco,480267,rock,,salad days,,183,en,deezer,https://www.deezer.com/track/76008443,"{""pais"":""PR"",""posicion"":89,""es_infantil"":false,""deezer_album_id"":7533292,""deezer_track_id"":76008443,""deezer_artist_id"":1619572,""artistas_secundarios"":[]}",completed,
925,2026-03-06 18:50:35.077498+00,1,go m v,blackpink,41728223,pop|electronica,,,,202,es|en|pt|other,youtube,https://youtube.com/watch?v=2GJfWMYCWY0,"{""pais"":""PE"",""posicion"":1,""thumbnail"":""https://i.ytimg.com/vi/2GJfWMYCWY0/hqdefault.jpg"",""like_count"":""3294385"",""error_letra"":""No encontrada en Genius"",""es_infantil"":false,""comment_count"":""275027"",""youtube_channel"":""BLACKPINK"",""youtube_video_id"":""2GJfWMYCWY0"",""artistas_secundarios"":[]}",error,
926,2026-03-06 18:50:37.628041+00,4,llorando tu partida,desconocido,184727,reggaeton,,,,229,es,youtube,https://youtube.com/watch?v=1NVfxp0JPgU,"{""pais"":""PE"",""posicion"":4,""thumbnail"":""https://i.ytimg.com/vi/1NVfxp0JPgU/hqdefault.jpg"",""like_count"":""1117"",""es_infantil"":false,""comment_count"":""0"",""youtube_channel"":""Ada y La Nueva Pasión - Topic"",""youtube_video_id"":""1NVfxp0JPgU"",""artistas_secundarios"":[]}",completed,
927,2026-03-06 18:50:39.856016+00,5,segun quien,maluma,629740,reggaeton,,,,143,es,youtube,https://youtube.com/watch?v=OXPoAJA9Pho,"{""pais"":""PE"",""posicion"":5,""thumbnail"":""https://i.ytimg.com/vi/OXPoAJA9Pho/hqdefault.jpg"",""like_count"":""454"",""es_infantil"":false,""comment_count"":""3"",""youtube_channel"":""Pisteo y Compas"",""youtube_video_id"":""OXPoAJA9Pho"",""artistas_secundarios"":[""carin leon""]}",completed,
928,2026-03-06 18:50:41.884089+00,6,franco danos skillmartinez novaltbeatz,me cuido,171200,reggaeton,,,,227,es,youtube,https://youtube.com/watch?v=EKLLyYIVJO0,"{""pais"":""PE"",""posicion"":6,""thumbnail"":""https://i.ytimg.com/vi/EKLLyYIVJO0/hqdefault.jpg"",""like_count"":""8999"",""error_letra"":""No encontrada en Genius"",""es_infantil"":false,""comment_count"":""559"",""youtube_channel"":""Franco Danós "",""youtube_video_id"":""EKLLyYIVJO0"",""artistas_secundarios"":[""skillmartinez novaltbeatz""]}",error,
929,2026-03-06 18:50:43.520488+00,7,algo tu,shakira,792700,reggaeton,,,,214,es,youtube,https://youtube.com/watch?v=DKyvZY5zf_U,"{""pais"":""PE"",""posicion"":7,""thumbnail"":""https://i.ytimg.com/vi/DKyvZY5zf_U/hqdefault.jpg"",""like_count"":""37698"",""es_infantil"":false,""comment_count"":""3972"",""youtube_channel"":""Shakira"",""youtube_video_id"":""DKyvZY5zf_U"",""artistas_secundarios"":[""beele""]}",completed,
930,2026-03-06 18:50:45.161425+00,8,vente pa ca,ricky martin,888125,reggaeton,,,,260,es,youtube,https://youtube.com/watch?v=3kixZSFqugg,"{""pais"":""PE"",""posicion"":8,""thumbnail"":""https://i.ytimg.com/vi/3kixZSFqugg/hqdefault.jpg"",""like_count"":""1662"",""es_infantil"":false,""comment_count"":""8"",""youtube_channel"":""GOD LYRICS"",""youtube_video_id"":""3kixZSFqugg"",""artistas_secundarios"":[]}",completed,
931,2026-03-06 18:50:46.797746+00,9,tu carcel,morat,1103710,reggaeton,,,,216,es,youtube,https://youtube.com/watch?v=L8pZug4x3GQ,"{""pais"":""PE"",""posicion"":9,""thumbnail"":""https://i.ytimg.com/vi/L8pZug4x3GQ/hqdefault.jpg"",""like_count"":""43405"",""es_infantil"":false,""comment_count"":""1869"",""youtube_channel"":""Morat"",""youtube_video_id"":""L8pZug4x3GQ"",""artistas_secundarios"":[]}",completed,
932,2026-03-06 18:50:48.746107+00,10,grupo niche,una aventura,294549,reggaeton,,,,318,es,youtube,https://youtube.com/watch?v=rPLcLO3MPMo,"{""pais"":""PE"",""posicion"":10,""thumbnail"":""https://i.ytimg.com/vi/rPLcLO3MPMo/hqdefault.jpg"",""like_count"":""430"",""es_infantil"":false,""comment_count"":""2"",""youtube_channel"":""La Cueva Fiestera"",""youtube_video_id"":""rPLcLO3MPMo"",""artistas_secundarios"":[]}",completed,
933,2026-03-06 18:50:50.792749+00,11,hubo alguien,marc anthony,424178,reggaeton,,,,384,es,youtube,https://youtube.com/watch?v=9dyFWKP_TPk,"{""pais"":""PE"",""posicion"":28,""thumbnail"":""https://i.ytimg.com/vi/9dyFWKP_TPk/hqdefault.jpg"",""like_count"":""1230"",""es_infantil"":false,""comment_count"":""4"",""youtube_channel"":""FireFly"",""youtube_video_id"":""9dyFWKP_TPk"",""artistas_secundarios"":[]}",completed,
934,2026-03-06 18:50:52.533144+00,12,necio,romeo santos,661603,reggaeton,,,,265,es,youtube,https://youtube.com/watch?v=kr_0_cMd5Ks,"{""pais"":""PE"",""posicion"":12,""thumbnail"":""https://i.ytimg.com/vi/kr_0_cMd5Ks/hqdefault.jpg"",""like_count"":""590"",""es_infantil"":false,""comment_count"":""2"",""youtube_channel"":""Amore Lyrics"",""youtube_video_id"":""kr_0_cMd5Ks"",""artistas_secundarios"":[""carlos santana""]}",completed,
935,2026-03-06 18:50:54.186934+00,13,yo quiero el sei66eis,hades66,1570210,reggaeton,,,,148,es,youtube,https://youtube.com/watch?v=R4ONYly2wWI,"{""pais"":""PE"",""posicion"":13,""thumbnail"":""https://i.ytimg.com/vi/R4ONYly2wWI/hqdefault.jpg"",""like_count"":""55046"",""error_letra"":""No encontrada en Genius"",""es_infantil"":false,""comment_count"":""1279"",""youtube_channel"":""Hades 66"",""youtube_video_id"":""R4ONYly2wWI"",""artistas_secundarios"":[]}",error,
936,2026-03-06 18:50:55.824633+00,14,caraluna,bacilos,418946,pop,,,,270,es,youtube,https://youtube.com/watch?v=LAd8S6vh4lc,"{""pais"":""PE"",""posicion"":14,""thumbnail"":""https://i.ytimg.com/vi/LAd8S6vh4lc/hqdefault.jpg"",""like_count"":""621"",""es_infantil"":false,""comment_count"":""7"",""youtube_channel"":""Romantic Music"",""youtube_video_id"":""LAd8S6vh4lc"",""artistas_secundarios"":[]}",completed,
937,2026-03-06 18:50:57.863828+00,15,sin pijama,becky g,838489,reggaeton|pop|trap|bachata|cumbia|rock|electronica|other,,,,189,es|en|pt|other,youtube,https://youtube.com/watch?v=UXgQRW2TAAk,"{""pais"":""PE"",""posicion"":15,""thumbnail"":""https://i.ytimg.com/vi/UXgQRW2TAAk/hqdefault.jpg"",""like_count"":""2194"",""es_infantil"":false,""comment_count"":""25"",""youtube_channel"":""nostalgia lyrics."",""youtube_video_id"":""UXgQRW2TAAk"",""artistas_secundarios"":[""natti natasha""]}",completed,
938,2026-03-06 18:50:59.622426+00,16,idilio,willie colon,1146284,reggaeton,,,,312,es,youtube,https://youtube.com/watch?v=z1mISUYDEiA,"{""pais"":""PE"",""posicion"":16,""thumbnail"":""https://i.ytimg.com/vi/z1mISUYDEiA/hqdefault.jpg"",""like_count"":""2615"",""es_infantil"":false,""comment_count"":""101"",""youtube_channel"":""SEIKO"",""youtube_video_id"":""z1mISUYDEiA"",""artistas_secundarios"":[]}",completed,
939,2026-03-06 18:51:01.280884+00,17,26is jeyceu jaico lilchori,g5,144767,reggaeton,,,,164,es,youtube,https://youtube.com/watch?v=mUUiKVWeT_w,"{""pais"":""PE"",""posicion"":17,""thumbnail"":""https://i.ytimg.com/vi/mUUiKVWeT_w/hqdefault.jpg"",""like_count"":""11712"",""error_letra"":""No encontrada en Genius"",""es_infantil"":false,""comment_count"":""796"",""youtube_channel"":""26is"",""youtube_video_id"":""mUUiKVWeT_w"",""artistas_secundarios"":[]}",error,
940,2026-03-06 18:51:02.569915+00,18,tu boda,oscar maydon,940405,reggaeton,,,,227,es,youtube,https://youtube.com/watch?v=hDdlYrzY4kc,"{""pais"":""PE"",""posicion"":18,""thumbnail"":""https://i.ytimg.com/vi/hDdlYrzY4kc/hqdefault.jpg"",""like_count"":""1334"",""es_infantil"":false,""comment_count"":""19"",""youtube_channel"":""Urbanmx Ly"",""youtube_video_id"":""hDdlYrzY4kc"",""artistas_secundarios"":[]}",completed,
941,2026-03-06 18:51:04.409173+00,19,calm down,rema,1844330,reggaeton,,,,220,es,youtube,https://youtube.com/watch?v=6zqivy_xRqE,"{""pais"":""PE"",""posicion"":19,""thumbnail"":""https://i.ytimg.com/vi/6zqivy_xRqE/hqdefault.jpg"",""like_count"":""5936"",""es_infantil"":false,""comment_count"":""32"",""youtube_channel"":""Moonshine"",""youtube_video_id"":""6zqivy_xRqE"",""artistas_secundarios"":[]}",completed,
942,2026-03-06 18:51:06.152085+00,20,tonto,j balvin,4273260,reggaeton,,,,202,es,youtube,https://youtube.com/watch?v=7hJ00483eN4,"{""pais"":""PE"",""posicion"":20,""thumbnail"":""https://i.ytimg.com/vi/7hJ00483eN4/hqdefault.jpg"",""like_count"":""116180"",""es_infantil"":false,""comment_count"":""4725"",""youtube_channel"":""jbalvinVEVO"",""youtube_video_id"":""7hJ00483eN4"",""artistas_secundarios"":[""ryan castro"",""dj snake""]}",completed,
943,2026-03-06 18:51:07.788807+00,21,flor palida,marc anthony,209852,reggaeton,,,,281,es,youtube,https://youtube.com/watch?v=gZMfP5iIevk,"{""pais"":""PE"",""posicion"":21,""thumbnail"":""https://i.ytimg.com/vi/gZMfP5iIevk/hqdefault.jpg"",""like_count"":""241"",""es_infantil"":false,""comment_count"":""1"",""youtube_channel"":""Love Trip"",""youtube_video_id"":""gZMfP5iIevk"",""artistas_secundarios"":[]}",completed,
944,2026-03-06 18:51:09.424696+00,22,making love out of nothing at all,air supply,1730067,rock|pop|other,,,,342,es|en|pt|other,youtube,https://youtube.com/watch?v=vj8Da6-_yy8,"{""pais"":""PE"",""posicion"":22,""thumbnail"":""https://i.ytimg.com/vi/vj8Da6-_yy8/hqdefault.jpg"",""like_count"":""6044"",""es_infantil"":false,""comment_count"":""46"",""youtube_channel"":""Richie Lyrics"",""youtube_video_id"":""vj8Da6-_yy8"",""artistas_secundarios"":[]}",completed,
945,2026-03-06 18:51:11.061021+00,23,historia de taxi,ricardo arjona,325471,bachata,,,,369,es,youtube,https://youtube.com/watch?v=vChbtu-Mlnk,"{""pais"":""PE"",""posicion"":23,""thumbnail"":""https://i.ytimg.com/vi/vChbtu-Mlnk/hqdefault.jpg"",""like_count"":""412"",""es_infantil"":false,""comment_count"":""4"",""youtube_channel"":""Bold Retro"",""youtube_video_id"":""vChbtu-Mlnk"",""artistas_secundarios"":[]}",completed,
946,2026-03-06 18:51:12.805362+00,24,lloviendo estrellas,cristian castro,138957,reggaeton,,,,258,es,youtube,https://youtube.com/watch?v=A0ZHOBWH8PU,"{""pais"":""PE"",""posicion"":24,""thumbnail"":""https://i.ytimg.com/vi/A0ZHOBWH8PU/hqdefault.jpg"",""like_count"":""216"",""es_infantil"":false,""comment_count"":""4"",""youtube_channel"":""Puro Rock"",""youtube_video_id"":""A0ZHOBWH8PU"",""artistas_secundarios"":[]}",completed,
947,2026-03-06 18:51:14.451407+00,25,imitadora,romeo santos,293256,reggaeton,,,,236,es,youtube,https://youtube.com/watch?v=a2mBKC5Unmg,"{""pais"":""PE"",""posicion"":25,""thumbnail"":""https://i.ytimg.com/vi/a2mBKC5Unmg/hqdefault.jpg"",""like_count"":""452"",""es_infantil"":false,""comment_count"":""13"",""youtube_channel"":""LyricHype"",""youtube_video_id"":""a2mBKC5Unmg"",""artistas_secundarios"":[]}",completed,
948,2026-03-06 18:51:16.111278+00,26,loco enamorado,abraham mateo farruko christian daniel,101293,reggaeton,,,,253,es,youtube,https://youtube.com/watch?v=6C3JSzCF82Q,"{""pais"":""PE"",""posicion"":26,""thumbnail"":""https://i.ytimg.com/vi/6C3JSzCF82Q/hqdefault.jpg"",""like_count"":""266"",""es_infantil"":false,""comment_count"":""3"",""youtube_channel"":""Musica Milagrosa"",""youtube_video_id"":""6C3JSzCF82Q"",""artistas_secundarios"":[""christian daniel""]}",completed,
949,2026-03-06 18:51:17.941155+00,27,te fuiste de aqui,reik,269312,reggaeton,,,,224,es,youtube,https://youtube.com/watch?v=r_ocwYLqLTI,"{""pais"":""PE"",""posicion"":27,""thumbnail"":""https://i.ytimg.com/vi/r_ocwYLqLTI/hqdefault.jpg"",""like_count"":""492"",""es_infantil"":false,""comment_count"":""6"",""youtube_channel"":""RIXELUS"",""youtube_video_id"":""r_ocwYLqLTI"",""artistas_secundarios"":[]}",completed,
950,2026-03-06 18:51:19.672667+00,28,wo oh oh,omar courtz roa,5542384,reggaeton,,,,270,es,youtube,https://youtube.com/watch?v=nONFnjR5VFI,"{""pais"":""PE"",""posicion"":28,""thumbnail"":""https://i.ytimg.com/vi/nONFnjR5VFI/hqdefault.jpg"",""like_count"":""87671"",""es_infantil"":false,""comment_count"":""1928"",""youtube_channel"":""Omar Courtz"",""youtube_video_id"":""nONFnjR5VFI"",""artistas_secundarios"":[]}",completed,
951,2026-03-06 18:51:21.513452+00,29,las estrellas de la cumbia en vivo,mix cantinero,157122,cumbia,,,,445,es,youtube,https://youtube.com/watch?v=CbKoV0qgmSI,"{""pais"":""PE"",""posicion"":29,""thumbnail"":""https://i.ytimg.com/vi/CbKoV0qgmSI/hqdefault.jpg"",""like_count"":""1433"",""es_infantil"":false,""comment_count"":""102"",""youtube_channel"":""Las Estrellas De La Cumbia"",""youtube_video_id"":""CbKoV0qgmSI"",""artistas_secundarios"":[]}",completed,
952,2026-03-06 18:51:23.355109+00,30,gozalo brazilian funk phonk,ariis,2604949,funk|phonk,,,,145,pt|es,youtube,https://youtube.com/watch?v=veMq6pMqczo,"{""pais"":""PE"",""posicion"":30,""thumbnail"":""https://i.ytimg.com/vi/veMq6pMqczo/hqdefault.jpg"",""like_count"":""10905"",""es_infantil"":false,""comment_count"":""158"",""youtube_channel"":""Mid9PHONK"",""youtube_video_id"":""veMq6pMqczo"",""artistas_secundarios"":[""feat.""]}",completed,
953,2026-03-07 04:23:25.686967+00,,la gran dedicacion,ivan villazon,0,opera,,recopilacion alberto santos romero,2024,299,es,spotify_search,https://open.spotify.com/track/4OrTPMldYUE8oIwETmKAYM,"{""pais"":""CO"",""error_letra"":""No encontrada en Genius"",""es_infantil"":false,""todos_artistas"":""Ivan Villazon"",""spotify_track_id"":""4OrTPMldYUE8oIwETmKAYM"",""artistas_secundarios"":[]}",error,
954,2026-03-07 04:27:06.865138+00,,medio friends,danny ocean,0,reggaeton,,joyas perdidas,2024,149,es,spotify_search,https://open.spotify.com/track/2nDL3emXFWE4r4cWcXhTvm,"{""pais"":""CO"",""es_infantil"":false,""todos_artistas"":""Danny Ocean"",""spotify_track_id"":""2nDL3emXFWE4r4cWcXhTvm"",""artistas_secundarios"":[]}",completed,
955,2026-03-07 04:27:11.451781+00,,this is colombia,pirlo,0,reggaeton,,el androide,2025,156,es,spotify_search,https://open.spotify.com/track/1pnK2LlYNzYbiJ7KyMgn7E,"{""pais"":""CO"",""es_infantil"":false,""todos_artistas"":""Pirlo, El Americano 4KT"",""spotify_track_id"":""1pnK2LlYNzYbiJ7KyMgn7E"",""artistas_secundarios"":[]}",completed,
956,2026-03-07 04:27:16.001601+00,,colombian,tribal kush,0,reggaeton,,colombian,2024,143,es,spotify_search,https://open.spotify.com/track/36189VClfEFA0xZ28LJ0AU,"{""pais"":""CO"",""es_infantil"":false,""todos_artistas"":""Tribal Kush, Basta Lion, Kybba"",""spotify_track_id"":""36189VClfEFA0xZ28LJ0AU"",""artistas_secundarios"":[]}",completed,
957,2026-03-07 04:27:20.523756+00,,sanka,ryan castro,0,reggaeton,,sende,2025,155,es,spotify_search,https://open.spotify.com/track/46ufabZP6oK3ixmN6Gd753,"{""pais"":""CO"",""es_infantil"":false,""todos_artistas"":""Ryan Castro, Dongo"",""spotify_track_id"":""46ufabZP6oK3ixmN6Gd753"",""artistas_secundarios"":[]}",completed,
958,2026-03-07 04:27:24.981691+00,,ultra complicado ryan castro version,kenny die,0,reggaeton,,ultra complicado ryan castro version,2025,170,es,spotify_search,https://open.spotify.com/track/1No3PlwIHeS3dNTIAjV76S,"{""pais"":""CO"",""es_infantil"":false,""todos_artistas"":""Kenny Die, Ryan Castro"",""spotify_track_id"":""1No3PlwIHeS3dNTIAjV76S"",""artistas_secundarios"":[]}",completed,
959,2026-03-07 04:27:29.499187+00,,oe bebe,blessd,0,reggaeton,,oe bebe,2024,186,es,spotify_search,https://open.spotify.com/track/57pj5sOWSCAqZm088LMcE4,"{""pais"":""CO"",""es_infantil"":false,""todos_artistas"":""Blessd, Maluma"",""spotify_track_id"":""57pj5sOWSCAqZm088LMcE4"",""artistas_secundarios"":[]}",completed,
960,2026-03-07 05:01:26.57396+00,,colombia,jaycc,0,reggaeton,,colombia,2024,139,es,spotify_search,https://open.spotify.com/track/06JuYmYPvFUwRdRUMkBfYW,"{""pais"":""CO"",""es_infantil"":false,""todos_artistas"":""Jaycc"",""spotify_track_id"":""06JuYmYPvFUwRdRUMkBfYW"",""artistas_secundarios"":[]}",completed,
961,2026-03-07 05:01:32.223716+00,,colombiana,elemece,0,reggaeton,,colombiana,2025,166,es,spotify_search,https://open.spotify.com/track/6KnM1tRkiFL9ogqAalnrny,"{""pais"":""CO"",""es_infantil"":false,""todos_artistas"":""Elemece, Almanegra"",""spotify_track_id"":""6KnM1tRkiFL9ogqAalnrny"",""artistas_secundarios"":[]}",completed,
962,2026-03-07 05:01:37.859576+00,,urus blue,blessd,0,reggaeton,,urus blue,2025,207,es,spotify_search,https://open.spotify.com/track/3vTCoIm1kizVoy9O5KNtAG,"{""pais"":""CO"",""es_infantil"":false,""todos_artistas"":""Blessd, Los Money Makers, Prodmonja"",""spotify_track_id"":""3vTCoIm1kizVoy9O5KNtAG"",""artistas_secundarios"":[]}",completed,
963,2026-03-07 05:01:43.214583+00,,ni x el putxs,ryan castro,0,reggaeton,,ni x el putxs,2025,187,es,spotify_search,https://open.spotify.com/track/1KL5rlmHCcyqkoGHjsle8v,"{""pais"":""CO"",""es_infantil"":false,""todos_artistas"":""Ryan Castro, Kris R."",""spotify_track_id"":""1KL5rlmHCcyqkoGHjsle8v"",""artistas_secundarios"":[]}",completed,
964,2026-03-07 05:01:49.301479+00,,yunoguara bonus track,blessd,0,reggaeton,,trinidad bendita,2025,146,es,spotify_search,https://open.spotify.com/track/0bI3FYUqolu9UO7hkeq72p,"{""pais"":""CO"",""es_infantil"":false,""todos_artistas"":""Blessd"",""spotify_track_id"":""0bI3FYUqolu9UO7hkeq72p"",""artistas_secundarios"":[]}",completed,
965,2026-03-07 05:01:54.638988+00,,colombian style remix,caracol television,0,other,,la reina del flow 3,2026,67,es,spotify_search,https://open.spotify.com/track/7lZpKO3dul792tlRuja7xL,"{""pais"":""CO"",""error_letra"":""No encontrada en Genius"",""es_infantil"":false,""todos_artistas"":""Caracol Televisión, Valka, Triana, Kiño, Juan Palau, Rapza, Kapuleto, Mc Arthur"",""spotify_track_id"":""7lZpKO3dul792tlRuja7xL"",""artistas_secundarios"":[]}",error,
966,2026-03-07 05:02:00.618689+00,,el tierno,yeison jimenez,0,other,,el tierno,2024,166,es,spotify_search,https://open.spotify.com/track/6W94uSiipjqPHeg4SsW8mf,"{""pais"":""CO"",""es_infantil"":false,""todos_artistas"":""Yeison Jimenez, DFZM"",""spotify_track_id"":""6W94uSiipjqPHeg4SsW8mf"",""artistas_secundarios"":[]}",completed,
967,2026-03-07 05:02:06.091263+00,,magia,blessd,0,reggaeton,,blessdeluxury,2024,189,es,spotify_search,https://open.spotify.com/track/45oMyfpfU6b6rJO8UKkCkG,"{""pais"":""CO"",""es_infantil"":false,""todos_artistas"":""Blessd"",""spotify_track_id"":""45oMyfpfU6b6rJO8UKkCkG"",""artistas_secundarios"":[]}",completed,
968,2026-03-07 05:02:11.452298+00,,papacito,blessd,0,reggaeton,,blessdeluxury,2024,200,es,spotify_search,https://open.spotify.com/track/4dmK2mmHgCcQZ3EWQopoKz,"{""pais"":""CO"",""es_infantil"":false,""todos_artistas"":""Blessd"",""spotify_track_id"":""4dmK2mmHgCcQZ3EWQopoKz"",""artistas_secundarios"":[]}",completed,
969,2026-03-07 05:02:16.153793+00,,amarte mas no pude,diomedes diaz,0,other,,exitos diomedes diaz y joe arroyo,2025,286,es,spotify_search,https://open.spotify.com/track/0oTn6wwj6KdI5Gzdcujf9Z,"{""pais"":""CO"",""es_infantil"":false,""todos_artistas"":""Diomedes Diaz, Juancho Rois"",""spotify_track_id"":""0oTn6wwj6KdI5Gzdcujf9Z"",""artistas_secundarios"":[]}",completed,
970,2026-03-07 05:02:22.31835+00,,el ritmo que nos une,ryan castro,0,reggaeton,,el ritmo que nos une,2024,189,es,spotify_search,https://open.spotify.com/track/79IBoMfFn67UI15YkP1FSp,"{""pais"":""CO"",""es_infantil"":false,""todos_artistas"":""Ryan Castro, SOG"",""spotify_track_id"":""79IBoMfFn67UI15YkP1FSp"",""artistas_secundarios"":[]}",completed,
971,2026-03-07 05:02:27.973675+00,,la colombiana,juliana,0,reggaeton,,la colombiana,2024,166,es,spotify_search,https://open.spotify.com/track/0L4vNSaf47SbElTWneJUU5,"{""pais"":""CO"",""error_letra"":""No encontrada en Genius"",""es_infantil"":false,""todos_artistas"":""Juliana"",""spotify_track_id"":""0L4vNSaf47SbElTWneJUU5"",""artistas_secundarios"":[]}",error,
972,2026-03-07 05:02:33.163341+00,,miu miu,blessd,0,reggaeton,,extraditablessd,2025,348,es,spotify_search,https://open.spotify.com/track/1btsXTZnL2wVSW8oDWvjMM,"{""pais"":""CO"",""es_infantil"":false,""todos_artistas"":""Blessd, Kris R., Young Fatty, TURY, CARABIN3, GeezyDee"",""spotify_track_id"":""1btsXTZnL2wVSW8oDWvjMM"",""artistas_secundarios"":[]}",completed,
973,2026-03-07 05:02:39.09439+00,,ojitos rojos remix,blessd,0,reggaeton,,si sabe,2024,203,es,spotify_search,https://open.spotify.com/track/2CBcMmYzUemXGeEJ16NHHh,"{""pais"":""CO"",""error_letra"":""No encontrada en Genius"",""es_infantil"":false,""todos_artistas"":""Blessd, Ryan Castro, SOG"",""spotify_track_id"":""2CBcMmYzUemXGeEJ16NHHh"",""artistas_secundarios"":[]}",error,
974,2026-03-07 05:09:32.255211+00,,yogurcito,blessd,0,reggaeton,,blessdeluxury,2024,183,es,spotify_search,https://open.spotify.com/track/6rZno3nqeT7hv2PnSWRuYS,"{""pais"":""CO"",""es_infantil"":false,""todos_artistas"":""Blessd"",""spotify_track_id"":""6rZno3nqeT7hv2PnSWRuYS"",""artistas_secundarios"":[]}",completed,
975,2026-03-07 05:09:37.168476+00,,,karol g,0,reggaeton,,,2024,298,es,spotify_search,https://open.spotify.com/track/3mg9jYNC1NihbthlglzrWP,"{""pais"":""CO"",""error_letra"":""No encontrada en Genius"",""es_infantil"":false,""todos_artistas"":""KAROL G, Feid, DFZM, Ovy On The Drums, J Balvin, Maluma, Ryan Castro, Blessd"",""spotify_track_id"":""3mg9jYNC1NihbthlglzrWP"",""artistas_secundarios"":[]}",error,
976,2026-03-07 05:09:42.442814+00,,virales en insta,jf colombia,0,reggaeton,,virales en insta,2024,169,es,spotify_search,https://open.spotify.com/track/5JLYqA08RKkV38njYhh6Bu,"{""pais"":""CO"",""error_letra"":""No encontrada en Genius"",""es_infantil"":false,""todos_artistas"":""jf colombia, chawy ky"",""spotify_track_id"":""5JLYqA08RKkV38njYhh6Bu"",""artistas_secundarios"":[]}",error,
977,2026-03-07 05:09:47.663146+00,,tendencia global,blessd,0,reggaeton,,siempre blessd,2022,234,es,spotify_search,https://open.spotify.com/track/2TCklWS3S4Zg6e2m2MBoYm,"{""pais"":""CO"",""es_infantil"":false,""todos_artistas"":""Blessd, Myke Towers, Ovy On The Drums"",""spotify_track_id"":""2TCklWS3S4Zg6e2m2MBoYm"",""artistas_secundarios"":[]}",completed,
978,2026-03-07 05:09:52.712908+00,,nueva york,blessd,0,reggaeton,,trinidad bendita,2025,214,es,spotify_search,https://open.spotify.com/track/5U3sC7aA5NxoMSeI1kmO2n,"{""pais"":""CO"",""es_infantil"":false,""todos_artistas"":""Blessd, Los Money Makers, Prodmonja"",""spotify_track_id"":""5U3sC7aA5NxoMSeI1kmO2n"",""artistas_secundarios"":[]}",completed,
979,2026-03-07 05:09:57.41597+00,,viral,ras twm,0,reggaeton,,viral,2023,205,es,spotify_search,https://open.spotify.com/track/3dWtSBWkAvL8zb1xhOHJX4,"{""pais"":""CO"",""es_infantil"":false,""todos_artistas"":""Ras TWM"",""spotify_track_id"":""3dWtSBWkAvL8zb1xhOHJX4"",""artistas_secundarios"":[]}",completed,
980,2026-03-07 05:10:02.26611+00,,hotel,west blanco,0,pop,,hotel,2024,241,es,spotify_search,https://open.spotify.com/track/6E8nqsc7pOshr6NvEY3FaA,"{""pais"":""CO"",""error_letra"":""No encontrada en Genius"",""es_infantil"":false,""todos_artistas"":""West Blanco, Philip Ariaz"",""spotify_track_id"":""6E8nqsc7pOshr6NvEY3FaA"",""artistas_secundarios"":[]}",error,
981,2026-03-07 05:10:06.917547+00,,instagram,blessd,0,reggaeton,,instagram,2022,162,es,spotify_search,https://open.spotify.com/track/0EFxJw34fK8DWlTxx9qYeW,"{""pais"":""CO"",""es_infantil"":false,""todos_artistas"":""Blessd"",""spotify_track_id"":""0EFxJw34fK8DWlTxx9qYeW"",""artistas_secundarios"":[]}",completed,
982,2026-03-07 05:10:11.650174+00,,diomedez,blessd,0,trap,,diomedez,2025,198,es,spotify_search,https://open.spotify.com/track/6qDTm2QbRSLlSmaUSJE6bF,"{""pais"":""CO"",""es_infantil"":false,""todos_artistas"":""Blessd, GeezyDee"",""spotify_track_id"":""6qDTm2QbRSLlSmaUSJE6bF"",""artistas_secundarios"":[]}",completed,
983,2026-03-07 05:10:16.593037+00,,de diciembre,blessd,0,reggaeton,,extraditablessd,2025,281,es,spotify_search,https://open.spotify.com/track/2hScMilrNzlbD9VD88t7jD,"{""pais"":""CO"",""es_infantil"":false,""todos_artistas"":""Blessd, Kris R., Young Fatty, TURY, CARABIN3, GeezyDee"",""spotify_track_id"":""2hScMilrNzlbD9VD88t7jD"",""artistas_secundarios"":[]}",completed,
984,2026-03-07 05:10:21.655135+00,,nos vamos viral,way influencer,0,pop,,afrobeat colombia,2025,185,es,spotify_search,https://open.spotify.com/track/3xpug6UFG8CGp483D77LEo,"{""pais"":""CO"",""es_infantil"":false,""todos_artistas"":""Way Influencer"",""spotify_track_id"":""3xpug6UFG8CGp483D77LEo"",""artistas_secundarios"":[]}",completed,
985,2026-03-07 05:10:26.444988+00,,apaga la luz,blejo,0,reggaeton,,de colombia pal mundo,2025,183,es,spotify_search,https://open.spotify.com/track/0EEfmAQndsdZHNpLf1tawB,"{""pais"":""CO"",""error_letra"":""No encontrada en Genius"",""es_infantil"":false,""todos_artistas"":""Blejo, Tikhe"",""spotify_track_id"":""0EEfmAQndsdZHNpLf1tawB"",""artistas_secundarios"":[]}",error,
986,2026-03-07 05:10:31.37105+00,,lento,blejo,0,reggaeton,,de colombia pal mundo,2025,200,es,spotify_search,https://open.spotify.com/track/11WQetmGGAGYX48FHAHW3H,"{""pais"":""CO"",""es_infantil"":false,""todos_artistas"":""Blejo, Tikhe"",""spotify_track_id"":""11WQetmGGAGYX48FHAHW3H"",""artistas_secundarios"":[]}",completed,
987,2026-03-07 05:10:36.00778+00,,eso va remix,nabrian,0,reggaeton,,eso va,2023,218,es,spotify_search,https://open.spotify.com/track/5O0ZZz2V25baVogDXBrm32,"{""pais"":""CO"",""error_letra"":""No encontrada en Genius"",""es_infantil"":false,""todos_artistas"":""Nabrian, Pin Ángel, GULAX VIRAL, JcovKTM"",""spotify_track_id"":""5O0ZZz2V25baVogDXBrm32"",""artistas_secundarios"":[]}",error,
988,2026-03-07 05:10:40.626857+00,,viral love acoustic,lil crush,0,pop,,reel music,2026,166,en,spotify_search,https://open.spotify.com/track/5Dh0PC9zBRG3BYPTsGfVdT,"{""pais"":""CO"",""es_infantil"":false,""todos_artistas"":""Lil Crush, Colombian Crush, Beachy"",""spotify_track_id"":""5Dh0PC9zBRG3BYPTsGfVdT"",""artistas_secundarios"":[]}",completed,
989,2026-03-07 05:10:45.668848+00,,visaje,blessd,0,reggaeton,,visaje,2023,167,es,spotify_search,https://open.spotify.com/track/6P8exce0caeTZ1uaKkS2wT,"{""pais"":""CO"",""es_infantil"":false,""todos_artistas"":""Blessd"",""spotify_track_id"":""6P8exce0caeTZ1uaKkS2wT"",""artistas_secundarios"":[]}",completed,
990,2026-03-07 05:10:50.348348+00,,una,blessd,0,reggaeton,,una,2019,197,es,spotify_search,https://open.spotify.com/track/3S7XeuKIZ8fgjzyeAnkARe,"{""pais"":""CO"",""es_infantil"":false,""todos_artistas"":""Blessd"",""spotify_track_id"":""3S7XeuKIZ8fgjzyeAnkARe"",""artistas_secundarios"":[]}",completed,
991,2026-03-07 05:10:55.631103+00,,popercito,blessd,0,reggaeton,,extraditablessd,2025,186,es,spotify_search,https://open.spotify.com/track/3W9Oa66ttFC7wjFoXMwfO0,"{""pais"":""CO"",""es_infantil"":false,""todos_artistas"":""Blessd, Kris R., Young Fatty, TURY, CARABIN3, GeezyDee"",""spotify_track_id"":""3W9Oa66ttFC7wjFoXMwfO0"",""artistas_secundarios"":[]}",completed,
992,2026-03-07 05:11:00.733829+00,,ella no quiere amor,blejo,0,reggaeton,,de colombia pal mundo,2025,203,es,spotify_search,https://open.spotify.com/track/4tHpRl8OkSNeIILVdFTHOP,"{""pais"":""CO"",""es_infantil"":false,""todos_artistas"":""Blejo, Tikhe"",""spotify_track_id"":""4tHpRl8OkSNeIILVdFTHOP"",""artistas_secundarios"":[]}",completed,
993,2026-03-07 05:11:05.573925+00,,si tu supieras,blejo,0,pop,,de colombia pal mundo,2025,232,es,spotify_search,https://open.spotify.com/track/73ENmZQNVt67q7YdMFuVcj,"{""pais"":""CO"",""es_infantil"":false,""todos_artistas"":""Blejo, Tikhe, Landa Freak"",""spotify_track_id"":""73ENmZQNVt67q7YdMFuVcj"",""artistas_secundarios"":[]}",completed,
994,2026-03-07 05:11:10.262491+00,,ella tiene algo,blejo,0,reggaeton,,de colombia pal mundo,2025,248,es,spotify_search,https://open.spotify.com/track/3r0Q6IM3iHs2KEIiFbT5TS,"{""pais"":""CO"",""es_infantil"":false,""todos_artistas"":""Blejo, Tikhe"",""spotify_track_id"":""3r0Q6IM3iHs2KEIiFbT5TS"",""artistas_secundarios"":[]}",completed,
995,2026-03-07 05:11:14.985649+00,,bailemos esta cancion,blejo,0,pop,,de colombia pal mundo,2025,198,es,spotify_search,https://open.spotify.com/track/6ng4riASJ9r3FddszJH52i,"{""pais"":""CO"",""error_letra"":""No encontrada en Genius"",""es_infantil"":false,""todos_artistas"":""Blejo, Tikhe"",""spotify_track_id"":""6ng4riASJ9r3FddszJH52i"",""artistas_secundarios"":[]}",error,
996,2026-03-07 05:11:19.722886+00,,almambolaspennas,blejo,0,reggaeton,,de colombia pal mundo,2025,241,es,spotify_search,https://open.spotify.com/track/63hpCGyOOL42yQoJW4MkZz,"{""pais"":""CO"",""error_letra"":""No encontrada en Genius"",""es_infantil"":false,""todos_artistas"":""Blejo, Tikhe"",""spotify_track_id"":""63hpCGyOOL42yQoJW4MkZz"",""artistas_secundarios"":[]}",error,
997,2026-03-07 05:11:25.229776+00,,bogota,blessd,0,reggaeton,,blessdeluxury,2024,178,es,spotify_search,https://open.spotify.com/track/2NubPWw8mgyH46NCohwRBz,"{""pais"":""CO"",""es_infantil"":false,""todos_artistas"":""Blessd"",""spotify_track_id"":""2NubPWw8mgyH46NCohwRBz"",""artistas_secundarios"":[]}",completed,
998,2026-03-07 05:11:30.382319+00,,ojala,ryan castro,0,reggaeton,,ojala,2025,156,es,spotify_search,https://open.spotify.com/track/1XqfvcXdjSte9ds4zL9Nm9,"{""pais"":""CO"",""es_infantil"":false,""todos_artistas"":""Ryan Castro"",""spotify_track_id"":""1XqfvcXdjSte9ds4zL9Nm9"",""artistas_secundarios"":[]}",completed,
999,2026-03-07 05:11:35.5244+00,,sai,ryan castro,0,reggaeton,,hopi sende,2025,178,es,spotify_search,https://open.spotify.com/track/3eJj2gMCfyLeA0FnHu0Umw,"{""pais"":""CO"",""es_infantil"":false,""todos_artistas"":""Ryan Castro, Rayo & Toby"",""spotify_track_id"":""3eJj2gMCfyLeA0FnHu0Umw"",""artistas_secundarios"":[]}",completed,
1000,2026-03-07 05:11:41.132301+00,,pailas parcera,slow mike,0,reggaeton,,pailas parcera,2025,188,es,spotify_search,https://open.spotify.com/track/7wadGShHx40m4EJGObdjyj,"{""pais"":""CO"",""es_infantil"":false,""todos_artistas"":""Slow Mike, Luister La Voz"",""spotify_track_id"":""7wadGShHx40m4EJGObdjyj"",""artistas_secundarios"":[]}",completed,
1001,2026-03-07 05:11:45.977318+00,,quienlodiria,blejo,0,pop,,de colombia pal mundo,2025,205,es,spotify_search,https://open.spotify.com/track/2AIQc7EF96MG1l7oxTWDHs,"{""pais"":""CO"",""error_letra"":""No encontrada en Genius"",""es_infantil"":false,""todos_artistas"":""Blejo, Tikhe"",""spotify_track_id"":""2AIQc7EF96MG1l7oxTWDHs"",""artistas_secundarios"":[]}",error,
1002,2026-03-07 05:11:51.485086+00,,la primera vez,blejo,0,pop,,de colombia pal mundo,2025,239,es,spotify_search,https://open.spotify.com/track/4BES5wiI0Z1MuuzBKzNjAK,"{""pais"":""CO"",""error_letra"":""No encontrada en Genius"",""es_infantil"":false,""todos_artistas"":""Blejo, Tikhe"",""spotify_track_id"":""4BES5wiI0Z1MuuzBKzNjAK"",""artistas_secundarios"":[]}",error,
1003,2026-03-07 05:11:56.243157+00,,un poquito mas,blejo,0,reggaeton,,de colombia pal mundo,2025,213,es,spotify_search,https://open.spotify.com/track/6VTWgObvgb9fmoSvHwMCm3,"{""pais"":""CO"",""es_infantil"":false,""todos_artistas"":""Blejo, Tikhe"",""spotify_track_id"":""6VTWgObvgb9fmoSvHwMCm3"",""artistas_secundarios"":[]}",completed,
1004,2026-03-07 05:12:01.214573+00,,esteamor,blejo,0,pop,,de colombia pal mundo,2025,211,es,spotify_search,https://open.spotify.com/track/4AFoGE6tlkahCisFPj9FCf,"{""pais"":""CO"",""es_infantil"":false,""todos_artistas"":""Blejo, Tikhe"",""spotify_track_id"":""4AFoGE6tlkahCisFPj9FCf"",""artistas_secundarios"":[]}",completed,
1005,2026-03-07 05:12:05.851613+00,,inquieta,blejo,0,other,,de colombia pal mundo,2025,224,es,spotify_search,https://open.spotify.com/track/2N2rRHjs381unuSd3V4iwf,"{""pais"":""CO"",""es_infantil"":false,""todos_artistas"":""Blejo, Tikhe"",""spotify_track_id"":""2N2rRHjs381unuSd3V4iwf"",""artistas_secundarios"":[]}",completed,
1006,2026-03-07 05:12:11.095215+00,,12x3,dekko,0,electronica,,dekkoletera,2023,159,es,spotify_search,https://open.spotify.com/track/1k94CNfVliqDs0qYhkG8iV,"{""pais"":""CO"",""es_infantil"":false,""todos_artistas"":""DEKKO"",""spotify_track_id"":""1k94CNfVliqDs0qYhkG8iV"",""artistas_secundarios"":[]}",completed,
1007,2026-03-07 05:12:16.028058+00,,se vale too,this is mailo,0,reggaeton,,se vale too,2024,234,es,spotify_search,https://open.spotify.com/track/2K3jRNfBVwNBOggb9vkM3T,"{""pais"":""CO"",""error_letra"":""No encontrada en Genius"",""es_infantil"":false,""todos_artistas"":""This Is Mailo, Tavo the producer, LOSDELAPIÑA"",""spotify_track_id"":""2K3jRNfBVwNBOggb9vkM3T"",""artistas_secundarios"":[]}",error,
1008,2026-03-07 05:12:21.094775+00,,bilbor,esteban rojas,0,reggaeton,,bilbor,2024,207,es,spotify_search,https://open.spotify.com/track/01xLacaMPChcF3E4Fozrbz,"{""pais"":""CO"",""es_infantil"":false,""todos_artistas"":""Esteban Rojas, FineSound Music"",""spotify_track_id"":""01xLacaMPChcF3E4Fozrbz"",""artistas_secundarios"":[]}",completed,
1009,2026-03-07 05:12:26.47721+00,,quien tv,blessd,0,reggaeton,,hecho en medellin,2021,156,es,spotify_search,https://open.spotify.com/track/2ThSBT4fDS83BWu3iMjMRn,"{""pais"":""CO"",""es_infantil"":false,""todos_artistas"":""Blessd"",""spotify_track_id"":""2ThSBT4fDS83BWu3iMjMRn"",""artistas_secundarios"":[]}",completed,
1010,2026-03-07 05:12:31.556088+00,,mocca,dj dever,0,electronica,,mocca,2024,178,es,spotify_search,https://open.spotify.com/track/0g0425bn60msT2Fhda0avJ,"{""pais"":""CO"",""es_infantil"":false,""todos_artistas"":""DJ Dever, Hector Nazza"",""spotify_track_id"":""0g0425bn60msT2Fhda0avJ"",""artistas_secundarios"":[]}",completed,
1011,2026-03-07 05:12:36.302479+00,,quien diria,dj dever,0,electronica,,quien diria,2024,168,es,spotify_search,https://open.spotify.com/track/38c19YwHG2WBuFiFsqFcsP,"{""pais"":""CO"",""es_infantil"":false,""todos_artistas"":""DJ Dever, Luister La Voz"",""spotify_track_id"":""38c19YwHG2WBuFiFsqFcsP"",""artistas_secundarios"":[]}",completed,
1012,2026-03-07 05:12:41.560481+00,,vacio,danny sanabria,0,reggaeton,,vacio,2023,249,es,spotify_search,https://open.spotify.com/track/2pwKNlcg50RpRpI4iCUu7Z,"{""pais"":""CO"",""error_letra"":""No encontrada en Genius"",""es_infantil"":false,""todos_artistas"":""Danny Sanabria"",""spotify_track_id"":""2pwKNlcg50RpRpI4iCUu7Z"",""artistas_secundarios"":[]}",error,
1013,2026-03-07 05:12:46.595616+00,,la mini mini,joe arroyo,0,cumbia,,exitos diomedes diaz y joe arroyo,2025,246,es,spotify_search,https://open.spotify.com/track/1XvlDy6JxoOnF5ae5vJdP0,"{""pais"":""CO"",""es_infantil"":false,""todos_artistas"":""Joe Arroyo"",""spotify_track_id"":""1XvlDy6JxoOnF5ae5vJdP0"",""artistas_secundarios"":[]}",completed,
1014,2026-03-07 05:12:51.89527+00,,el condor herido,diomedes diaz,0,cumbia,,exitos diomedes diaz y joe arroyo,2025,296,es,spotify_search,https://open.spotify.com/track/4UliIYW5Mpt0L4lr3GYdZQ,"{""pais"":""CO"",""es_infantil"":false,""todos_artistas"":""Diomedes Diaz"",""spotify_track_id"":""4UliIYW5Mpt0L4lr3GYdZQ"",""artistas_secundarios"":[]}",completed,
1015,2026-03-07 05:12:56.898439+00,,talparacualdelaseriemedusadenetflix,joe arroyo,0,cumbia,,exitos diomedes diaz y joe arroyo,2025,276,es,spotify_search,https://open.spotify.com/track/44lQ6ZSax5Kofg8xz7fZ59,"{""pais"":""CO"",""error_letra"":""No encontrada en Genius"",""es_infantil"":false,""todos_artistas"":""Joe Arroyo"",""spotify_track_id"":""44lQ6ZSax5Kofg8xz7fZ59"",""artistas_secundarios"":[]}",error,
1016,2026-03-07 05:13:01.761913+00,,amparito,adan y su grupo andariego,0,cumbia,,viva el amor en vivo,2020,273,es,spotify_search,https://open.spotify.com/track/0ZC0hk6PLVyisvIDjM4lt5,"{""pais"":""CO"",""error_letra"":""No encontrada en Genius"",""es_infantil"":false,""todos_artistas"":""Adan y su Grupo Andariego"",""spotify_track_id"":""0ZC0hk6PLVyisvIDjM4lt5"",""artistas_secundarios"":[]}",error,
1017,2026-03-07 05:13:06.643767+00,,hielo,flaquito apache,0,trap,,hielo,2019,173,es,spotify_search,https://open.spotify.com/track/2Ycy6qd8Hw7481ZnDLH28P,"{""pais"":""CO"",""error_letra"":""No encontrada en Genius"",""es_infantil"":false,""todos_artistas"":""Flaquito Apache, Azel"",""spotify_track_id"":""2Ycy6qd8Hw7481ZnDLH28P"",""artistas_secundarios"":[]}",error,
1018,2026-03-07 05:13:11.288647+00,,sumup,lf,0,other,,nego facton,2025,99,en,spotify_search,https://open.spotify.com/track/4YcFtrOoF3vEFgcsxOT0C5,"{""pais"":""CO"",""es_infantil"":false,""todos_artistas"":""LF, morfeu"",""spotify_track_id"":""4YcFtrOoF3vEFgcsxOT0C5"",""artistas_secundarios"":[]}",completed,
1019,2026-03-07 05:13:16.581199+00,,el santo cachon en vivo colombia,los embajadores vallenatos,0,cumbia,,grandes exitos,2025,366,es,spotify_search,https://open.spotify.com/track/3xb4lKvf9siAEhj7H89JNl,"{""pais"":""CO"",""error_letra"":""No encontrada en Genius"",""es_infantil"":false,""todos_artistas"":""Los Embajadores Vallenatos, Robinson Damián, Jairo De La Ossa"",""spotify_track_id"":""3xb4lKvf9siAEhj7H89JNl"",""artistas_secundarios"":[]}",error,
1020,2026-03-07 05:13:21.72061+00,,nunca niegues que te amo,los inquietos del vallenato,0,cumbia,,exitos originales,2025,300,es,spotify_search,https://open.spotify.com/track/6PCm3SFsOdaWkkwAQwzVYs,"{""pais"":""CO"",""es_infantil"":false,""todos_artistas"":""Los inquietos del vallenato"",""spotify_track_id"":""6PCm3SFsOdaWkkwAQwzVYs"",""artistas_secundarios"":[]}",completed,
1021,2026-03-07 05:13:26.366904+00,,mosaico colombiano,silvio brito,0,cumbia,,los exitos navidenos de silvio brito,2025,177,es,spotify_search,https://open.spotify.com/track/5wTnTTVLVTGItGRA8CjQj0,"{""pais"":""CO"",""error_letra"":""No encontrada en Genius"",""es_infantil"":false,""todos_artistas"":""Silvio Brito"",""spotify_track_id"":""5wTnTTVLVTGItGRA8CjQj0"",""artistas_secundarios"":[]}",error,
1022,2026-03-07 05:13:31.253012+00,,bahia live,cortijo y su combo,0,cumbia,,el alma de un pueblo,1958,388,es,spotify_search,https://open.spotify.com/track/4qAvxhZLNkjzKdFRNu8GZ1,"{""pais"":""CO"",""es_infantil"":false,""todos_artistas"":""Cortijo Y Su Combo, Ismael Rivera"",""spotify_track_id"":""4qAvxhZLNkjzKdFRNu8GZ1"",""artistas_secundarios"":[]}",completed,
1023,2026-03-07 05:13:36.596983+00,,caminando solo,santa rm,0,trap,,caminando solo,2019,152,es,spotify_search,https://open.spotify.com/track/4t1Kv9m7osfVj0JAT65PyI,"{""pais"":""CO"",""es_infantil"":false,""todos_artistas"":""Santa RM"",""spotify_track_id"":""4t1Kv9m7osfVj0JAT65PyI"",""artistas_secundarios"":[]}",completed,
1024,2026-03-07 05:13:41.550026+00,,con los crespos hechos en vivo colombia,los embajadores vallenatos,0,cumbia,,grandes exitos,2025,349,es,spotify_search,https://open.spotify.com/track/728iSRYeEMnkhXlBEc1lC8,"{""pais"":""CO"",""error_letra"":""No encontrada en Genius"",""es_infantil"":false,""todos_artistas"":""Los Embajadores Vallenatos, Robinson Damián, Jairo De La Ossa"",""spotify_track_id"":""728iSRYeEMnkhXlBEc1lC8"",""artistas_secundarios"":[]}",error,
1025,2026-03-07 05:13:46.630641+00,,palabras sobran,blessd,0,reggaeton,,palabras sobran,2023,216,es,spotify_search,https://open.spotify.com/track/4wu7jIeJCUhQJaXsXVit0e,"{""pais"":""CO"",""es_infantil"":false,""todos_artistas"":""Blessd"",""spotify_track_id"":""4wu7jIeJCUhQJaXsXVit0e"",""artistas_secundarios"":[]}",completed,
1026,2026-03-07 05:13:51.428071+00,,el borracho amiga mia en vivo colombia,los embajadores vallenatos,0,cumbia,,grandes exitos,2025,396,es,spotify_search,https://open.spotify.com/track/7vJsEsOfKlsz2Hm5GRl7m0,"{""pais"":""CO"",""error_letra"":""No encontrada en Genius"",""es_infantil"":false,""todos_artistas"":""Los Embajadores Vallenatos, Robinson Damián, Jairo De La Ossa"",""spotify_track_id"":""7vJsEsOfKlsz2Hm5GRl7m0"",""artistas_secundarios"":[]}",error,
1027,2026-03-07 05:13:56.817351+00,,tomando y tomando en vivo colombia,los embajadores vallenatos,0,cumbia,,grandes exitos,2025,334,es,spotify_search,https://open.spotify.com/track/3eaExGYUADqwAglLkiFEqI,"{""pais"":""CO"",""error_letra"":""No encontrada en Genius"",""es_infantil"":false,""todos_artistas"":""Los Embajadores Vallenatos, Robinson Damián, Jairo De La Ossa"",""spotify_track_id"":""3eaExGYUADqwAglLkiFEqI"",""artistas_secundarios"":[]}",error,
1028,2026-03-07 05:14:01.791338+00,,homenaje a lupe y polo,uriel henao,0,other,,la historia continua vol,2017,225,es,spotify_search,https://open.spotify.com/track/5jMAExR2ovED4PKbFRVXx4,"{""pais"":""CO"",""error_letra"":""No encontrada en Genius"",""es_infantil"":false,""todos_artistas"":""Uriel Henao"",""spotify_track_id"":""5jMAExR2ovED4PKbFRVXx4"",""artistas_secundarios"":[]}",error,
1029,2026-03-07 05:14:06.556882+00,,popurri,aniceto molina,0,cumbia,,mas sabroso que nunca,2005,600,es,spotify_search,https://open.spotify.com/track/5ndbUsAt6oyeBhZZ4U1NH4,"{""pais"":""CO"",""es_infantil"":false,""todos_artistas"":""Aniceto Molina"",""spotify_track_id"":""5ndbUsAt6oyeBhZZ4U1NH4"",""artistas_secundarios"":[]}",completed,
1030,2026-03-07 05:14:11.312642+00,,tutorial aka casino,kase o,0,trap,,previo,2015,356,es,spotify_search,https://open.spotify.com/track/1HilTP0Hkho0D0lbXm16NE,"{""pais"":""CO"",""es_infantil"":false,""todos_artistas"":""Kase.O"",""spotify_track_id"":""1HilTP0Hkho0D0lbXm16NE"",""artistas_secundarios"":[]}",completed,
1031,2026-03-07 05:14:16.09086+00,,se le moja la canoa en vivo colombia,los embajadores vallenatos,0,cumbia,,grandes exitos,2025,486,es,spotify_search,https://open.spotify.com/track/1NS1lDz3IMfK4yOAuAW2Zc,"{""pais"":""CO"",""error_letra"":""No encontrada en Genius"",""es_infantil"":false,""todos_artistas"":""Los Embajadores Vallenatos, Robinson Damián, Jairo De La Ossa"",""spotify_track_id"":""1NS1lDz3IMfK4yOAuAW2Zc"",""artistas_secundarios"":[]}",error,
1032,2026-03-07 05:14:21.057966+00,,la juntera en vivo colombia,los embajadores vallenatos,0,cumbia,,grandes exitos,2025,438,es,spotify_search,https://open.spotify.com/track/2mS8LSvZewLQp7KDvoEr0C,"{""pais"":""CO"",""error_letra"":""No encontrada en Genius"",""es_infantil"":false,""todos_artistas"":""Los Embajadores Vallenatos, Robinson Damián, Jairo De La Ossa"",""spotify_track_id"":""2mS8LSvZewLQp7KDvoEr0C"",""artistas_secundarios"":[]}",error,
1033,2026-03-07 05:14:26.008089+00,,tomando por ella en vivo colombia,los embajadores vallenatos,0,cumbia,,grandes exitos,2025,304,es,spotify_search,https://open.spotify.com/track/06RQAXiwAyJj1bze8bwbi8,"{""pais"":""CO"",""error_letra"":""No encontrada en Genius"",""es_infantil"":false,""todos_artistas"":""Los Embajadores Vallenatos, Robinson Damián, Jairo De La Ossa"",""spotify_track_id"":""06RQAXiwAyJj1bze8bwbi8"",""artistas_secundarios"":[]}",error,
1034,2026-03-07 05:14:30.873061+00,,aceitedecoco,blessd,0,reggaeton,,aceite de coco,2025,401,es,spotify_search,https://open.spotify.com/track/0hzO3OqNIPCwRKxvwBdtjS,"{""pais"":""CO"",""error_letra"":""No encontrada en Genius"",""es_infantil"":false,""todos_artistas"":""Blessd, Ryan Castro, De La Ghetto, Darell, Sahir, Hades66, Kris R."",""spotify_track_id"":""0hzO3OqNIPCwRKxvwBdtjS"",""artistas_secundarios"":[]}",error,
1035,2026-03-07 05:14:36.01698+00,,sindicado de amor en vivo colombia,los embajadores vallenatos,0,cumbia,,grandes exitos,2025,300,es,spotify_search,https://open.spotify.com/track/6BDOAjEc3O8QRwMiPB8RSv,"{""pais"":""CO"",""error_letra"":""No encontrada en Genius"",""es_infantil"":false,""todos_artistas"":""Los Embajadores Vallenatos, Robinson Damián, Jairo De La Ossa"",""spotify_track_id"":""6BDOAjEc3O8QRwMiPB8RSv"",""artistas_secundarios"":[]}",error,
1036,2026-03-07 05:14:40.830988+00,,x ti,kapo,0,reggaeton,,por si alguien nos escucha,2025,215,es,spotify_search,https://open.spotify.com/track/4TFjpINnVhINpTdrtNQIvx,"{""pais"":""CO"",""es_infantil"":false,""todos_artistas"":""Kapo, Feid"",""spotify_track_id"":""4TFjpINnVhINpTdrtNQIvx"",""artistas_secundarios"":[]}",completed,
1037,2026-03-07 05:14:45.489546+00,,bonus track,yosh,0,other,,oculto,2021,223,es,spotify_search,https://open.spotify.com/track/4q9Kca8sABRWU1SV0bnLHo,"{""pais"":""CO"",""es_infantil"":false,""todos_artistas"":""yosh"",""spotify_track_id"":""4q9Kca8sABRWU1SV0bnLHo"",""artistas_secundarios"":[]}",completed,
1038,2026-03-07 05:14:50.788884+00,,el campanero,la banda tropikal de vallenar,0,cumbia,,con mas sed sed sed,2018,268,es,spotify_search,https://open.spotify.com/track/0CcFoaZqXk4TXPOh8FEeDf,"{""pais"":""CO"",""error_letra"":""No encontrada en Genius"",""es_infantil"":false,""todos_artistas"":""La Banda Tropikal de Vallenar"",""spotify_track_id"":""0CcFoaZqXk4TXPOh8FEeDf"",""artistas_secundarios"":[]}",error,
1039,2026-03-07 05:14:55.434515+00,,y para empezar,josestilez,0,reggaeton,,vive,2018,280,es,spotify_search,https://open.spotify.com/track/11vGQMR6le5EaLkJhG8CWU,"{""pais"":""CO"",""es_infantil"":false,""todos_artistas"":""josestilez"",""spotify_track_id"":""11vGQMR6le5EaLkJhG8CWU"",""artistas_secundarios"":[]}",completed,
1040,2026-03-07 05:15:01.028665+00,,la lira en vivo colombia,los embajadores vallenatos,0,cumbia,,grandes exitos,2025,269,es,spotify_search,https://open.spotify.com/track/5dnsxRTNfsbQgONUWF6QqL,"{""pais"":""CO"",""error_letra"":""No encontrada en Genius"",""es_infantil"":false,""todos_artistas"":""Los Embajadores Vallenatos, Robinson Damián, Jairo De La Ossa"",""spotify_track_id"":""5dnsxRTNfsbQgONUWF6QqL"",""artistas_secundarios"":[]}",error,
1041,2026-03-07 05:15:06.396615+00,,vacaciones en colombia,guaracha exitos music,0,cumbia,,vacaciones en colombia,2025,145,es,spotify_search,https://open.spotify.com/track/19M5xlxfIv6SpLGJ7MyrHw,"{""pais"":""CO"",""error_letra"":""No encontrada en Genius"",""es_infantil"":false,""todos_artistas"":""GUARACHA EXITOS MUSIC"",""spotify_track_id"":""19M5xlxfIv6SpLGJ7MyrHw"",""artistas_secundarios"":[]}",error,
1042,2026-03-07 05:15:11.650193+00,,mi vida,nengo flow,0,reggaeton,,los reyes del rap,2015,281,es,spotify_search,https://open.spotify.com/track/21P25Ccb1Q6wOpL2IXAQ0o,"{""pais"":""CO"",""es_infantil"":false,""todos_artistas"":""Ñengo Flow"",""spotify_track_id"":""21P25Ccb1Q6wOpL2IXAQ0o"",""artistas_secundarios"":[]}",completed,
1043,2026-03-07 05:15:16.847767+00,,fdsr,ryan castro,0,reggaeton,,fdsr,2024,188,es,spotify_search,https://open.spotify.com/track/3KwYiawBfqngH7eaUHQn2N,"{""pais"":""CO"",""es_infantil"":false,""todos_artistas"":""Ryan Castro, Maisak"",""spotify_track_id"":""3KwYiawBfqngH7eaUHQn2N"",""artistas_secundarios"":[]}",completed,
1044,2026-03-07 05:15:21.838081+00,,ritmo de colombia en vivo,aniceto molina,0,cumbia,,el tigre sabanero,2017,199,es,spotify_search,https://open.spotify.com/track/0u0X0aXL8PXU0ok5FaJYVw,"{""pais"":""CO"",""error_letra"":""No encontrada en Genius"",""es_infantil"":false,""todos_artistas"":""Aniceto Molina"",""spotify_track_id"":""0u0X0aXL8PXU0ok5FaJYVw"",""artistas_secundarios"":[]}",error,
1045,2026-03-07 05:15:26.552361+00,,cantadores de hoy y siempre,armando martinez,0,other,,mi tristeza,2021,402,es,spotify_search,https://open.spotify.com/track/2anOpe8wOOmtDEcH84DnCu,"{""pais"":""CO"",""es_infantil"":false,""todos_artistas"":""Armando Martínez"",""spotify_track_id"":""2anOpe8wOOmtDEcH84DnCu"",""artistas_secundarios"":[]}",completed,
1046,2026-03-07 05:15:31.41198+00,,rompiendoel hielo,apache,0,reggaeton,,ahora o nunca,2017,348,es,spotify_search,https://open.spotify.com/track/14R6HWKOkzOVbpUvFpdHSn,"{""pais"":""CO"",""es_infantil"":false,""todos_artistas"":""Apache"",""spotify_track_id"":""14R6HWKOkzOVbpUvFpdHSn"",""artistas_secundarios"":[]}",completed,
1047,2026-03-07 05:15:36.128604+00,,cuando estoy lejos de ti,trio america,0,pop,,exitos de colombia vol 2,2025,163,es,spotify_search,https://open.spotify.com/track/1HNqvWe8Lpf9FmZbWOVn7s,"{""pais"":""CO"",""es_infantil"":false,""todos_artistas"":""Trio America"",""spotify_track_id"":""1HNqvWe8Lpf9FmZbWOVn7s"",""artistas_secundarios"":[]}",completed,
1048,2026-03-07 05:15:41.022709+00,,dos dias,lucho bowen,0,pop,,exitos de rockola grabaciones originales,2024,163,es,spotify_search,https://open.spotify.com/track/6n8BrAhGrU0gVnLjgxpfaD,"{""pais"":""CO"",""es_infantil"":false,""todos_artistas"":""Lucho Bowen"",""spotify_track_id"":""6n8BrAhGrU0gVnLjgxpfaD"",""artistas_secundarios"":[]}",completed,
1049,2026-03-07 05:15:45.867336+00,,mi amor eres tu album version,silvestre dangond,0,pop,,grandes exitos silvestre dangond,2024,284,es,spotify_search,https://open.spotify.com/track/2dDBPFpQ5FQuz43a2ayPNZ,"{""pais"":""CO"",""error_letra"":""No encontrada en Genius"",""es_infantil"":false,""todos_artistas"":""Silvestre Dangond, Juancho De La Espriella"",""spotify_track_id"":""2dDBPFpQ5FQuz43a2ayPNZ"",""artistas_secundarios"":[]}",error,
1050,2026-03-07 05:15:51.063187+00,,chica freaky no 1,the pilot,0,pop,,chica freaky no 1,2023,188,es,spotify_search,https://open.spotify.com/track/6TUFN77TE5RM8fti9ilYfX,"{""pais"":""CO"",""es_infantil"":false,""todos_artistas"":""The Pilot"",""spotify_track_id"":""6TUFN77TE5RM8fti9ilYfX"",""artistas_secundarios"":[]}",completed,
1051,2026-03-07 05:15:55.992573+00,,rip23,brandpool,0,other,,rip23,2023,268,en,spotify_search,https://open.spotify.com/track/7xlhsVIAZXsuOCVpeszdFc,"{""pais"":""CO"",""error_letra"":""No encontrada en Genius"",""es_infantil"":false,""todos_artistas"":""Brandpool"",""spotify_track_id"":""7xlhsVIAZXsuOCVpeszdFc"",""artistas_secundarios"":[]}",error,
1052,2026-03-07 05:16:00.963466+00,,quiero volar,jorge meza y su tropi colombia,0,cumbia,,exitos de oro,2024,286,es,spotify_search,https://open.spotify.com/track/55FBgPXgynD9ommdmsTEhN,"{""pais"":""CO"",""es_infantil"":false,""todos_artistas"":""Jorge Meza Y Su Tropi Colombia"",""spotify_track_id"":""55FBgPXgynD9ommdmsTEhN"",""artistas_secundarios"":[]}",pending,
1053,2026-03-07 05:16:06.298096+00,,mi destino,lucho bowen,0,pop,,exitos de rockola grabaciones originales,2024,170,es,spotify_search,https://open.spotify.com/track/0XIGWhHnhMUt6R6is619OD,"{""pais"":""CO"",""es_infantil"":false,""todos_artistas"":""Lucho Bowen"",""spotify_track_id"":""0XIGWhHnhMUt6R6is619OD"",""artistas_secundarios"":[]}",pending,
1054,2026-03-07 05:16:11.149257+00,,palo alto,lu k,0,other,,palo alto,2020,206,es,spotify_search,https://open.spotify.com/track/6p61zVdGAUhAvueeyCAgs2,"{""pais"":""CO"",""es_infantil"":false,""todos_artistas"":""Lu K, Alee Ferrer"",""spotify_track_id"":""6p61zVdGAUhAvueeyCAgs2"",""artistas_secundarios"":[]}",pending,
1055,2026-03-07 05:16:15.997932+00,,contentoso,luis alfonso,0,pop,,contentoso,2024,169,es,spotify_search,https://open.spotify.com/track/2NFWEVIzLcWARyI8BzgA23,"{""pais"":""CO"",""es_infantil"":false,""todos_artistas"":""Luis Alfonso"",""spotify_track_id"":""2NFWEVIzLcWARyI8BzgA23"",""artistas_secundarios"":[]}",pending,
1056,2026-03-07 05:16:21.773403+00,,mujer de novela en vivo,willy garcia,0,other,,anos exitos crudo,2024,310,es,spotify_search,https://open.spotify.com/track/5GhauSN1EJTdtW4yFo7oQx,"{""pais"":""CO"",""es_infantil"":false,""todos_artistas"":""Willy Garcia"",""spotify_track_id"":""5GhauSN1EJTdtW4yFo7oQx"",""artistas_secundarios"":[]}",pending,
1057,2026-03-07 07:16:44.554902+00,,1k,zasha,0,pop,,1k,2024,125,en,spotify_search,https://open.spotify.com/track/5CoOAYtonTYTRKmjAnZMxR,"{""pais"":""CO"",""es_infantil"":false,""todos_artistas"":""Zasha, Jaure G"",""spotify_track_id"":""5CoOAYtonTYTRKmjAnZMxR"",""artistas_secundarios"":[]}",pending,
1058,2026-03-08 23:22:39.770494+00,,llorando se fue,jorge meza,0,cumbia,,exitos de oro,2024,255,es,spotify_search,https://open.spotify.com/track/67zLWUMExshty6zISI9b9s,"{""pais"":""CO"",""es_infantil"":false,""todos_artistas"":""Jorge Meza Y Su Tropi Colombia"",""spotify_track_id"":""67zLWUMExshty6zISI9b9s"",""artistas_secundarios"":[]}",pending,
1059,2026-03-08 23:43:21.186321+00,,fuck broke,dann lein,0,,,fuck broke,2023,171,,spotify_search,https://open.spotify.com/track/2k8eHxchSjThEXhnVcrCD6,"{""pais"":""CO"",""todos_artistas"":""Dann Lein"",""spotify_track_id"":""2k8eHxchSjThEXhnVcrCD6""}",completed,
1060,2026-03-08 23:43:37.074341+00,,tomame,sonora dinamita,0,cumbia,,exitos vol 1,2024,187,es,spotify_search,https://open.spotify.com/track/1Zjoefv9xLLoEGzbtImlIo,"{""pais"":""CO"",""es_infantil"":false,""todos_artistas"":""Sonora Dinamita"",""spotify_track_id"":""1Zjoefv9xLLoEGzbtImlIo"",""artistas_secundarios"":[]}",pending,
1061,2026-03-08 23:43:49.271632+00,,bendicion,juanda,0,reggaeton,,new era,2024,177,es,spotify_search,https://open.spotify.com/track/69Okhs8O7646vyl0secX1L,"{""pais"":""CO"",""es_infantil"":false,""todos_artistas"":""Juanda"",""spotify_track_id"":""69Okhs8O7646vyl0secX1L"",""artistas_secundarios"":[]}",pending,
1062,2026-03-08 23:43:57.852096+00,,culpablexxx,el ab,0,trap,,culpablexxx,2024,133,es,spotify_search,https://open.spotify.com/track/5GGbW4TlkKD3VCeKQDcG0z,"{""pais"":""CO"",""es_infantil"":false,""todos_artistas"":""El Ab"",""spotify_track_id"":""5GGbW4TlkKD3VCeKQDcG0z"",""artistas_secundarios"":[]}",pending,
1063,2026-03-08 23:44:04.213417+00,,tefelicito,tropitango,0,reggaeton,,exitos colombianos y mexicanos vol 1,2024,187,es,spotify_search,https://open.spotify.com/track/7Dcv9cWsX7OMdOpBJtBn07,"{""pais"":""CO"",""es_infantil"":false,""todos_artistas"":""Tropitango"",""spotify_track_id"":""7Dcv9cWsX7OMdOpBJtBn07"",""artistas_secundarios"":[]}",pending,
1064,2026-03-08 23:44:09.724401+00,,blujiniemos remix,nikael,0,reggaeton,,blujiniemos,2024,197,es,spotify_search,https://open.spotify.com/track/0qsTnzbfzlhee8w9NJLU1u,"{""pais"":""CO"",""es_infantil"":false,""todos_artistas"":""Nikael, Samy Acero"",""spotify_track_id"":""0qsTnzbfzlhee8w9NJLU1u"",""artistas_secundarios"":[]}",pending,
1065,2026-03-08 23:44:15.373914+00,,la cancion del que se fue,lucho bowen,0,pop,,exitos de rockola grabaciones originales,2024,156,es,spotify_search,https://open.spotify.com/track/2LvcxLsi1kFhI9yNdqfoRv,"{""pais"":""CO"",""es_infantil"":false,""todos_artistas"":""Lucho Bowen"",""spotify_track_id"":""2LvcxLsi1kFhI9yNdqfoRv"",""artistas_secundarios"":[]}",pending,
1066,2026-03-08 23:44:20.549686+00,,boasfestas2,mystic,0,other,,boas festas 2,2023,197,pt,spotify_search,https://open.spotify.com/track/0a0J7xNBaF1HARWvtZHUbn,"{""pais"":""CO"",""es_infantil"":false,""todos_artistas"":""MYSTIC!, Cabrxlzin, Neto, Uxie Kid, BocaoTudoDeus"",""spotify_track_id"":""0a0J7xNBaF1HARWvtZHUbn"",""artistas_secundarios"":[]}",pending,
1067,2026-03-08 23:44:26.968716+00,,a colombia me voy,jorge meza y su tropi colombia,0,cumbia,,exitos de oro,2024,196,es,spotify_search,https://open.spotify.com/track/1xYvrPkigpfOhx1JH23d93,"{""pais"":""CO"",""es_infantil"":false,""todos_artistas"":""Jorge Meza Y Su Tropi Colombia"",""spotify_track_id"":""1xYvrPkigpfOhx1JH23d93"",""artistas_secundarios"":[]}",pending,
1068,2026-03-08 23:44:34.419017+00,,te estan matando los anos,jorge meza y su tropi colombia,0,cumbia,,exitos de oro,2024,254,es,spotify_search,https://open.spotify.com/track/1LDCUQGYuJrQRpdkegoEhR,"{""pais"":""CO"",""es_infantil"":false,""todos_artistas"":""Jorge Meza Y Su Tropi Colombia"",""spotify_track_id"":""1LDCUQGYuJrQRpdkegoEhR"",""artistas_secundarios"":[]}",pending,
1069,2026-03-08 23:44:42.582295+00,,de todos mis amores,jorge meza y su tropi colombia,0,cumbia,,exitos de oro,2024,329,es,spotify_search,https://open.spotify.com/track/1NM2eIQRBPFvpU5p2zNVXO,"{""pais"":""CO"",""es_infantil"":false,""todos_artistas"":""Jorge Meza Y Su Tropi Colombia"",""spotify_track_id"":""1NM2eIQRBPFvpU5p2zNVXO"",""artistas_secundarios"":[]}",pending,
1070,2026-03-08 23:44:48.569338+00,,hh,sabue,0,other,,caotico,2024,161,es,spotify_search,https://open.spotify.com/track/1rLAhjg09WIcUPPcVtGbcG,"{""pais"":""CO"",""es_infantil"":false,""todos_artistas"":""Sabue, Nueve Musas"",""spotify_track_id"":""1rLAhjg09WIcUPPcVtGbcG"",""artistas_secundarios"":[]}",pending,
1071,2026-03-08 23:44:53.437674+00,,echao pa lante,joe arroyo,0,cumbia,,echao palante,1987,246,es,spotify_search,https://open.spotify.com/track/1jfRpKvKIqb7yBAIaKyujQ,"{""pais"":""CO"",""es_infantil"":false,""todos_artistas"":""Joe Arroyo, La Verdad"",""spotify_track_id"":""1jfRpKvKIqb7yBAIaKyujQ"",""artistas_secundarios"":[]}",pending,
1072,2026-03-08 23:44:58.144915+00,,doce y treinta,luis alfonso,0,pop,,contentoso,2024,155,es,spotify_search,https://open.spotify.com/track/7gpvpEkBK98kJImUCWIn4Z,"{""pais"":""CO"",""es_infantil"":false,""todos_artistas"":""Luis Alfonso, Jhonny Rivera"",""spotify_track_id"":""7gpvpEkBK98kJImUCWIn4Z"",""artistas_secundarios"":[]}",pending,
1073,2026-03-08 23:45:03.467641+00,,lo que traje de colombia,jorge meza y su tropi colombia,0,cumbia,,exitos de oro,2024,214,es,spotify_search,https://open.spotify.com/track/6UkXGRKojhAo3TyvK9I4UT,"{""pais"":""CO"",""es_infantil"":false,""todos_artistas"":""Jorge Meza Y Su Tropi Colombia"",""spotify_track_id"":""6UkXGRKojhAo3TyvK9I4UT"",""artistas_secundarios"":[]}",pending,
1074,2026-03-08 23:45:09.443371+00,,cumbia george,jorge meza y su tropi colombia,0,cumbia,,exitos de oro,2024,220,es,spotify_search,https://open.spotify.com/track/5lN36GiViAE8YKT7l3Q3cN,"{""pais"":""CO"",""es_infantil"":false,""todos_artistas"":""Jorge Meza Y Su Tropi Colombia"",""spotify_track_id"":""5lN36GiViAE8YKT7l3Q3cN"",""artistas_secundarios"":[]}",pending,
1075,2026-03-08 23:45:15.113641+00,,coco seco,jorge meza y su tropi colombia,0,cumbia,,exitos de oro,2024,292,es,spotify_search,https://open.spotify.com/track/3ZfoWbkkjQuBlBpJ7rTbLf,"{""pais"":""CO"",""es_infantil"":false,""todos_artistas"":""Jorge Meza Y Su Tropi Colombia"",""spotify_track_id"":""3ZfoWbkkjQuBlBpJ7rTbLf"",""artistas_secundarios"":[]}",pending,
1076,2026-03-09 11:09:33.825291+00,1,son del duke,mix amor amor,196794,reggaeton,,,,367,es,youtube,https://youtube.com/watch?v=pHTtVlGYO94,"{""pais"":""PE"",""posicion"":1,""thumbnail"":""https://i.ytimg.com/vi/pHTtVlGYO94/hqdefault.jpg"",""like_count"":""7221"",""es_infantil"":false,""comment_count"":""701"",""youtube_channel"":""Orquesta SON DEL DUKE"",""youtube_video_id"":""pHTtVlGYO94"",""artistas_secundarios"":[""duke""]}",pending,
1077,2026-03-09 11:09:36.294454+00,7,mariposa traicionera,mana,862496,reggaeton,,,,266,es,youtube,https://youtube.com/watch?v=Ex-SPuzEbOI,"{""pais"":""PE"",""posicion"":7,""thumbnail"":""https://i.ytimg.com/vi/Ex-SPuzEbOI/hqdefault.jpg"",""like_count"":""1946"",""es_infantil"":false,""comment_count"":""14"",""youtube_channel"":""Euphoric."",""youtube_video_id"":""Ex-SPuzEbOI"",""artistas_secundarios"":[]}",pending,
1078,2026-03-09 11:09:38.051841+00,12,clavado en un bar,mana,258808,reggaeton,,,,311,es,youtube,https://youtube.com/watch?v=8oKp6xqcinU,"{""pais"":""PE"",""posicion"":12,""thumbnail"":""https://i.ytimg.com/vi/8oKp6xqcinU/hqdefault.jpg"",""like_count"":""642"",""es_infantil"":false,""comment_count"":""9"",""youtube_channel"":""LatinHype"",""youtube_video_id"":""8oKp6xqcinU"",""artistas_secundarios"":[]}",pending,
1079,2026-03-09 11:09:39.598663+00,14,dejalos que hablen,la bella luz,69903,reggaeton,,,,195,es,youtube,https://youtube.com/watch?v=vLBbbhzWvwk,"{""pais"":""PE"",""posicion"":14,""thumbnail"":""https://i.ytimg.com/vi/vLBbbhzWvwk/hqdefault.jpg"",""like_count"":""4827"",""es_infantil"":false,""comment_count"":""431"",""youtube_channel"":""Orquesta LA BELLA LUZ"",""youtube_video_id"":""vLBbbhzWvwk"",""artistas_secundarios"":[]}",pending,
1080,2026-03-09 11:09:41.143869+00,16,alok zeeba,hear me now,627810,reggaeton,,,,193,es,youtube,https://youtube.com/watch?v=Tdp3FFbSuFc,"{""pais"":""PE"",""posicion"":16,""thumbnail"":""https://i.ytimg.com/vi/Tdp3FFbSuFc/hqdefault.jpg"",""like_count"":""4243"",""es_infantil"":false,""comment_count"":""74"",""youtube_channel"":""LatinHype"",""youtube_video_id"":""Tdp3FFbSuFc"",""artistas_secundarios"":[""bruno martini""]}",pending,
1081,2026-03-09 11:09:42.594345+00,17,gotas de lluvia,grupo niche,204559,reggaeton,,,,377,es,youtube,https://youtube.com/watch?v=B0JdZ2F_r_c,"{""pais"":""PE"",""posicion"":17,""thumbnail"":""https://i.ytimg.com/vi/B0JdZ2F_r_c/hqdefault.jpg"",""like_count"":""351"",""es_infantil"":false,""comment_count"":""4"",""youtube_channel"":""Aura Country"",""youtube_video_id"":""B0JdZ2F_r_c"",""artistas_secundarios"":[]}",pending,
1082,2026-03-09 11:09:44.101043+00,20,bandido,ana barbara,262995,reggaeton,,,,182,es,youtube,https://youtube.com/watch?v=cq6QE5-PWwQ,"{""pais"":""PE"",""posicion"":20,""thumbnail"":""https://i.ytimg.com/vi/cq6QE5-PWwQ/hqdefault.jpg"",""like_count"":""617"",""es_infantil"":false,""comment_count"":""9"",""youtube_channel"":""Keller Lyrics"",""youtube_video_id"":""cq6QE5-PWwQ"",""artistas_secundarios"":[]}",pending,
1083,2026-03-09 11:09:45.470292+00,21,otra como tu,eros ramazzotti,656402,bachata,,,,282,es,youtube,https://youtube.com/watch?v=lgnv_4zeXfI,"{""pais"":""PE"",""posicion"":21,""thumbnail"":""https://i.ytimg.com/vi/lgnv_4zeXfI/hqdefault.jpg"",""like_count"":""2020"",""es_infantil"":false,""comment_count"":""31"",""youtube_channel"":""Lufenix"",""youtube_video_id"":""lgnv_4zeXfI"",""artistas_secundarios"":[]}",pending,
1084,2026-03-09 11:09:47.03376+00,25,creo en ti,reik,290460,reggaeton,,,,167,es,youtube,https://youtube.com/watch?v=yebWZqPnLCw,"{""pais"":""PE"",""posicion"":25,""thumbnail"":""https://i.ytimg.com/vi/yebWZqPnLCw/hqdefault.jpg"",""like_count"":""593"",""es_infantil"":false,""comment_count"":""12"",""youtube_channel"":""Luis Jams"",""youtube_video_id"":""yebWZqPnLCw"",""artistas_secundarios"":[]}",pending,
1085,2026-03-09 11:09:48.554717+00,26,jose jose el amar y el querer,jose jose,167868,reggaeton,,,,236,es,youtube,https://youtube.com/watch?v=Sr0rifOsv8Q,"{""pais"":""PE"",""posicion"":26,""thumbnail"":""https://i.ytimg.com/vi/Sr0rifOsv8Q/hqdefault.jpg"",""like_count"":""434"",""es_infantil"":false,""comment_count"":""3"",""youtube_channel"":""FirePlay"",""youtube_video_id"":""Sr0rifOsv8Q"",""artistas_secundarios"":[""el amar y el querer""]}",pending,
1086,2026-03-09 14:45:59.942002+00,,Test Song 2025,Test Artist 2025,,,,,2025,,,,,,completed,
1087,2026-03-09 15:23:54.835397+00,,Ni Borracho,Quevedo,,,,,0,,,,,,completed,
1088,2026-03-09 15:23:57.789019+00,,Fecha De Caducidad,Melendi,,,,,0,,,,,,completed,
1089,2026-03-09 15:24:02.074391+00,,Por Si Manana No Estoy,Omar Courtz,,,,,0,,,,,,completed,
1090,2026-03-09 15:24:12.997653+00,,1436047,Arcangel,,,,,0,,,,,,completed,
1091,2026-03-09 15:24:18.026934+00,,Wo Oh Oh Part Roa,Omar Courtz,,,,,0,,,,,,completed,
1092,2026-03-09 15:24:21.791949+00,,Bebita,Hidalgo,,,,,0,,,,,,completed,
1093,2026-03-09 15:24:34.314129+00,,4 Babys,Maluma,,,,,0,,,,,,completed,
1094,2026-03-09 15:24:39.813915+00,,2 Punalaitas De Andalucia,Cristina Lora,,,,,0,,,,,,completed,
1095,2026-03-09 15:24:48.376955+00,,La Perla Part Yahritza Y Su Esencia,Rosalia,,,,,0,,,,,,completed,
1096,2026-03-09 15:24:58.856386+00,,Jetski Remix Part Emilia Mc Meno K Y Melody,Pedro Sampaio,,,,,0,,,,,,completed,
1097,2026-03-09 15:25:06.052333+00,,Regu,Siloe,,,,,0,,,,,,completed,
1098,2026-03-09 15:25:09.619065+00,,Dame Otro Motivo,Rojuu,,,,,0,,,,,,completed,
1099,2026-03-09 15:25:14.079761+00,,Lapsus,Ultraligera,,,,,0,,,,,,completed,
1100,2026-03-09 15:25:22.717888+00,,Forever Tu Gantel Part Nengo Flow,Omar Courtz,,,,,0,,,,,,completed,
1101,2026-03-09 15:25:28.598567+00,,Mvlan Part Jc Reyes,Yovngchimi,,,,,0,,,,,,completed,
1102,2026-03-09 15:25:31.849494+00,,Amor Infinito,Siloe,,,,,0,,,,,,completed,
1103,2026-03-09 15:25:38.376603+00,,13444,Extremoduro,,,,,0,,,,,,completed,
1104,2026-03-09 15:25:44.072002+00,,Si Estas Con Alguien,Omar Courtz,,,,,0,,,,,,completed,
1105,2026-03-09 15:25:50.496902+00,,1916481,Los Chunguitos,,,,,0,,,,,,completed,
1106,2026-03-09 15:25:52.855636+00,,Rosita Part Rauw Alejandro Y Jhayco,Tainy,,,,,0,,,,,,completed,
1107,2026-03-09 15:25:55.015275+00,,Choque Part Chencho Corleone,Bad Gyal,,,,,0,,,,,,completed,
1108,2026-03-09 15:25:58.395775+00,,1713421,Raphael,,,,,0,,,,,,completed,
1109,2026-03-09 15:26:00.533155+00,,Puntos Suspensivos,Robe Iniesta,,,,,0,,,,,,completed,
1110,2026-03-09 15:26:04.247373+00,,13442,Extremoduro,,,,,0,,,,,,completed,
1111,2026-03-09 15:26:08.759771+00,,Nuevayol,Bad Bunny,,,,,0,,,,,,completed,
1112,2026-03-09 15:26:11.487135+00,,Torrente Presidente,Taburete,,,,,0,,,,,,completed,
1113,2026-03-09 15:26:16.038277+00,,Quiero,La Reina Del Flow,,,,,0,,,,,,completed,
1114,2026-03-09 15:26:19.202237+00,,1657452,Shakira,,,,,0,,,,,,completed,
1115,2026-03-09 15:26:23.968532+00,,Disfruto,Carla Morrison,,,,,0,,,,,,completed,
1116,2026-03-09 15:26:27.690023+00,,Gout,La Pantera,,,,,0,,,,,,completed,
1117,2026-03-09 15:26:30.459768+00,,No Se Si Quiero Volver,Guille Toledano,,,,,0,,,,,,completed,
1118,2026-03-09 15:26:34.319065+00,,74888,Aventura,,,,,0,,,,,,completed,
1119,2026-03-09 15:26:38.897996+00,,Superestrella,Aitana,,,,,0,,,,,,completed,
1120,2026-03-09 15:26:42.589743+00,,Sabado Noche,Olivia Bay,,,,,0,,,,,,completed,
1121,2026-03-09 15:26:49.226471+00,,El Pollito Pio,Reino Ifantil,,,,,0,,,,,,completed,
1122,2026-03-09 15:26:51.602646+00,,Saturno,Pablo Alboran,,,,,0,,,,,,completed,
1123,2026-03-09 15:26:58.422794+00,,Algo De Mi,Pablo Alboran,,,,,0,,,,,,completed,
1124,2026-03-09 15:27:05.703301+00,,385920,Nino Bravo,,,,,0,,,,,,completed,
1125,2026-03-09 15:27:08.109762+00,,Koko,Omar Courtz,,,,,0,,,,,,completed,
1126,2026-03-09 15:27:10.275162+00,,Si Te Vas,Extremoduro,,,,,0,,,,,,completed,
1127,2026-03-09 15:27:12.470715+00,,Dtmf,Bad Bunny,,,,,0,,,,,,completed,
1128,2026-03-09 15:27:16.279056+00,,Flaiteera Part Sinaka Kennat Y Benja Valencia,Saiko Trap,,,,,0,,,,,,completed,
1129,2026-03-09 15:27:21.127143+00,,Querer,Viva Suecia,,,,,0,,,,,,completed,
1130,2026-03-09 15:27:23.569074+00,,233350,Melendi,,,,,0,,,,,,completed,
1131,2026-03-09 15:27:25.922839+00,,Titi Me Pregunto,Bad Bunny,,,,,0,,,,,,completed,
1132,2026-03-09 15:27:30.10647+00,,Mi Destino,La Reina Del Flow,,,,,0,,,,,,completed,
1133,2026-03-09 15:27:33.380983+00,,345650,Armando Manzanero,,,,,0,,,,,,completed,
1134,2026-03-09 15:27:41.351116+00,,1343920,Melendi,,,,,0,,,,,,completed,
1135,2026-03-09 15:27:51.554483+00,,611600,Venegas Julieta,,,,,0,,,,,,completed,
1136,2026-03-09 15:27:56.407631+00,,Porque Eres Tu Version Sky,La Reina Del Flow,,,,,0,,,,,,completed,
1137,2026-03-09 15:28:01.611608+00,,1355100,Maldita Nerea,,,,,0,,,,,,completed,
1138,2026-03-09 15:28:07.104445+00,,18338,Hombres G,,,,,0,,,,,,completed,
1139,2026-03-09 15:28:09.28394+00,,444 Remix Part De La Rose Hades66 Y Nengo Flow,Yan Block,,,,,0,,,,,,completed,
1140,2026-03-09 15:28:13.468698+00,,Golfista Part Rvfv,Camin,,,,,0,,,,,,completed,
1141,2026-03-09 15:28:16.248306+00,,1056471,Jurado Rocio,,,,,0,,,,,,completed,
1142,2026-03-09 15:28:22.315749+00,,Caida Libre Part Robe,Leiva,,,,,0,,,,,,completed,
1143,2026-03-09 15:28:28.197015+00,,Baile Inolvidable,Bad Bunny,,,,,0,,,,,,completed,
1144,2026-03-09 15:28:30.424126+00,,Falsas Promesas Remix Part Roa Mora Eladio Carrion Y Clarent,Midnvght,,,,,0,,,,,,completed,
1145,2026-03-09 15:28:32.935969+00,,Ouviou,Hades 66,,,,,0,,,,,,completed,
1146,2026-03-09 15:28:37.80455+00,,Estrellita Donde Estas,Canciones Para Nios,,,,,0,,,,,,completed,
1147,2026-03-09 15:28:40.743851+00,,Hala Madrid Y Nada Mas,Real Madrid,,,,,0,,,,,,completed,
1148,2026-03-09 15:28:47.354552+00,,Cuando No Era Cantante Remix Part Anuel Aa Fuerza Regida Y Yung Beef,El Bogueto,,,,,0,,,,,,completed,
1149,2026-03-09 15:28:54.450942+00,,399792,Chavela Vargas,,,,,0,,,,,,completed,
1150,2026-03-09 15:29:00.231578+00,,El Taxi Ft Osmani Garcia,Pitbull,,,,,0,,,,,,completed,
1151,2026-03-09 15:29:04.950235+00,,3246678,Aitana,,,,,0,,,,,,completed,
1152,2026-03-09 15:29:07.140304+00,,35948,Shakira,,,,,0,,,,,,completed,
1153,2026-03-09 15:29:09.533207+00,,Aladdin Un Mundo Ideal,Disney,,,,,0,,,,,,completed,
1154,2026-03-09 15:29:17.851217+00,,Chiquitita Spanish Version,Abba,,,,,0,,,,,,completed,
1155,2026-03-09 15:29:21.765557+00,,Yo Quiero,Hades 66,,,,,0,,,,,,completed,
1156,2026-03-09 15:29:26.310765+00,,Cafe Con Ron Part Los Pleneros De La Cresta,Bad Bunny,,,,,0,,,,,,completed,
1157,2026-03-09 15:29:28.511227+00,,Uelta Gatita Uelta Part Dei V Y Clarent,Omar Courtz,,,,,0,,,,,,completed,
1158,2026-03-09 15:29:33.013905+00,,Todos Los Besos,Siloe,,,,,0,,,,,,completed,
1159,2026-03-09 15:29:36.199958+00,,La Historia De Camila,Joaquin Da Rosa,,,,,0,,,,,,completed,
1160,2026-03-09 15:29:43.717575+00,,Tu Olvido,Kaze,,,,,0,,,,,,completed,
1161,2026-03-09 15:29:52.90512+00,,Hasta La Raiz,Natalia Lafourcade,,,,,0,,,,,,completed,
1162,2026-03-09 15:29:55.25909+00,,Cara Al Sol,355141,,,,,0,,,,,,completed,
1163,2026-03-09 15:30:00.691358+00,,En Mi Corazon,Tarzan,,,,,0,,,,,,completed,
1164,2026-03-09 15:30:05.31514+00,,557870,Extremoduro,,,,,0,,,,,,completed,
1165,2026-03-09 15:30:09.178637+00,,La Cancion De Nuestro Baile,Antonio Jose,,,,,0,,,,,,completed,
1166,2026-03-09 15:30:23.795516+00,,Shakira Bzrp Music Sessions Vol 53,Bizarrap,,,,,0,,,,,,completed,
1167,2026-03-09 15:30:27.329766+00,,Daddy Yankee Bzrp Music Sessions 066,Bizarrap,,,,,0,,,,,,completed,
1168,2026-03-09 15:30:32.684755+00,,Nino,Milo J,,,,,0,,,,,,completed,
1169,2026-03-09 15:30:35.175335+00,,132235,Joaquin Sabina,,,,,0,,,,,,completed,
1170,2026-03-09 15:30:38.667411+00,,169326,Andrea Bocelli,,,,,0,,,,,,completed,
1171,2026-03-09 15:30:41.446118+00,,1060063,Disney,,,,,0,,,,,,completed,
1172,2026-03-09 15:30:43.682494+00,,La Ramona,Fernando Esteso,,,,,0,,,,,,completed,
1173,2026-03-09 15:30:46.081421+00,,Los Paracaidas,Samurai,,,,,0,,,,,,completed,
1174,2026-03-09 15:30:50.89453+00,,515029,M Clan,,,,,0,,,,,,completed,
1175,2026-03-09 15:30:53.064568+00,,1730685,Don Omar,,,,,0,,,,,,completed,
1176,2026-03-09 15:31:00.478697+00,,4316,Ruben Blades,,,,,0,,,,,,completed,
1177,2026-03-09 15:31:10.587077+00,,Fenix,La Reina Del Flow,,,,,0,,,,,,completed,
1178,2026-03-09 15:31:13.509223+00,,Marcha Real Espanola Himno De Espana Version 1928,Himno De Paises,,,,,0,,,,,,completed,
1179,2026-03-09 15:31:15.93448+00,,Locura Transitoria,Extremoduro,,,,,0,,,,,,completed,
1180,2026-03-09 15:31:19.751092+00,,Me Quedo Contigo,Rosalia,,,,,0,,,,,,completed,
1181,2026-03-09 15:31:24.656419+00,,Traumas E Indica,La Pantera,,,,,0,,,,,,completed,
1182,2026-03-09 15:31:28.573221+00,,1813534,Nina Pastori,,,,,0,,,,,,completed,
1183,2026-03-09 15:31:40.272048+00,,Como En El Idilio Part Nathy Peluso,Marc Anthony,,,,,0,,,,,,completed,
1184,2026-03-09 15:31:45.534264+00,,557841,Extremoduro,,,,,0,,,,,,completed,
1185,2026-03-09 15:31:48.948133+00,,1366792,Los Chichos,,,,,0,,,,,,completed,
1186,2026-03-09 15:31:53.236906+00,,Alo Part Sinaka,Katteyes,,,,,0,,,,,,completed,
1187,2026-03-09 15:31:58.036959+00,,Dorada Version En Espanol Latino,Huntrx,,,,,0,,,,,,completed,
1188,2026-03-09 15:32:08.864162+00,,Alma,La Reina Del Flow,,,,,0,,,,,,completed,
1189,2026-03-09 15:32:11.664626+00,,Tonto Part Ryan Castro Y Dj Snake,J Balvin,,,,,0,,,,,,completed,
1190,2026-03-09 15:32:17.357002+00,,132258,Joaquin Sabina,,,,,0,,,,,,completed,
1191,2026-03-09 15:32:23.322127+00,,Yeshua Quiero Conocer A Jesus,Llevame De Vuelta,,,,,0,,,,,,completed,
1192,2026-03-09 15:32:26.606084+00,,El Mundo Se Va A Acabar Part Karbeats,Omar Courtz,,,,,0,,,,,,completed,
1193,2026-03-09 15:32:30.379134+00,,Cinco Lobitos,Canciones Para Nios,,,,,0,,,,,,completed,
1194,2026-03-09 15:32:36.693093+00,,Es El Part Marcos Brunet,Felipe S Santos,,,,,0,,,,,,completed,
1195,2026-03-09 15:32:39.205288+00,,Cheque Al Portamor,Melendi,,,,,0,,,,,,completed,
1196,2026-03-09 15:32:44.735704+00,,Lola,Kiko Rivera,,,,,0,,,,,,completed,
1197,2026-03-09 15:32:58.575522+00,,Halo Part La Pantera,Quevedo,,,,,0,,,,,,completed,
1198,2026-03-09 15:33:04.396121+00,,672936,Ricchi Poveri,,,,,0,,,,,,completed,
1199,2026-03-09 15:33:08.591111+00,,559857,Barricada,,,,,0,,,,,,completed,
1200,2026-03-09 15:33:10.931267+00,,Candy,Plan B,,,,,0,,,,,,completed,
1201,2026-03-09 15:33:21.656471+00,,444,Yan Block,,,,,0,,,,,,completed,
1202,2026-03-09 15:33:25.465687+00,,Nyx00 Part Jc Reyes,Dei V,,,,,0,,,,,,completed,
1203,2026-03-09 15:33:28.293763+00,,Cayendo,Lil Gz,,,,,0,,,,,,completed,
1204,2026-03-09 15:33:35.224364+00,,810606,Alaska Dinarama,,,,,0,,,,,,completed,
1205,2026-03-09 15:33:40.918053+00,,Mascara Remix Part K John Juhn Yan Block Y Hades66,Mvchoo23,,,,,0,,,,,,completed,
1206,2026-03-09 15:33:45.27498+00,,Tu Carcel,Morat,,,,,0,,,,,,completed,
1207,2026-03-09 15:33:51.041895+00,,34773,Joaquin Sabina,,,,,0,,,,,,completed,
1208,2026-03-09 15:33:54.640876+00,,Chevere Premium_Remix Part Ryan Castro,Aria Vega,,,,,0,,,,,,completed,
1209,2026-03-09 15:33:59.886064+00,,Manos Blancas,Ximena Castro,,,,,0,,,,,,completed,
1210,2026-03-09 15:34:06.318981+00,,El Hombre Pajaro,Robe Iniesta,,,,,0,,,,,,completed,
1211,2026-03-09 15:34:10.442476+00,,385922,Nino Bravo,,,,,0,,,,,,completed,
1212,2026-03-09 15:34:12.881173+00,,Coqueta Part Fuerza Regida,Grupo Frontera,,,,,0,,,,,,completed,
1213,2026-03-09 15:34:15.338257+00,,Isla Del Amor,Demarco Flamenco,,,,,0,,,,,,completed,
1214,2026-03-09 15:34:18.723228+00,,Eres Mia,Romeo Santos,,,,,0,,,,,,completed,
1215,2026-03-09 15:34:22.483123+00,,Blanca Vs Elsa,Cuentame Tu Helenepri,,,,,0,,,,,,completed,
1216,2026-03-09 15:34:26.594709+00,,1711281,Camaron De La Isla,,,,,0,,,,,,completed,
1217,2026-03-09 15:34:29.45159+00,,557839,Extremoduro,,,,,0,,,,,,completed,
1218,2026-03-09 15:34:34.315783+00,,Cuando En Marcha Voy,Bob Esponja,,,,,0,,,,,,completed,
1219,2026-03-09 15:34:36.754935+00,,Labios De Rojo,Merche,,,,,0,,,,,,completed,
1220,2026-03-09 15:34:40.319867+00,,Depredador,La Reina Del Flow,,,,,0,,,,,,completed,
1221,2026-03-09 15:34:42.662448+00,,Tiroteo Remix Part Rauw Alejandro Y Pol Granch,Marc Segui,,,,,0,,,,,,completed,
1222,2026-03-09 15:34:48.229502+00,,La Salvacion,Arde Bogota,,,,,0,,,,,,completed,
1223,2026-03-09 15:34:50.418061+00,,Si Antes Te Hubiera Conocido,Karol G,,,,,0,,,,,,completed,
1224,2026-03-09 15:34:53.235983+00,,Virgen Putita,Metrika,,,,,0,,,,,,completed,
1225,2026-03-09 15:35:02.417495+00,,614056,Fito Fitipaldis,,,,,0,,,,,,completed,
1226,2026-03-09 15:35:04.923517+00,,No Puedo Vivir Sin Ti,Los Ronaldos,,,,,0,,,,,,completed,
1227,2026-03-09 15:35:18.631364+00,,119501,Daddy Yankee,,,,,0,,,,,,completed,
1228,2026-03-09 15:35:25.992573+00,,791290,Fito Fitipaldis,,,,,0,,,,,,completed,
1229,2026-03-09 15:35:32.31016+00,,La Sacapuntas Part Kabasaki Zeno El Faraon Y Kristina,L0Rna,,,,,0,,,,,,completed,
1230,2026-03-09 15:35:34.728154+00,,Moonlight Part Eladio Carrion,Omar Courtz,,,,,0,,,,,,completed,
1231,2026-03-09 15:35:39.006695+00,,Primavera,Division Azul,,,,,0,,,,,,completed,
1232,2026-03-09 15:35:41.576468+00,,Totos De Locas Monster High Version,Metrika,,,,,0,,,,,,completed,
1233,2026-03-09 15:35:43.97604+00,,T Amare Benidorm Fest 2026 Part Lucycalys,Tony Grox,,,,,0,,,,,,completed,
1234,2026-03-09 15:35:46.162503+00,,135977,Marc Anthony,,,,,0,,,,,,completed,
1235,2026-03-09 15:35:50.082427+00,,1024534,Antonio Flores,,,,,0,,,,,,completed,
1236,2026-03-09 15:35:59.786837+00,,Vulnerable Part Dani Fernandez,Walls,,,,,0,,,,,,completed,
1237,2026-03-09 15:36:08.504506+00,,Velda Part Omar Courtz Y Dei V,Bad Bunny,,,,,0,,,,,,completed,
1238,2026-03-09 15:36:10.635345+00,,26169,Pablo Milanes,,,,,0,,,,,,completed,
1239,2026-03-09 15:36:14.050133+00,,Pescador De Hombres,Canciones Religiosas,,,,,0,,,,,,completed,
1240,2026-03-09 15:36:17.664482+00,,Sexo Violencia Y Llantas,Rosalia,,,,,0,,,,,,completed,
1241,2026-03-09 15:36:20.068394+00,,The Sundays Part Evar,Rojuu,,,,,0,,,,,,completed,
1242,2026-03-09 15:36:22.610499+00,,Dardos Part Prince Royce,Romeo Santos,,,,,0,,,,,,completed,
1243,2026-03-09 15:36:29.904911+00,,557889,Extremoduro,,,,,0,,,,,,completed,
1244,2026-03-09 15:36:32.099668+00,,Tu No Vive Asi,Bad Bunny,,,,,0,,,,,,completed,
1245,2026-03-09 15:36:37.741588+00,,1230116,El Canto Del Loco,,,,,0,,,,,,completed,
1246,2026-03-09 15:36:47.461021+00,,Volando Remix Part Bad Bunny Y Sech,Mora,,,,,0,,,,,,completed,
1247,2026-03-09 15:36:50.289047+00,,Soda Pop Espanol Latino,Saja Boys,,,,,0,,,,,,completed,
1248,2026-03-09 15:36:56.165939+00,,Comernos Part Bad Gyal,Omar Courtz,,,,,0,,,,,,completed,
1249,2026-03-09 15:37:03.20226+00,,Un Beso,Nueva Linea,,,,,0,,,,,,completed,
1250,2026-03-09 15:37:15.297844+00,,Quiero Decirte Part Ana Mena,Abraham Mateo,,,,,0,,,,,,completed,
1251,2026-03-09 15:37:17.458156+00,,Sirena,Omar Courtz,,,,,0,,,,,,completed,
1252,2026-03-09 15:37:21.641318+00,,1657392,Los Secretos,,,,,0,,,,,,completed,
1253,2026-03-09 15:37:27.314369+00,,La Villa,Ryan Castro,,,,,0,,,,,,completed,
1254,2026-03-09 15:37:34.084639+00,,843243,Parchis,,,,,0,,,,,,completed,
1255,2026-03-09 15:37:38.867503+00,,Donde Vas,Alejandro Astola,,,,,0,,,,,,completed,
1256,2026-03-09 15:37:41.601838+00,,1024524,Antonio Flores,,,,,0,,,,,,completed,
1257,2026-03-09 15:37:44.966598+00,,Nina,Ogcale,,,,,0,,,,,,completed,
1258,2026-03-09 15:37:49.674183+00,,557882,Extremoduro,,,,,0,,,,,,completed,
1259,2026-03-09 15:37:58.278075+00,,Bonita Bonita,4Amtapes,,,,,0,,,,,,completed,
1260,2026-03-09 15:38:04.63106+00,,No Se Part Recycled J Y Lia Kali,Natos Y Waor,,,,,0,,,,,,completed,
1261,2026-03-09 15:38:08.161102+00,,25557,Mecano,,,,,0,,,,,,completed,
1262,2026-03-09 15:38:13.747384+00,,Aquel Nap Zzzz,Rauw Alejandro,,,,,0,,,,,,completed,
1263,2026-03-09 15:38:16.135178+00,,19701,Jarabe De Palo,,,,,0,,,,,,completed,
1264,2026-03-09 15:38:18.496447+00,,570258,Raffaella Carra,,,,,0,,,,,,completed,
1265,2026-03-09 15:38:21.266513+00,,Que Bien,Izal,,,,,0,,,,,,completed,
1266,2026-03-09 15:38:30.193886+00,,Dejala Que Baile,Melendi,,,,,0,,,,,,completed,
1267,2026-03-09 15:38:34.117214+00,,El Fin Del Mundo Part Olaya Axolotes Mexicanos,La La Love You,,,,,0,,,,,,completed,
1268,2026-03-09 15:38:38.847186+00,,Pasamos A Cuartos,Fran Mg,,,,,0,,,,,,completed,
1269,2026-03-09 15:38:44.375833+00,,Ciudad De Papel,Malu,,,,,0,,,,,,completed,
1270,2026-03-09 15:38:46.924983+00,,Mi Sol Version Yeimy E Irma,La Reina Del Flow,,,,,0,,,,,,completed,
1271,2026-03-09 15:38:49.341924+00,,Da Me,Bad Gyal,,,,,0,,,,,,completed,
1272,2026-03-09 15:38:54.103618+00,,No Puedo Vivir Sin Ti No Hay Manera,Aitana,,,,,0,,,,,,completed,
1273,2026-03-09 15:38:57.672505+00,,Las Fotos,Xavibo,,,,,0,,,,,,completed,
1274,2026-03-09 15:39:03.813424+00,,Cayo La Noche Remix,La Pantera,,,,,0,,,,,,completed,
1275,2026-03-09 15:39:06.264775+00,,Buenos Dias,Eladio Carrion,,,,,0,,,,,,completed,
1276,2026-03-09 15:39:10.158643+00,,925818,Trio Los Panchos,,,,,0,,,,,,completed,
1277,2026-03-09 15:39:14.26909+00,,Perdoname,La Reina Del Flow,,,,,0,,,,,,completed,
1278,2026-03-09 15:39:16.675022+00,,Soy Afortunado,Manuel Carrasco,,,,,0,,,,,,completed,
1279,2026-03-09 15:39:21.068256+00,,755522,Vicente Fernandez,,,,,0,,,,,,completed,
1280,2026-03-09 15:39:23.889333+00,,1922570,Engo Flow,,,,,0,,,,,,completed,
1281,2026-03-09 15:39:26.291395+00,,Bala Perdia,Kinky Bwoy,,,,,0,,,,,,completed,
1282,2026-03-09 15:39:28.755036+00,,Hijos De La Ruina Part Recycled J,Natos Y Waor,,,,,0,,,,,,completed,
1283,2026-03-09 15:39:39.581387+00,,13443,Extremoduro,,,,,0,,,,,,completed,
1284,2026-03-09 15:39:42.041311+00,,1366776,Los Chichos,,,,,0,,,,,,completed,
1285,2026-03-09 15:39:44.897031+00,,M A I,Milo J,,,,,0,,,,,,completed,
1286,2026-03-09 15:39:47.598858+00,,Uno Se Cura Part Pirlo,Esteban Rojas,,,,,0,,,,,,completed,
1287,2026-03-09 15:39:56.230754+00,,177122,Shakira,,,,,0,,,,,,completed,
1288,2026-03-09 15:40:02.449431+00,,La Ultima Vez Part Bad Bunny,Anuel,,,,,0,,,,,,completed,
1289,2026-03-09 15:40:05.04189+00,,La Bondad De Dios,Stayinfaith,,,,,0,,,,,,completed,
1290,2026-03-09 15:40:08.546077+00,,Ven A Mi Habitacion,Johan De Manresa,,,,,0,,,,,,completed,
1291,2026-03-09 15:40:11.006445+00,,Yo Lo Vivi Part Moha The B,Cyril Kamer,,,,,0,,,,,,completed,
1292,2026-03-09 15:40:15.017694+00,,5278,Bose Miguel,,,,,0,,,,,,completed,
1293,2026-03-09 15:40:20.036272+00,,1095025,Julio Iglesias,,,,,0,,,,,,completed,
1294,2026-03-09 15:40:26.350686+00,,Nada Que Perder,Robe Iniesta,,,,,0,,,,,,completed,
1295,2026-03-09 15:40:28.514989+00,,6 De Febrero,Aitana,,,,,0,,,,,,completed,
1296,2026-03-09 15:40:31.945218+00,,Cuando Nadie Nos Mira Part Recycled J,Natos Y Waor,,,,,0,,,,,,completed,
1297,2026-03-09 15:40:34.203553+00,,530450,Danza Invisible,,,,,0,,,,,,completed,
1298,2026-03-09 15:40:36.697671+00,,1139811,Fondo Flamenco,,,,,0,,,,,,completed,
1299,2026-03-09 15:40:41.192587+00,,Duele El Corazon,Enrique Iglesias,,,,,0,,,,,,completed,
1300,2026-03-09 15:40:48.36451+00,,Porque Tu Y Yo Version Charly Flow,La Reina Del Flow,,,,,0,,,,,,completed,
1301,2026-03-09 15:40:51.166882+00,,La Yugular,Rosalia,,,,,0,,,,,,completed,
1302,2026-03-09 15:40:53.706713+00,,Volveras A Quererme Manana,Perfecto Miserable,,,,,0,,,,,,completed,
1303,2026-03-09 15:40:57.495979+00,,223055,El Canto Del Loco,,,,,0,,,,,,completed,
1304,2026-03-09 15:40:59.68305+00,,319923,Julio Iglesias,,,,,0,,,,,,completed,
1305,2026-03-09 15:41:02.078559+00,,805915,Miguel Rios,,,,,0,,,,,,completed,
1306,2026-03-09 15:41:04.658143+00,,1184991,La Casa Azul,,,,,0,,,,,,completed,
1307,2026-03-09 15:41:07.52357+00,,1664969,Fito Fitipaldis,,,,,0,,,,,,completed,
1308,2026-03-09 15:41:11.424823+00,,El Paraiso,Mikel Izal,,,,,0,,,,,,completed,
1309,2026-03-09 15:41:14.222688+00,,Conejita Playboy,Metrika,,,,,0,,,,,,completed,
1310,2026-03-09 15:41:17.105023+00,,L A K E N O S H I,Omar Courtz,,,,,0,,,,,,completed,
1311,2026-03-09 15:41:20.933449+00,,Todos Los Dias Sale El Sol,Bongo Botrako,,,,,0,,,,,,completed,
1312,2026-03-09 15:41:23.388272+00,,La Morocha Part Bm,Luck Ra,,,,,0,,,,,,completed,
1313,2026-03-09 15:41:27.591969+00,,Voy A Llevarte Pa Pr,Bad Bunny,,,,,0,,,,,,completed,
1314,2026-03-09 15:41:36.302794+00,,Fiesta En El Desierto,Montesanto,,,,,0,,,,,,completed,
1315,2026-03-09 15:41:42.848261+00,,Minero,Elrubius,,,,,0,,,,,,completed,
1316,2026-03-09 15:41:50.698104+00,,Buona Sera,Losninosdelcaminito,,,,,0,,,,,,completed,
1317,2026-03-09 15:41:53.596086+00,,A Mi Me Vale,Alvaro Garcia,,,,,0,,,,,,completed,
1318,2026-03-09 15:41:56.380073+00,,The Flows Son Black,El Americano 4Kt,,,,,0,,,,,,completed,
1319,2026-03-09 15:41:59.125544+00,,Pasion Y Sexo Part Roa,Kris R,,,,,0,,,,,,completed,
1320,2026-03-09 15:42:04.029383+00,,131299,Silvio Rodriguez,,,,,0,,,,,,completed,
1321,2026-03-09 15:42:07.937601+00,,1707564,Siniestro Total,,,,,0,,,,,,completed,
1322,2026-03-09 15:42:12.401318+00,,La Leyenda Del Rey Y El Mago,Bendercat,,,,,0,,,,,,completed,
1323,2026-03-09 15:42:16.083163+00,,206996,El Canto Del Loco,,,,,0,,,,,,completed,
1324,2026-03-09 15:42:20.013628+00,,Tu Jardin Con Enanitos,Melendi,,,,,0,,,,,,completed,
1325,2026-03-09 15:42:22.786397+00,,Guantanamera,Compay Segundo,,,,,0,,,,,,completed,
1326,2026-03-09 15:42:26.669863+00,,Bonnie E Clyde Remix Part Luar La L Y Omar Courtz,Izaak,,,,,0,,,,,,completed,
1327,2026-03-09 15:42:30.867628+00,,Que Culpa Tiene El Lunes De No Ser Un Sabado,Grecas Es,,,,,0,,,,,,completed,
1328,2026-03-09 15:42:36.931693+00,,163391,Juan Luis Guerra,,,,,0,,,,,,completed,
1329,2026-03-09 15:42:39.666564+00,,1050730,Danny Berrios,,,,,0,,,,,,completed,
1330,2026-03-09 15:42:42.975302+00,,Acrostico,Shakira,,,,,0,,,,,,completed,
1331,2026-03-09 15:42:45.843333+00,,Los Columpios,Lola Tuduri,,,,,0,,,,,,completed,
1332,2026-03-09 15:42:55.089709+00,,Himno Oficial Del Centenario Del Sevilla F C,El Arrebato,,,,,0,,,,,,completed,
1333,2026-03-09 15:42:57.538142+00,,Corazon De Cristal,Alejandro Astola,,,,,0,,,,,,completed,
1334,2026-03-09 15:42:59.947769+00,,Replica Part Ozuna,Hades 66,,,,,0,,,,,,completed,
1335,2026-03-09 15:43:03.517011+00,,1926248,Maria Jimenez,,,,,0,,,,,,completed,
1336,2026-03-09 15:43:05.982106+00,,Jesucristo Basta,Un Corazon,,,,,0,,,,,,completed,
1337,2026-03-09 15:43:08.686493+00,,El Efecto,Rauw Alejandro,,,,,0,,,,,,completed,
1338,2026-03-09 15:43:16.393109+00,,Elena,Andres Suarez,,,,,0,,,,,,completed,
1339,2026-03-09 15:43:22.376707+00,,178742,Carlos Gardel,,,,,0,,,,,,completed,
1340,2026-03-09 15:43:25.141753+00,,188806,David Bisbal,,,,,0,,,,,,completed,
1342,2026-03-09 15:43:32.143447+00,,Por Primera Vez En Anos,Carmen Lopez,,,,,0,,,,,,completed,
1343,2026-03-09 15:43:41.524223+00,,Vas A Quedarte,Aitana,,,,,0,,,,,,completed,
1344,2026-03-09 15:43:44.006703+00,,Tuchat,Quevedo,,,,,0,,,,,,completed,
1345,2026-03-09 15:43:47.873012+00,,Porcelana,Rosalia,,,,,0,,,,,,completed,
1346,2026-03-09 15:43:50.663114+00,,13075,Estopa,,,,,0,,,,,,completed,
1347,2026-03-09 15:43:53.391374+00,,Dueles,Jesse Joy,,,,,0,,,,,,completed,
1348,2026-03-09 15:43:57.219589+00,,Esclava Part Anonimus,Bryant Myers,,,,,0,,,,,,completed,
1349,2026-03-09 15:44:00.547175+00,,Dulces Suenozzz Interludio Part Rubi,Omar Courtz,,,,,0,,,,,,completed,
1350,2026-03-09 15:44:05.59105+00,,1366772,Los Chichos,,,,,0,,,,,,completed,
1351,2026-03-09 15:44:09.1803+00,,La Fiesta,Pedro Capo,,,,,0,,,,,,completed,
1352,2026-03-09 15:44:14.695036+00,,Gran Error,Claudia Arenas,,,,,0,,,,,,completed,
1353,2026-03-09 15:44:20.19019+00,,Reggaeton Champagne,Bellakath,,,,,0,,,,,,completed,
1354,2026-03-09 15:44:24.351118+00,,Lobos Con Hambre,Kaze,,,,,0,,,,,,completed,
1355,2026-03-09 15:44:27.679806+00,,531327,Tito El Bambino,,,,,0,,,,,,completed,
1356,2026-03-09 15:44:30.476742+00,,557888,Extremoduro,,,,,0,,,,,,completed,
1357,2026-03-09 15:44:32.910173+00,,1083560,Victor Manuel,,,,,0,,,,,,completed,
1358,2026-03-09 15:44:36.527972+00,,Superheroes Part Mr Rain,Beret,,,,,0,,,,,,completed,
1359,2026-03-09 15:44:39.578414+00,,Leyenda,La Reina Del Flow,,,,,0,,,,,,completed,
1360,2026-03-09 15:44:42.731985+00,,Roomservice Part Lenny Tavarez,Justin Quiles,,,,,0,,,,,,completed,
1361,2026-03-09 15:44:46.988285+00,,27859,Nek,,,,,0,,,,,,completed,
1362,2026-03-09 15:44:53.153509+00,,1153972,Trio Los Panchos,,,,,0,,,,,,completed,
1363,2026-03-09 15:44:55.870276+00,,Flor Que Da Fulgor,Danna Paola,,,,,0,,,,,,completed,
1364,2026-03-09 15:44:58.73553+00,,Crimen,K4Os,,,,,0,,,,,,completed,
1365,2026-03-09 15:45:02.668875+00,,133590,Shakira,,,,,0,,,,,,completed,
1366,2026-03-09 15:45:05.182837+00,,163420,Juan Luis Guerra,,,,,0,,,,,,completed,
1367,2026-03-09 15:45:10.542001+00,,Super Residente Challenger,Jon Z,,,,,0,,,,,,completed,
1368,2026-03-09 15:45:12.886081+00,,Kloufrens,Bad Bunny,,,,,0,,,,,,completed,
1369,2026-03-09 15:45:16.0673+00,,Ayer La Vi Bpa26 Part Omar Montes,Juan Magan,,,,,0,,,,,,completed,
1370,2026-03-09 15:45:19.838893+00,,65337,Juanes,,,,,0,,,,,,completed,
1371,2026-03-09 15:45:23.676472+00,,Despacito,Luis Fonsi,,,,,0,,,,,,completed,
1372,2026-03-09 15:45:26.175559+00,,El Bien,Viva Suecia,,,,,0,,,,,,completed,
1373,2026-03-09 15:45:30.383308+00,,Ta Bien Part Beele,Nicky Jam,,,,,0,,,,,,completed,
1374,2026-03-09 15:45:37.03509+00,,909957,Camaron De La Isla,,,,,0,,,,,,completed,
1375,2026-03-09 15:45:48.190547+00,,Las Munequitas Part Mr Plata,El Americano 4Kt,,,,,0,,,,,,completed,
1376,2026-03-09 15:45:50.754899+00,,11876,Duncan Dhu,,,,,0,,,,,,completed,
1377,2026-03-09 15:45:54.546451+00,,490767,La Oreja De Van Gogh Musicas,,,,,0,,,,,,completed,
1378,2026-03-09 15:45:57.307685+00,,528317,32,,,,,0,,,,,,completed,
1379,2026-03-09 15:45:59.495463+00,,1860199,Danna Paola,,,,,0,,,,,,completed,
1380,2026-03-09 15:46:02.904991+00,,Cristo Jesus Eres Mi Plenitud,Marcos Brunet,,,,,0,,,,,,completed,
1381,2026-03-09 15:46:05.672425+00,,Contra Todos,Robe Iniesta,,,,,0,,,,,,completed,
1382,2026-03-09 15:46:09.185911+00,,Quevedo Bzrp Music Sessions 52,Bizarrap,,,,,0,,,,,,completed,
1383,2026-03-09 15:46:13.07501+00,,Luz,Antonio Jose,,,,,0,,,,,,completed,
1384,2026-03-09 15:46:15.638006+00,,Charles E Shidou Rap Blue Lock Caos Demoniaco Part Kaiserrg,Khai Rap,,,,,0,,,,,,completed,
1385,2026-03-09 15:46:21.711836+00,,492424,Luz Casal,,,,,0,,,,,,completed,
1386,2026-03-09 15:46:25.806688+00,,La Puerta Violeta,Maria Rozalen,,,,,0,,,,,,completed,
1387,2026-03-09 15:46:33.152088+00,,355219,Jeanette,,,,,0,,,,,,completed,
1388,2026-03-09 15:46:36.518257+00,,533121,Alejandro Sanz,,,,,0,,,,,,completed,
1389,2026-03-09 15:46:39.891705+00,,1366798,Los Chichos,,,,,0,,,,,,completed,
1390,2026-03-09 15:46:44.71751+00,,La Sirenita Bajo Del Mar,Disney,,,,,0,,,,,,completed,
1391,2026-03-09 15:46:49.598764+00,,Ashe,La Pantera,,,,,0,,,,,,completed,
1392,2026-03-09 15:46:58.435142+00,,1243602,Carlos Baute,,,,,0,,,,,,completed,
1393,2026-03-09 15:47:01.936897+00,,Palabra Prohibida,Samurai,,,,,0,,,,,,completed,
1394,2026-03-09 15:47:04.785511+00,,Toto De Loca,Metrika,,,,,0,,,,,,completed,
1395,2026-03-09 15:47:07.228755+00,,Yo Soy La Ofrenda,Montesanto,,,,,0,,,,,,completed,
1396,2026-03-09 15:47:12.006037+00,,619164,Fito Fitipaldis,,,,,0,,,,,,completed,
1397,2026-03-09 15:47:14.826288+00,,1419448,Pedro Infante,,,,,0,,,,,,completed,
1398,2026-03-09 15:47:17.48477+00,,Los Tontos,C Tangana,,,,,0,,,,,,completed,
1399,2026-03-09 15:47:23.392745+00,,32283,Eros Ramazzotti,,,,,0,,,,,,completed,
1400,2026-03-09 15:47:34.699902+00,,Barrio Fino Part Hades66,Jc Reyes,,,,,0,,,,,,completed,
1401,2026-03-09 15:47:37.224147+00,,Roto Por Dentro Part Recycled J,Natos Y Waor,,,,,0,,,,,,completed,
1402,2026-03-09 15:47:45.86627+00,,1099815,Umberto Tozzi,,,,,0,,,,,,completed,
1403,2026-03-09 15:47:54.593952+00,,420572,Ana Belen,,,,,0,,,,,,completed,
1404,2026-03-09 15:47:57.126426+00,,814033,Manolo Escobar,,,,,0,,,,,,completed,
1405,2026-03-09 15:47:59.487456+00,,1366781,Los Chichos,,,,,0,,,,,,completed,
1406,2026-03-09 15:48:02.224622+00,,1611136,Loquillo Los Trogloditas,,,,,0,,,,,,completed,
1407,2026-03-09 15:48:06.240678+00,,Dame Veneno,Los Chunguitos,,,,,0,,,,,,completed,
1408,2026-03-09 15:48:11.865666+00,,Una Vez En Diciembre Espana,Anastasia,,,,,0,,,,,,completed,
1409,2026-03-09 15:48:25.596872+00,,676206,Wisin Yandel,,,,,0,,,,,,completed,
1410,2026-03-09 15:48:37.058075+00,,Aqui Estoy,Lucho Rk,,,,,0,,,,,,completed,
1411,2026-03-09 15:48:43.049308+00,,1080477,Sevillanas Rocieras,,,,,0,,,,,,completed,
1412,2026-03-09 15:48:46.577039+00,,No Hay Lugar Mas Grande,Miel San Marcos,,,,,0,,,,,,completed,
1413,2026-03-09 15:48:48.97836+00,,Envidia Part El Wiwi Yyy891 Cybernene Roomtrash6 Y 8Belial,Disobey,,,,,0,,,,,,completed,
1414,2026-03-09 15:48:58.143949+00,,132253,Joaquin Sabina,,,,,0,,,,,,completed,
1415,2026-03-09 15:49:02.351195+00,,437844,Antonio Vega,,,,,0,,,,,,completed,
1416,2026-03-09 15:49:04.796222+00,,825231,Siempre Asi,,,,,0,,,,,,completed,
1417,2026-03-09 15:49:07.254485+00,,Aerobico Remix Part Duki Milo J Y Lit Killah,Bhavi,,,,,0,,,,,,completed,
1418,2026-03-09 15:49:12.196402+00,,Sky,Omar Courtz,,,,,0,,,,,,completed,
1419,2026-03-09 15:49:16.189632+00,,78524,La Oreja De Van Gogh Musicas,,,,,0,,,,,,completed,
1420,2026-03-09 15:49:18.327112+00,,194838,Mecano,,,,,0,,,,,,completed,
1421,2026-03-09 15:49:22.424673+00,,Se Preparo,Ozuna,,,,,0,,,,,,completed,
1422,2026-03-09 15:49:25.80957+00,,Eta Rmx Part De La Rose Luar La L Yan Block Y Omar Courtz,Roa,,,,,0,,,,,,completed,
1423,2026-03-09 15:49:34.962966+00,,La Promessa,Melendi,,,,,0,,,,,,completed,
1424,2026-03-09 15:49:43.112954+00,,Bendiciones,Cyril Kamer,,,,,0,,,,,,completed,
1425,2026-03-09 15:49:47.926814+00,,Primer Amor,Malu,,,,,0,,,,,,completed,
1426,2026-03-09 15:49:50.778616+00,,Algo Tu Part Beele,Shakira,,,,,0,,,,,,completed,
1427,2026-03-09 15:49:58.09148+00,,Llegare A Ser El Mejor,Pokemon,,,,,0,,,,,,completed,
1428,2026-03-09 15:50:06.105561+00,,Rebelde,Arce,,,,,0,,,,,,completed,
1429,2026-03-09 15:50:12.743258+00,,1352703,Concha Piquer,,,,,0,,,,,,completed,
1430,2026-03-09 15:50:16.556055+00,,Te Bote Remix,Nio Garcia,,,,,0,,,,,,completed,
1431,2026-03-09 15:50:18.994375+00,,Sola Remix Part Daddy Yankee Wisin Farruko Zion Y Lennox,Anuel,,,,,0,,,,,,completed,
1432,2026-03-09 15:50:21.401825+00,,Ojitos Lindos Part Bomba Estereo,Bad Bunny,,,,,0,,,,,,completed,
1433,2026-03-09 15:50:27.045755+00,,Pxg Vs Bastard Munchen Blue Lock Liga Neo Egoista 4,Megar,,,,,0,,,,,,completed,
1434,2026-03-09 15:50:33.266864+00,,907046,Miguel Rios,,,,,0,,,,,,completed,
1435,2026-03-09 15:50:38.707066+00,,Canto A La Libertad,Jose Antonio Labordeta,,,,,0,,,,,,completed,
1436,2026-03-09 15:50:47.99066+00,,La Playa,La Oreja De Van Gogh Musicas,,,,,0,,,,,,completed,
1437,2026-03-09 15:50:51.783717+00,,Los Amigos,Jose Luis Rodriguez,,,,,0,,,,,,completed,
1438,2026-03-09 15:50:54.586416+00,,Ojos De Angel Part O A,Anuel,,,,,0,,,,,,completed,
1439,2026-03-09 15:51:01.567951+00,,518157,Luz Casal,,,,,0,,,,,,completed,
1440,2026-03-09 15:51:05.738677+00,,Mi Marciana,Alejandro Sanz,,,,,0,,,,,,completed,
1441,2026-03-09 15:51:11.284494+00,,Residente Bzrp Music Sessions 49,Bizarrap,,,,,0,,,,,,completed,
1442,2026-03-09 15:51:13.839712+00,,La Ultima,Aitana,,,,,0,,,,,,completed,
1443,2026-03-09 15:51:16.024246+00,,El Poder Del Arte,Robe Iniesta,,,,,0,,,,,,completed,
1444,2026-03-09 15:51:21.051461+00,,Valle Salvaje,St Pedro,,,,,0,,,,,,completed,
1445,2026-03-09 15:51:23.498641+00,,Nexo 01 Me Acuerdo De Ti,Nil Moliner,,,,,0,,,,,,completed,
1446,2026-03-09 15:51:36.098469+00,,1405474,Ecos Del Rocio,,,,,0,,,,,,completed,
1447,2026-03-09 15:51:38.864326+00,,30278,Laura Pausini,,,,,0,,,,,,completed,
1448,2026-03-09 15:51:43.887473+00,,Sauvignon Blanc,Rosalia,,,,,0,,,,,,completed,
1449,2026-03-09 15:51:49.839385+00,,1863116,Pablo Alboran,,,,,0,,,,,,completed,
1450,2026-03-09 15:51:56.024094+00,,Si No Vas A Volver,Aitana,,,,,0,,,,,,completed,
1451,2026-03-09 15:51:58.197459+00,,Pasion,Eugenio Jl,,,,,0,,,,,,completed,
1452,2026-03-09 15:52:00.734387+00,,No_Se_Vemp3 Part Ludmilla,Emilia Mernes,,,,,0,,,,,,completed,
1453,2026-03-09 15:52:08.385273+00,,Mi Primer Beso,Melendi,,,,,0,,,,,,completed,
1454,2026-03-09 15:52:18.500803+00,,Quince Anos Tiene Mi Amor,Duo Dinamico,,,,,0,,,,,,completed,
1455,2026-03-09 15:52:25.097149+00,,Reliquia,Rosalia,,,,,0,,,,,,completed,
1456,2026-03-09 15:52:27.576499+00,,Kawasaki,Santos Bravos,,,,,0,,,,,,completed,
1457,2026-03-09 15:52:36.488598+00,,Lo Volveria A Hacer Part Salma,Queralt Lahoz,,,,,0,,,,,,completed,
1458,2026-03-09 15:52:38.898193+00,,Bamboleo,Raya Real,,,,,0,,,,,,completed,
1459,2026-03-09 15:52:50.075631+00,,Mariposas Part Pablo Alboran,Marc Segui,,,,,0,,,,,,completed,
1460,2026-03-09 15:52:54.703614+00,,139992,Duo Dinamico,,,,,0,,,,,,completed,
1461,2026-03-09 15:52:58.103858+00,,Carmen,Los Chunguitos,,,,,0,,,,,,completed,
1462,2026-03-09 15:53:06.253095+00,,699802,Rosendo,,,,,0,,,,,,completed,
1463,2026-03-09 15:53:11.162385+00,,Sueltalo,Gisela,,,,,0,,,,,,completed,
1464,2026-03-09 15:53:13.956662+00,,Alma Y Corazon Part Sfdk Y Morodo,Beret,,,,,0,,,,,,completed,
1465,2026-03-09 15:53:21.590843+00,,De Ellos Aprendi,David Rees,,,,,0,,,,,,completed,
1466,2026-03-09 15:53:23.998777+00,,337967,Bebe,,,,,0,,,,,,completed,
1467,2026-03-09 15:53:26.963995+00,,Bachaton Part Noriel,Mar Lucas,,,,,0,,,,,,completed,
1468,2026-03-09 15:53:35.754238+00,,Veinticinco,Dani Martin,,,,,0,,,,,,completed,
1469,2026-03-09 15:53:43.708121+00,,Nadie Mas Te La Cree,Beret,,,,,0,,,,,,completed,
1470,2026-03-09 15:53:49.60211+00,,1611142,Loquillo Los Trogloditas,,,,,0,,,,,,completed,
1471,2026-03-09 15:53:51.989625+00,,Me Hace Mal Part J Abecia,Lia Kali,,,,,0,,,,,,completed,
1472,2026-03-09 15:53:54.749514+00,,Que Duela Bien,Ruslana Esp,,,,,0,,,,,,completed,
1473,2026-03-09 15:53:57.226909+00,,Besos Dorados Part Pablo Alboran,Antony Z,,,,,0,,,,,,completed,
1474,2026-03-09 15:53:59.667151+00,,354696,Manolo Garcia,,,,,0,,,,,,completed,
1475,2026-03-09 15:54:02.182646+00,,De Madruga,Rosalia,,,,,0,,,,,,completed,
1476,2026-03-09 15:54:04.596174+00,,Me Has Invitado A Bailar,Dani Fernandez,,,,,0,,,,,,completed,
1477,2026-03-09 15:54:14.482452+00,,76488,Diego Torres Musicas,,,,,0,,,,,,completed,
1478,2026-03-09 15:54:21.059305+00,,Bailando,Enrique Iglesias,,,,,0,,,,,,completed,
1479,2026-03-09 15:54:25.999774+00,,Esa Diva,Melody Ruiz,,,,,0,,,,,,completed,
1480,2026-03-09 15:54:29.527528+00,,Inocente,Samurai,,,,,0,,,,,,completed,
1481,2026-03-09 15:54:33.267255+00,,Con La Miel En Los Labios,Aitana,,,,,0,,,,,,completed,
1482,2026-03-09 15:54:38.033181+00,,Ciclo Sin Fin,Sofia Carson,,,,,0,,,,,,completed,
1483,2026-03-09 15:54:41.605238+00,,13068,Estopa,,,,,0,,,,,,completed,
1484,2026-03-09 15:54:44.14177+00,,Largate,Ana Mena,,,,,0,,,,,,completed,
1485,2026-03-09 15:54:49.398418+00,,1611140,Loquillo Los Trogloditas,,,,,0,,,,,,completed,
1486,2026-03-09 15:54:53.148621+00,,1259018,Ricky Martin,,,,,0,,,,,,completed,
1487,2026-03-09 15:54:56.933869+00,,1768925,Melendi,,,,,0,,,,,,completed,
1488,2026-03-09 15:55:01.512672+00,,990545,Ecos Del Rocio,,,,,0,,,,,,completed,
1489,2026-03-09 15:55:07.927739+00,,Blackout Part Tini Y Nicki Nicole,Emilia Mernes,,,,,0,,,,,,completed,
1490,2026-03-09 15:55:17.253424+00,,Magnolias,Rosalia,,,,,0,,,,,,completed,
1491,2026-03-09 15:55:28.917968+00,,168184,Pereza,,,,,0,,,,,,completed,
1492,2026-03-09 15:55:38.059497+00,,Dios Es Un Stalker,Rosalia,,,,,0,,,,,,completed,
1493,2026-03-09 15:55:44.111655+00,,Ya Me Entere,Reik,,,,,0,,,,,,completed,
1494,2026-03-09 15:55:47.653603+00,,Cuando Hables Con El,Aitana,,,,,0,,,,,,completed,
1495,2026-03-09 15:55:49.852657+00,,Se Esa Mujer Valiente,Alba Leticia,,,,,0,,,,,,completed,
1496,2026-03-09 15:56:02.564251+00,,1769774,Dani Martin,,,,,0,,,,,,completed,
1497,2026-03-09 15:56:06.333989+00,,Cuando Empezare A Vivir,Danna Paola,,,,,0,,,,,,completed,
1498,2026-03-09 15:56:09.875314+00,,1611096,Loquillo Los Trogloditas,,,,,0,,,,,,completed,
1499,2026-03-09 15:56:14.382306+00,,70397,Shakira,,,,,0,,,,,,completed,
1500,2026-03-09 15:56:16.803082+00,,Ay Paquita,Rosalia,,,,,0,,,,,,completed,
1501,2026-03-09 15:56:20.325762+00,,Mayores,Becky G,,,,,0,,,,,,completed,
1502,2026-03-09 15:56:24.887949+00,,Nexo 04 Tu Cuerpo En Braille,Nil Moliner,,,,,0,,,,,,completed,
1503,2026-03-09 15:56:32.566927+00,,Racha De Perdidas,Hazbin Hotel,,,,,0,,,,,,completed,
1504,2026-03-09 15:56:34.99659+00,,Cancion De Meg,Melody Ruiz,,,,,0,,,,,,completed,
1505,2026-03-09 15:56:37.235085+00,,Que Hay Mas Alla,Maria Parrado,,,,,0,,,,,,completed,
1506,2026-03-09 15:56:42.442115+00,,Farsante Part Osquitar,Karina Y Marina,,,,,0,,,,,,completed,
1507,2026-03-09 15:56:53.801829+00,,1926256,Maria Carrasco,,,,,0,,,,,,completed,
1508,2026-03-09 15:56:59.344079+00,,1308656,Rosario Flores,,,,,0,,,,,,completed,
1509,2026-03-09 15:57:05.872125+00,,1505287,Shakira,,,,,0,,,,,,completed,
1510,2026-03-09 15:57:08.651623+00,,1758333,Shakira,,,,,0,,,,,,completed,
1511,2026-03-09 15:57:16.860603+00,,343837,Gisela,,,,,0,,,,,,completed,
1512,2026-03-09 15:57:19.338916+00,,Vidas Pasadas,Veintiuno,,,,,0,,,,,,completed,
1513,2026-03-09 15:57:23.200005+00,,Dos Oruguitas,Sebastian Yatra,,,,,0,,,,,,completed,
1514,2026-03-09 15:57:28.425654+00,,El Bano,Enrique Iglesias,,,,,0,,,,,,completed,
1515,2026-03-09 15:57:35.585927+00,,Saraluna,Melendi,,,,,0,,,,,,completed,
1516,2026-03-09 15:57:38.470048+00,,Cristina,Sebastian Yatra,,,,,0,,,,,,completed,
1517,2026-03-09 15:57:43.28757+00,,El Anillo,Jennifer Lopez,,,,,0,,,,,,completed,
1518,2026-03-09 15:57:46.699431+00,,El Sitio De Mi Recreo,Claudia Arenas,,,,,0,,,,,,completed,
1519,2026-03-09 15:57:50.547845+00,,1366796,Los Chichos,,,,,0,,,,,,completed,
1520,2026-03-09 15:57:52.985767+00,,572440,Los Nikis,,,,,0,,,,,,completed,
1521,2026-03-09 15:57:56.482951+00,,11 Razones,Aitana,,,,,0,,,,,,completed,
1522,2026-03-09 15:58:02.625413+00,,Pinterest Spanish Version,Anitta,,,,,0,,,,,,completed,
1523,2026-03-09 15:58:10.590044+00,,1405305,Ecos Del Rocio,,,,,0,,,,,,completed,
1524,2026-03-09 15:58:16.549611+00,,811546,Fran Perea,,,,,0,,,,,,completed,
1525,2026-03-09 15:58:21.864548+00,,1069342,Rosendo,,,,,0,,,,,,completed,
1526,2026-03-09 15:58:26.769396+00,,Solo Tienes Que Avisar,Dani Fernandez,,,,,0,,,,,,completed,
1527,2026-03-09 15:58:30.271875+00,,1405482,Ecos Del Rocio,,,,,0,,,,,,completed,
1528,2026-03-09 15:58:40.933762+00,,El Patio,Pablo Lopez,,,,,0,,,,,,completed,
1529,2026-03-09 15:58:47.260917+00,,El Achantado,Juliana Velasquez,,,,,0,,,,,,completed,
1530,2026-03-09 15:59:00.482594+00,,Lagrimas Desordenadas,Melendi,,,,,0,,,,,,completed,
1531,2026-03-09 15:59:04.476137+00,,905463,Antonio Banderas,,,,,0,,,,,,completed,
1532,2026-03-09 15:59:08.936932+00,,Ni Una Mas,Aitana,,,,,0,,,,,,completed,
1533,2026-03-09 15:59:11.678242+00,,1753321,Malu,,,,,0,,,,,,completed,
1534,2026-03-09 15:59:19.488577+00,,La Rumba Del Perdon Part Estrella Morente Y Silvia Perez Cruz,Rosalia,,,,,0,,,,,,completed,
1535,2026-03-09 15:59:25.229348+00,,1330365,Nena Daconte,,,,,0,,,,,,completed,
1536,2026-03-09 15:59:30.07041+00,,1000Cosas Part Manuel Turizo,Lola Indigo,,,,,0,,,,,,completed,
1537,2026-03-09 15:59:36.349935+00,,Volare,Danny Ocean,,,,,0,,,,,,completed,
1538,2026-03-09 15:59:46.252615+00,,Eva Maria,Formula V,,,,,0,,,,,,completed,
1539,2026-03-09 15:59:48.716556+00,,Novia Robot,Rosalia,,,,,0,,,,,,completed,
1540,2026-03-09 15:59:52.49086+00,,Maneras,Ruslana Esp,,,,,0,,,,,,completed,
1541,2026-03-09 15:59:56.021453+00,,Tacones Rojos,Sebastian Yatra,,,,,0,,,,,,completed,
1542,2026-03-09 15:59:58.834251+00,,63353,Las Ketchup,,,,,0,,,,,,completed,
1543,2026-03-09 16:00:04.686147+00,,30270,Laura Pausini,,,,,0,,,,,,completed,
1544,2026-03-09 16:00:09.573615+00,,1157743,Jose Merce,,,,,0,,,,,,completed,
1545,2026-03-09 16:00:13.284773+00,,140163,La Quinta Estacion,,,,,0,,,,,,completed,
1546,2026-03-09 16:00:18.142381+00,,1 1 Son 7,Fran Perea,,,,,0,,,,,,completed,
1547,2026-03-09 16:00:21.76392+00,,Luciernagas,Enol,,,,,0,,,,,,completed,
1548,2026-03-09 16:00:33.975247+00,,182030,Fran Perea,,,,,0,,,,,,completed,
1549,2026-03-09 16:00:49.032148+00,,Eterna,Ruslana Esp,,,,,0,,,,,,completed,
1550,2026-03-09 16:00:54.131739+00,,Capaz Merengueton Part Yorghaki,Alleh Ve,,,,,0,,,,,,completed,
1551,2026-03-09 16:00:59.770773+00,,526713,Falete,,,,,0,,,,,,completed,
1552,2026-03-09 16:01:02.152005+00,,Postdata,Melendi,,,,,0,,,,,,completed,
1553,2026-03-09 16:01:08.364262+00,,546044,Venegas Julieta,,,,,0,,,,,,completed,
1554,2026-03-09 16:01:19.216749+00,,Despecha De Lao A Lao,Rosalia,,,,,0,,,,,,completed,
1555,2026-03-09 16:01:27.360361+00,,361703,Rosana Arbelo,,,,,0,,,,,,completed,
1556,2026-03-09 16:01:38.191285+00,,Si Me Voy Cups,Paula Rojo,,,,,0,,,,,,completed,
1557,2026-03-09 16:01:41.346198+00,,354676,Manolo Garcia,,,,,0,,,,,,completed,
1558,2026-03-09 16:01:43.731492+00,,Mi Religion,Nil Moliner,,,,,0,,,,,,completed,
1559,2026-03-09 16:01:47.184623+00,,577957,Robbie Williams,,,,,0,,,,,,completed,
1560,2026-03-09 16:01:49.654335+00,,1863115,Pablo Alboran,,,,,0,,,,,,completed,
1561,2026-03-09 16:01:56.781544+00,,Me Vuelves Puto Loco,Dani Martin,,,,,0,,,,,,completed,
1562,2026-03-09 16:01:59.123313+00,,1329094,Navajita Platea,,,,,0,,,,,,completed,
1563,2026-03-09 16:02:05.275329+00,,Yo Te Esperare,Cali Y El Dandee,,,,,0,,,,,,completed,
1564,2026-03-09 16:02:09.543567+00,,El Ultimo Dia De Nuestras Vidas,Dani Martin,,,,,0,,,,,,completed,
1565,2026-03-09 16:02:16.291555+00,,Y Si Lo Hacemos,Dani Fernandez,,,,,0,,,,,,completed,
1566,2026-03-09 16:02:18.660303+00,,Abcdefg,Rosalia,,,,,0,,,,,,completed,
1567,2026-03-09 16:02:27.177253+00,,Tattoo Spanish Version,Kevin Karla Labanda,,,,,0,,,,,,completed,
1568,2026-03-09 16:02:43.922026+00,,Esa Carita,Conciencia Animal E Styben Arias,,,,,0,,,,,,completed,
1569,2026-03-09 16:02:54.879051+00,,Toro,El Columpio Asesino,,,,,0,,,,,,completed,
1570,2026-03-09 16:02:57.268146+00,,Otra Vez,Claudia Arenas,,,,,0,,,,,,completed,
1571,2026-03-09 16:03:02.128952+00,,829349,Fresones Rebeldes,,,,,0,,,,,,completed,
1572,2026-03-09 16:03:05.901573+00,,Suenos De Libertad,Malu,,,,,0,,,,,,completed,
1573,2026-03-09 16:03:10.945583+00,,Tan Facil,K4Os,,,,,0,,,,,,completed,
1574,2026-03-09 16:03:16.749471+00,,Telepatia,Kali Uchis,,,,,0,,,,,,completed,
1575,2026-03-09 16:03:19.089704+00,,Destino O Casualidad,Melendi,,,,,0,,,,,,completed,
1576,2026-03-09 16:03:29.32408+00,,Hacer Historia,K4Os,,,,,0,,,,,,completed,
1577,2026-03-09 16:03:36.132752+00,,1126838,Melendi,,,,,0,,,,,,completed,
1578,2026-03-09 16:03:42.613954+00,,1957795,Pablo Alboran,,,,,0,,,,,,completed,
1579,2026-03-09 16:03:45.323788+00,,18830,Enrique Iglesias,,,,,0,,,,,,completed,
1580,2026-03-09 16:03:49.036977+00,,Marioneta,Andy Morales,,,,,0,,,,,,completed,
1581,2026-03-09 16:03:51.801439+00,,Libertad,Nil Moliner,,,,,0,,,,,,completed,
1582,2026-03-09 16:03:56.968772+00,,La Reina Remix Part Maria Becerra Y Villano Antillano,Lola Indigo,,,,,0,,,,,,completed,
1583,2026-03-09 16:04:00.407951+00,,Fresa Part Lalo Ebratt,Martina Stoessel,,,,,0,,,,,,completed,
1584,2026-03-09 16:04:03.776782+00,,Somos Mas Part Carlos Vives Wisin Y Xavi,Emilia Mernes,,,,,0,,,,,,completed,
1585,2026-03-09 16:04:10.044378+00,,Lose Baby Version Espanol,Hazbin Hotel,,,,,0,,,,,,completed,
1586,2026-03-09 16:04:18.475127+00,,Irremediable Part Siloe,Veintiuno,,,,,0,,,,,,completed,
1587,2026-03-09 16:04:24.375446+00,,1611171,Loquillo Los Trogloditas,,,,,0,,,,,,completed,
1588,2026-03-09 16:04:29.899662+00,,Las Cosas Pequenitas,Marta Santos,,,,,0,,,,,,completed,
1589,2026-03-09 16:04:32.649811+00,,Las Guapas No Morimos De Verdad,Ruslana Esp,,,,,0,,,,,,completed,
1590,2026-03-09 16:04:37.679132+00,,Intimidad,Vanesa Martin,,,,,0,,,,,,completed,
1591,2026-03-09 16:04:40.003204+00,,35922,Shakira,,,,,0,,,,,,completed,
1592,2026-03-09 16:04:42.393543+00,,En Los Espejos,Samurai,,,,,0,,,,,,completed,
1593,2026-03-09 16:04:44.818326+00,,Cuarto Azul,Aitana,,,,,0,,,,,,completed,
1594,2026-03-09 16:04:47.163678+00,,361705,Rosana Arbelo,,,,,0,,,,,,completed,
1595,2026-03-09 16:05:00.97478+00,,En Cambio No,Operacion Triunfo,,,,,0,,,,,,completed,
1596,2026-03-09 16:05:03.328757+00,,Bailando Bachata,Chayanne,,,,,0,,,,,,completed,
1597,2026-03-09 16:05:08.354062+00,,1366789,Los Chichos,,,,,0,,,,,,completed,
1598,2026-03-09 16:05:11.030668+00,,1131110,Maria Conchita Alonso,,,,,0,,,,,,completed,
1599,2026-03-09 16:05:14.77887+00,,Me Rehuso,Danny Ocean,,,,,0,,,,,,completed,
1600,2026-03-09 16:05:18.529392+00,,Ese Lugar,Operacion Triunfo,,,,,0,,,,,,completed,
1601,2026-03-09 16:05:27.277872+00,,Tu Refugio,Max Navarro,,,,,0,,,,,,completed,
1602,2026-03-09 16:05:35.296447+00,,Lo Saben Mis Zapatos,Pablo Lopez,,,,,0,,,,,,completed,
1603,2026-03-09 16:05:40.723597+00,,Mirando Al Mar,Jorge Sepulveda,,,,,0,,,,,,completed,
1604,2026-03-09 16:05:45.791337+00,,Mon Amour Part Aitana Remix,Zzoilo,,,,,0,,,,,,completed,
1605,2026-03-09 16:05:51.317482+00,,Volvera 2021,Dani Martin,,,,,0,,,,,,completed,
1606,2026-03-09 16:05:53.997684+00,,13070,Estopa,,,,,0,,,,,,completed,
1607,2026-03-09 16:05:59.366873+00,,98936,Aleks Syntek E La Gente Normal,,,,,0,,,,,,completed,
1608,2026-03-09 16:06:07.269604+00,,Yamaguchi,Amaia Romero,,,,,0,,,,,,completed,
1609,2026-03-09 16:06:09.69816+00,,134521,Andy E Lucas,,,,,0,,,,,,completed,
1610,2026-03-09 16:06:14.776687+00,,Es Tan Facil,Chanel,,,,,0,,,,,,completed,
1611,2026-03-09 16:06:17.156647+00,,Tengo Un Pensamiento,Amaia Romero,,,,,0,,,,,,completed,
1612,2026-03-09 16:06:19.735135+00,,81236,Rosario Flores,,,,,0,,,,,,completed,
1613,2026-03-09 16:06:23.247854+00,,Cuando Sera,Aitana,,,,,0,,,,,,completed,
1614,2026-03-09 16:06:25.615042+00,,Chantaje,Shakira,,,,,0,,,,,,completed,
1615,2026-03-09 16:06:28.349325+00,,66658,Chayanne,,,,,0,,,,,,completed,
1616,2026-03-09 16:06:32.54465+00,,1611100,Loquillo Los Trogloditas,,,,,0,,,,,,completed,
1617,2026-03-09 16:06:34.933747+00,,1020177,Chiquetete,,,,,0,,,,,,completed,
1618,2026-03-09 16:06:41.903523+00,,1366771,Los Chichos,,,,,0,,,,,,completed,
1619,2026-03-09 16:06:44.664819+00,,Tutto Passa,Enol,,,,,0,,,,,,completed,
1620,2026-03-09 16:06:47.389414+00,,Vox Populi Version En Espanol,Hazbin Hotel,,,,,0,,,,,,completed,
1621,2026-03-09 16:06:51.121766+00,,Rodolfo Chikilicuatre Baila El Chiki Chiki,Eurovision,,,,,0,,,,,,completed,
1622,2026-03-09 16:06:53.58357+00,,1754624,Melendi,,,,,0,,,,,,completed,
1623,2026-03-09 16:06:58.977462+00,,Favorito,Nicole Zignago,,,,,0,,,,,,completed,
1624,2026-03-09 16:07:01.692423+00,,Tenemos Universo De Sobra,Vanesa Martin,,,,,0,,,,,,completed,
1625,2026-03-09 16:07:04.038641+00,,Pa,Martina Stoessel,,,,,0,,,,,,completed,
1626,2026-03-09 16:07:08.056935+00,,Bala Perdida,Beret,,,,,0,,,,,,completed,
1627,2026-03-09 16:07:11.843856+00,,Rara Vez Part Milo J,Taiu,,,,,0,,,,,,completed,
1628,2026-03-09 16:07:16.866475+00,,Porque Queramos Vernos,Vanesa Martin,,,,,0,,,,,,completed,
1629,2026-03-09 16:07:21.90847+00,,Losin Streak Version En Espanol,Hazbin Hotel,,,,,0,,,,,,completed,
1630,2026-03-09 16:07:24.321358+00,,La Despedida Part Dani Fernandez,Samurai,,,,,0,,,,,,completed,
1631,2026-03-09 16:07:27.779453+00,,1251742,Estopa,,,,,0,,,,,,completed,
1632,2026-03-09 16:07:31.564225+00,,1607260,Pereza,,,,,0,,,,,,completed,
1633,2026-03-09 16:07:36.65421+00,,Hear My Hope Version En Espanol,Hazbin Hotel,,,,,0,,,,,,completed,
1634,2026-03-09 16:07:40.178682+00,,Con Las Cartas En La Mesa El Encuentro,Javi Medina,,,,,0,,,,,,completed,
1635,2026-03-09 16:07:43.654269+00,,Hentai,Rosalia,,,,,0,,,,,,completed,
1636,2026-03-09 16:07:46.004981+00,,Para Mi Mejor Amiga,Mafalda Cardenal,,,,,0,,,,,,completed,
1637,2026-03-09 16:07:48.725374+00,,1366790,Los Chichos,,,,,0,,,,,,completed,
1638,2026-03-09 16:07:52.522029+00,,Love In A Bottle Version En Espanol,Hazbin Hotel,,,,,0,,,,,,completed,
1639,2026-03-09 16:07:54.924959+00,,Conexion Psiquica,Aitana,,,,,0,,,,,,completed,
1640,2026-03-09 16:07:58.761834+00,,1657385,Los Secretos,,,,,0,,,,,,completed,
1641,2026-03-09 16:08:02.906403+00,,Tiroteo,Marc Segui,,,,,0,,,,,,completed,
1642,2026-03-09 16:08:08.73465+00,,Todo Cambia,Dani Fernandez,,,,,0,,,,,,completed,
1643,2026-03-09 16:08:12.492352+00,,Nana Triste,Natalia Lacunza,,,,,0,,,,,,completed,
1644,2026-03-09 16:08:17.976978+00,,No Hay Nadie Mas,Sebastian Yatra,,,,,0,,,,,,completed,
1645,2026-03-09 16:08:30.838522+00,,280919,Formula V,,,,,0,,,,,,completed,
1646,2026-03-09 16:08:33.580345+00,,1123361,Melocos,,,,,0,,,,,,completed,
1647,2026-03-09 16:08:36.996982+00,,Iii Cruel Final,Violeta Hodar,,,,,0,,,,,,completed,
1648,2026-03-09 16:08:41.080695+00,,Quedate Conmigo,Pastora Soler,,,,,0,,,,,,completed,
1649,2026-03-09 16:08:45.856189+00,,Bailemos,Dani Fernandez,,,,,0,,,,,,completed,
1650,2026-03-09 16:08:48.550471+00,,Mi Amor Part Xross Y Rei,Maria Becerra,,,,,0,,,,,,completed,
1651,2026-03-09 16:08:51.008138+00,,73678,Cafe Quijano,,,,,0,,,,,,completed,
1652,2026-03-09 16:08:54.183994+00,,366973,Melendi,,,,,0,,,,,,completed,
1653,2026-03-09 16:08:59.42388+00,,Ojala,Beret,,,,,0,,,,,,completed,
1654,2026-03-09 16:09:01.812509+00,,Como Yegua Brava,Los Chunguitos,,,,,0,,,,,,completed,
1655,2026-03-09 16:09:09.277204+00,,Tocame,Alvaro Mayo,,,,,0,,,,,,completed,
1656,2026-03-09 16:09:19.524349+00,,Cero,Dani Martin,,,,,0,,,,,,completed,
1657,2026-03-09 16:09:24.329522+00,,Quisiera Ser,Duo Dinamico,,,,,0,,,,,,completed,
1658,2026-03-09 16:09:30.365771+00,,1921529,Shakira,,,,,0,,,,,,completed,
1659,2026-03-09 16:09:39.512352+00,,Madre Tierra,Chayanne,,,,,0,,,,,,completed,
1660,2026-03-09 16:09:46.632001+00,,Al Pan Pan Y Al Vino Vino Voy A Dar Este Mensaje Cuples,La Comparsa De Jesus Bienvenido,,,,,0,,,,,,completed,
1661,2026-03-09 16:09:49.043437+00,,Ni Una Mas 2,Aitana,,,,,0,,,,,,completed,
1662,2026-03-09 16:09:57.581697+00,,203703,Estopa,,,,,0,,,,,,completed,
1663,2026-03-09 16:10:03.31922+00,,1049440,Melendi,,,,,0,,,,,,completed,
1664,2026-03-09 16:10:07.883301+00,,Soltera Part Anitta Danna Paola Y Lele Pons,Shakira,,,,,0,,,,,,completed,
1665,2026-03-09 16:10:10.300412+00,,127187,Los Inhumanos,,,,,0,,,,,,completed,
1666,2026-03-09 16:10:17.914487+00,,Los Charcos,Dani Martin,,,,,0,,,,,,completed,
1667,2026-03-09 16:10:24.018451+00,,80209,Laura Pausini,,,,,0,,,,,,completed,
1668,2026-03-09 16:10:26.388858+00,,Mucho Mas Alla,Gisela,,,,,0,,,,,,completed,
1669,2026-03-09 16:10:29.788996+00,,Te Felicito Part Rauw Alejandro,Shakira,,,,,0,,,,,,completed,
1670,2026-03-09 16:10:32.133541+00,,1366791,Los Chichos,,,,,0,,,,,,completed,
1671,2026-03-09 16:10:34.548385+00,,Dembow,Danny Ocean,,,,,0,,,,,,completed,
1672,2026-03-09 16:10:39.289386+00,,Flores,Beret,,,,,0,,,,,,completed,
1673,2026-03-09 16:10:43.075348+00,,Sin Pijama Part Natti Natasha,Becky G,,,,,0,,,,,,completed,
1674,2026-03-09 16:10:45.410127+00,,La Ironia Del Querer,Samurai,,,,,0,,,,,,completed,
1675,2026-03-09 16:10:48.752238+00,,Tequilas,Adexe Y Nau,,,,,0,,,,,,completed,
1676,2026-03-09 16:10:52.497715+00,,Bomba De Amor,Luna Ki,,,,,0,,,,,,completed,
1677,2026-03-09 16:10:57.947834+00,,Akureyri Part Aitana,Sebastian Yatra,,,,,0,,,,,,completed,
1678,2026-03-09 16:11:00.670505+00,,Dile A Los Demas,Dani Fernandez,,,,,0,,,,,,completed,
1679,2026-03-09 16:11:03.415623+00,,La Cancion Que No Quiero Cantarte Part Aitana,Amaia Romero,,,,,0,,,,,,completed,
1680,2026-03-09 16:11:06.146376+00,,Subeme La Radio,Enrique Iglesias,,,,,0,,,,,,completed,
1681,2026-03-09 16:11:15.047644+00,,Mala Fama,Danna Paola,,,,,0,,,,,,completed,
1682,2026-03-09 16:11:18.594179+00,,Gravedad Version En Espanol De Europeo,Hazbin Hotel,,,,,0,,,,,,completed,
1683,2026-03-09 16:11:21.350137+00,,Wellerman Version En Espanol,Hermoti,,,,,0,,,,,,completed,
1684,2026-03-09 16:11:24.614427+00,,Mundo Nuevo,Rosalia,,,,,0,,,,,,completed,
1685,2026-03-09 16:11:29.4269+00,,Sin Senal,Quevedo,,,,,0,,,,,,completed,
1686,2026-03-09 16:11:32.229529+00,,Te Bote,Bad Bunny,,,,,0,,,,,,pending,
1687,2026-03-09 16:11:34.579891+00,,Asi Me Tienes Tu,La Reina Del Flow,,,,,0,,,,,,completed,
1688,2026-03-09 16:11:37.000789+00,,Champagne Part Lenny Tavarez,Justin Quiles,,,,,0,,,,,,completed,